ISO-10303-21;
HEADER;
/* Generated by software containing ST-Developer
 * from STEP Tools, Inc. (www.steptools.com) 
 */

FILE_DESCRIPTION(
/* description */ (''),
/* implementation_level */ '2;1');

FILE_NAME(
/* name */ 'EverestStudiosSpotifyDisplayFront.step',
/* time_stamp */ '2026-05-29T20:53:25-07:00',
/* author */ (''),
/* organization */ (''),
/* preprocessor_version */ 'ST-DEVELOPER v20.1',
/* originating_system */ 'Autodesk Translation Framework v15.8.0.0',
/* authorisation */ '');

FILE_SCHEMA (('AUTOMOTIVE_DESIGN { 1 0 10303 214 3 1 1 }'));
ENDSEC;

DATA;
#10=MECHANICAL_DESIGN_GEOMETRIC_PRESENTATION_REPRESENTATION('',(#13),#14627);
#11=SHAPE_REPRESENTATION_RELATIONSHIP('SRR','None',#14634,#12);
#12=ADVANCED_BREP_SHAPE_REPRESENTATION('',(#14),#14626);
#13=STYLED_ITEM('',(#14643),#14);
#14=MANIFOLD_SOLID_BREP('Body1',#7545);
#15=SPHERICAL_SURFACE('',#7756,5.);
#16=SPHERICAL_SURFACE('',#7777,5.);
#17=CYLINDRICAL_SURFACE('',#7700,3.65);
#18=CYLINDRICAL_SURFACE('',#7703,0.5);
#19=CYLINDRICAL_SURFACE('',#7707,0.5);
#20=CYLINDRICAL_SURFACE('',#7711,0.5);
#21=CYLINDRICAL_SURFACE('',#7715,0.5);
#22=CYLINDRICAL_SURFACE('',#7719,0.5);
#23=CYLINDRICAL_SURFACE('',#7723,0.499999999999998);
#24=CYLINDRICAL_SURFACE('',#7727,0.5);
#25=CYLINDRICAL_SURFACE('',#7731,0.499999999999998);
#26=CYLINDRICAL_SURFACE('',#7735,0.5);
#27=CYLINDRICAL_SURFACE('',#7739,0.499999999999998);
#28=CYLINDRICAL_SURFACE('',#7743,0.5);
#29=CYLINDRICAL_SURFACE('',#7747,0.499999999999998);
#30=CYLINDRICAL_SURFACE('',#7750,5.);
#31=CYLINDRICAL_SURFACE('',#7753,5.);
#32=CYLINDRICAL_SURFACE('',#7759,5.);
#33=CYLINDRICAL_SURFACE('',#7764,5.);
#34=CYLINDRICAL_SURFACE('',#7766,5.);
#35=CYLINDRICAL_SURFACE('',#7779,5.);
#36=CIRCLE('',#7699,3.65);
#37=CIRCLE('',#7701,3.65);
#38=CIRCLE('',#7704,0.5);
#39=CIRCLE('',#7705,0.5);
#40=CIRCLE('',#7708,0.5);
#41=CIRCLE('',#7709,0.5);
#42=CIRCLE('',#7712,0.5);
#43=CIRCLE('',#7713,0.5);
#44=CIRCLE('',#7716,0.5);
#45=CIRCLE('',#7717,0.5);
#46=CIRCLE('',#7720,0.5);
#47=CIRCLE('',#7721,0.5);
#48=CIRCLE('',#7724,0.499999999999998);
#49=CIRCLE('',#7725,0.499999999999998);
#50=CIRCLE('',#7728,0.5);
#51=CIRCLE('',#7729,0.5);
#52=CIRCLE('',#7732,0.499999999999998);
#53=CIRCLE('',#7733,0.499999999999998);
#54=CIRCLE('',#7736,0.5);
#55=CIRCLE('',#7737,0.5);
#56=CIRCLE('',#7740,0.499999999999998);
#57=CIRCLE('',#7741,0.499999999999998);
#58=CIRCLE('',#7744,0.5);
#59=CIRCLE('',#7745,0.5);
#60=CIRCLE('',#7748,0.499999999999998);
#61=CIRCLE('',#7749,0.499999999999998);
#62=CIRCLE('',#7751,5.);
#63=CIRCLE('',#7752,5.);
#64=CIRCLE('',#7754,5.);
#65=CIRCLE('',#7755,5.);
#66=CIRCLE('',#7757,5.);
#67=CIRCLE('',#7760,5.);
#68=CIRCLE('',#7763,5.);
#69=CIRCLE('',#7765,5.);
#70=CIRCLE('',#7767,5.);
#71=CIRCLE('',#7768,5.);
#72=CIRCLE('',#7778,5.);
#73=CIRCLE('',#7780,5.);
#74=FACE_BOUND('',#1154,.T.);
#75=FACE_BOUND('',#1189,.T.);
#76=FACE_BOUND('',#1299,.T.);
#77=FACE_BOUND('',#1333,.T.);
#78=FACE_BOUND('',#1454,.T.);
#79=FACE_BOUND('',#1484,.T.);
#80=FACE_BOUND('',#1485,.T.);
#81=FACE_BOUND('',#1486,.T.);
#82=FACE_BOUND('',#1487,.T.);
#83=FACE_BOUND('',#1490,.T.);
#84=FACE_BOUND('',#1505,.T.);
#85=FACE_BOUND('',#1506,.T.);
#86=FACE_BOUND('',#1507,.T.);
#87=FACE_BOUND('',#1508,.T.);
#88=FACE_BOUND('',#1509,.T.);
#89=FACE_BOUND('',#1510,.T.);
#90=FACE_BOUND('',#1511,.T.);
#91=FACE_BOUND('',#1512,.T.);
#92=FACE_BOUND('',#1513,.T.);
#93=FACE_BOUND('',#1514,.T.);
#94=FACE_BOUND('',#1515,.T.);
#95=FACE_BOUND('',#1516,.T.);
#96=FACE_BOUND('',#1517,.T.);
#97=FACE_BOUND('',#1518,.T.);
#98=FACE_BOUND('',#1519,.T.);
#99=FACE_BOUND('',#1522,.T.);
#100=FACE_BOUND('',#1523,.T.);
#101=FACE_BOUND('',#1524,.T.);
#102=FACE_BOUND('',#1525,.T.);
#103=FACE_BOUND('',#1528,.T.);
#104=FACE_BOUND('',#1535,.T.);
#105=B_SPLINE_CURVE_WITH_KNOTS('',3,(#9028,#9029,#9030,#9031,#9032),
 .UNSPECIFIED.,.F.,.F.,(4,1,4),(0.,0.0523747312506831,0.0826095586023588),
 .UNSPECIFIED.);
#106=B_SPLINE_CURVE_WITH_KNOTS('',3,(#9034,#9035,#9036,#9037,#9038),
 .UNSPECIFIED.,.F.,.F.,(4,1,4),(-0.0826095586023588,-0.0523747312506831,
0.),.UNSPECIFIED.);
#107=B_SPLINE_CURVE_WITH_KNOTS('',3,(#9051,#9052,#9053,#9054,#9055),
 .UNSPECIFIED.,.F.,.F.,(4,1,4),(0.,0.0173254641768483,0.0353792901526634),
 .UNSPECIFIED.);
#108=B_SPLINE_CURVE_WITH_KNOTS('',3,(#9057,#9058,#9059,#9060,#9061),
 .UNSPECIFIED.,.F.,.F.,(4,1,4),(-0.0353792901526634,-0.0173254641768483,
0.),.UNSPECIFIED.);
#109=B_SPLINE_CURVE_WITH_KNOTS('',3,(#9074,#9075,#9076,#9077,#9078),
 .UNSPECIFIED.,.F.,.F.,(4,1,4),(0.,0.0213666058272496,0.0375884446550555),
 .UNSPECIFIED.);
#110=B_SPLINE_CURVE_WITH_KNOTS('',3,(#9080,#9081,#9082,#9083,#9084),
 .UNSPECIFIED.,.F.,.F.,(4,1,4),(-0.0375884446550555,-0.0213666058272496,
0.),.UNSPECIFIED.);
#111=B_SPLINE_CURVE_WITH_KNOTS('',3,(#9097,#9098,#9099,#9100,#9101),
 .UNSPECIFIED.,.F.,.F.,(4,1,4),(0.,0.0294736593511261,0.085316672152586),
 .UNSPECIFIED.);
#112=B_SPLINE_CURVE_WITH_KNOTS('',3,(#9103,#9104,#9105,#9106,#9107),
 .UNSPECIFIED.,.F.,.F.,(4,1,4),(-0.085316672152586,-0.0294736593511261,
0.),.UNSPECIFIED.);
#113=B_SPLINE_CURVE_WITH_KNOTS('',3,(#9144,#9145,#9146,#9147,#9148),
 .UNSPECIFIED.,.F.,.F.,(4,1,4),(0.,0.0457511703305535,0.0723830865044064),
 .UNSPECIFIED.);
#114=B_SPLINE_CURVE_WITH_KNOTS('',3,(#9150,#9151,#9152,#9153,#9154),
 .UNSPECIFIED.,.F.,.F.,(4,1,4),(-0.0723830865044064,-0.0457511703305535,
0.),.UNSPECIFIED.);
#115=B_SPLINE_CURVE_WITH_KNOTS('',3,(#9167,#9168,#9169,#9170,#9171),
 .UNSPECIFIED.,.F.,.F.,(4,1,4),(0.,0.016816321745693,0.0363803673965213),
 .UNSPECIFIED.);
#116=B_SPLINE_CURVE_WITH_KNOTS('',3,(#9173,#9174,#9175,#9176,#9177),
 .UNSPECIFIED.,.F.,.F.,(4,1,4),(-0.0363803673965213,-0.016816321745693,
0.),.UNSPECIFIED.);
#117=B_SPLINE_CURVE_WITH_KNOTS('',3,(#9190,#9191,#9192,#9193,#9194),
 .UNSPECIFIED.,.F.,.F.,(4,1,4),(0.,0.0242941328258702,0.0457289645490351),
 .UNSPECIFIED.);
#118=B_SPLINE_CURVE_WITH_KNOTS('',3,(#9196,#9197,#9198,#9199,#9200),
 .UNSPECIFIED.,.F.,.F.,(4,1,4),(-0.0457289645490351,-0.0242941328258702,
0.),.UNSPECIFIED.);
#119=B_SPLINE_CURVE_WITH_KNOTS('',3,(#9213,#9214,#9215,#9216,#9217),
 .UNSPECIFIED.,.F.,.F.,(4,1,4),(0.,0.0320831005213245,0.0833279728041455),
 .UNSPECIFIED.);
#120=B_SPLINE_CURVE_WITH_KNOTS('',3,(#9219,#9220,#9221,#9222,#9223),
 .UNSPECIFIED.,.F.,.F.,(4,1,4),(-0.0833279728041455,-0.0320831005213245,
0.),.UNSPECIFIED.);
#121=B_SPLINE_CURVE_WITH_KNOTS('',3,(#9254,#9255,#9256,#9257,#9258),
 .UNSPECIFIED.,.F.,.F.,(4,1,4),(0.,0.0672137263642089,0.117298811199145),
 .UNSPECIFIED.);
#122=B_SPLINE_CURVE_WITH_KNOTS('',3,(#9260,#9261,#9262,#9263,#9264),
 .UNSPECIFIED.,.F.,.F.,(4,1,4),(-0.117298811199145,-0.0672137263642089,
0.),.UNSPECIFIED.);
#123=B_SPLINE_CURVE_WITH_KNOTS('',3,(#9277,#9278,#9279,#9280,#9281),
 .UNSPECIFIED.,.F.,.F.,(4,1,4),(0.,0.045083430306483,0.0984550781641428),
 .UNSPECIFIED.);
#124=B_SPLINE_CURVE_WITH_KNOTS('',3,(#9283,#9284,#9285,#9286,#9287),
 .UNSPECIFIED.,.F.,.F.,(4,1,4),(-0.0984550781641428,-0.045083430306483,
0.),.UNSPECIFIED.);
#125=B_SPLINE_CURVE_WITH_KNOTS('',3,(#9300,#9301,#9302,#9303,#9304),
 .UNSPECIFIED.,.F.,.F.,(4,1,4),(0.,0.0568889643103944,0.114093135370348),
 .UNSPECIFIED.);
#126=B_SPLINE_CURVE_WITH_KNOTS('',3,(#9306,#9307,#9308,#9309,#9310),
 .UNSPECIFIED.,.F.,.F.,(4,1,4),(-0.114093135370348,-0.0568889643103944,
0.),.UNSPECIFIED.);
#127=B_SPLINE_CURVE_WITH_KNOTS('',3,(#9323,#9324,#9325,#9326,#9327),
 .UNSPECIFIED.,.F.,.F.,(4,1,4),(0.,0.0633459512675923,0.138230463303667),
 .UNSPECIFIED.);
#128=B_SPLINE_CURVE_WITH_KNOTS('',3,(#9329,#9330,#9331,#9332,#9333),
 .UNSPECIFIED.,.F.,.F.,(4,1,4),(-0.138230463303667,-0.0633459512675923,
0.),.UNSPECIFIED.);
#129=B_SPLINE_CURVE_WITH_KNOTS('',3,(#9346,#9347,#9348,#9349,#9350),
 .UNSPECIFIED.,.F.,.F.,(4,1,4),(0.,0.0746475314763075,0.142027655555882),
 .UNSPECIFIED.);
#130=B_SPLINE_CURVE_WITH_KNOTS('',3,(#9352,#9353,#9354,#9355,#9356),
 .UNSPECIFIED.,.F.,.F.,(4,1,4),(-0.142027655555882,-0.0746475314763075,
0.),.UNSPECIFIED.);
#131=B_SPLINE_CURVE_WITH_KNOTS('',3,(#9369,#9370,#9371,#9372,#9373),
 .UNSPECIFIED.,.F.,.F.,(4,1,4),(0.,0.0602524207013125,0.114079844016634),
 .UNSPECIFIED.);
#132=B_SPLINE_CURVE_WITH_KNOTS('',3,(#9375,#9376,#9377,#9378,#9379),
 .UNSPECIFIED.,.F.,.F.,(4,1,4),(-0.114079844016634,-0.0602524207013125,
0.),.UNSPECIFIED.);
#133=B_SPLINE_CURVE_WITH_KNOTS('',3,(#9392,#9393,#9394,#9395,#9396),
 .UNSPECIFIED.,.F.,.F.,(4,1,4),(0.,0.0506243120706626,0.0999446758569171),
 .UNSPECIFIED.);
#134=B_SPLINE_CURVE_WITH_KNOTS('',3,(#9398,#9399,#9400,#9401,#9402),
 .UNSPECIFIED.,.F.,.F.,(4,1,4),(-0.0999446758569171,-0.0506243120706626,
0.),.UNSPECIFIED.);
#135=B_SPLINE_CURVE_WITH_KNOTS('',3,(#9415,#9416,#9417,#9418,#9419),
 .UNSPECIFIED.,.F.,.F.,(4,1,4),(0.,0.0595555415692534,0.140148830505253),
 .UNSPECIFIED.);
#136=B_SPLINE_CURVE_WITH_KNOTS('',3,(#9421,#9422,#9423,#9424,#9425),
 .UNSPECIFIED.,.F.,.F.,(4,1,4),(-0.140148830505253,-0.0595555415692534,
0.),.UNSPECIFIED.);
#137=B_SPLINE_CURVE_WITH_KNOTS('',3,(#9444,#9445,#9446,#9447,#9448),
 .UNSPECIFIED.,.F.,.F.,(4,1,4),(0.,0.0963977642979206,0.172982985670937),
 .UNSPECIFIED.);
#138=B_SPLINE_CURVE_WITH_KNOTS('',3,(#9450,#9451,#9452,#9453,#9454),
 .UNSPECIFIED.,.F.,.F.,(4,1,4),(-0.172982985670937,-0.0963977642979206,
0.),.UNSPECIFIED.);
#139=B_SPLINE_CURVE_WITH_KNOTS('',3,(#9467,#9468,#9469,#9470,#9471),
 .UNSPECIFIED.,.F.,.F.,(4,1,4),(0.,0.0668695104632995,0.136535798136494),
 .UNSPECIFIED.);
#140=B_SPLINE_CURVE_WITH_KNOTS('',3,(#9473,#9474,#9475,#9476,#9477),
 .UNSPECIFIED.,.F.,.F.,(4,1,4),(-0.136535798136494,-0.0668695104632995,
0.),.UNSPECIFIED.);
#141=B_SPLINE_CURVE_WITH_KNOTS('',3,(#9490,#9491,#9492,#9493,#9494),
 .UNSPECIFIED.,.F.,.F.,(4,1,4),(0.,0.0752311318880411,0.156565787523499),
 .UNSPECIFIED.);
#142=B_SPLINE_CURVE_WITH_KNOTS('',3,(#9496,#9497,#9498,#9499,#9500),
 .UNSPECIFIED.,.F.,.F.,(4,1,4),(-0.156565787523499,-0.0752311318880411,
0.),.UNSPECIFIED.);
#143=B_SPLINE_CURVE_WITH_KNOTS('',3,(#9513,#9514,#9515,#9516,#9517),
 .UNSPECIFIED.,.F.,.F.,(4,1,4),(0.,0.0963314558092128,0.179335726815204),
 .UNSPECIFIED.);
#144=B_SPLINE_CURVE_WITH_KNOTS('',3,(#9519,#9520,#9521,#9522,#9523),
 .UNSPECIFIED.,.F.,.F.,(4,1,4),(-0.179335726815204,-0.0963314558092128,
0.),.UNSPECIFIED.);
#145=B_SPLINE_CURVE_WITH_KNOTS('',3,(#9536,#9537,#9538,#9539,#9540),
 .UNSPECIFIED.,.F.,.F.,(4,1,4),(0.,0.0742766398181801,0.144530457466202),
 .UNSPECIFIED.);
#146=B_SPLINE_CURVE_WITH_KNOTS('',3,(#9542,#9543,#9544,#9545,#9546),
 .UNSPECIFIED.,.F.,.F.,(4,1,4),(-0.144530457466202,-0.0742766398181801,
0.),.UNSPECIFIED.);
#147=B_SPLINE_CURVE_WITH_KNOTS('',3,(#9559,#9560,#9561,#9562,#9563),
 .UNSPECIFIED.,.F.,.F.,(4,1,4),(0.,0.0817792686969976,0.187854431995646),
 .UNSPECIFIED.);
#148=B_SPLINE_CURVE_WITH_KNOTS('',3,(#9565,#9566,#9567,#9568,#9569),
 .UNSPECIFIED.,.F.,.F.,(4,1,4),(-0.187854431995646,-0.0817792686969976,
0.),.UNSPECIFIED.);
#149=B_SPLINE_CURVE_WITH_KNOTS('',3,(#9596,#9597,#9598,#9599,#9600),
 .UNSPECIFIED.,.F.,.F.,(4,1,4),(0.,0.0523747312506831,0.0826095987858859),
 .UNSPECIFIED.);
#150=B_SPLINE_CURVE_WITH_KNOTS('',3,(#9602,#9603,#9604,#9605,#9606),
 .UNSPECIFIED.,.F.,.F.,(4,1,4),(-0.0826095987858859,-0.0523747312506831,
0.),.UNSPECIFIED.);
#151=B_SPLINE_CURVE_WITH_KNOTS('',3,(#9619,#9620,#9621,#9622,#9623),
 .UNSPECIFIED.,.F.,.F.,(4,1,4),(0.,0.0173256065467575,0.0353789716504669),
 .UNSPECIFIED.);
#152=B_SPLINE_CURVE_WITH_KNOTS('',3,(#9625,#9626,#9627,#9628,#9629),
 .UNSPECIFIED.,.F.,.F.,(4,1,4),(-0.0353789716504669,-0.0173256065467575,
0.),.UNSPECIFIED.);
#153=B_SPLINE_CURVE_WITH_KNOTS('',3,(#9642,#9643,#9644,#9645,#9646),
 .UNSPECIFIED.,.F.,.F.,(4,1,4),(0.,0.0213666058272496,0.0375884446550555),
 .UNSPECIFIED.);
#154=B_SPLINE_CURVE_WITH_KNOTS('',3,(#9648,#9649,#9650,#9651,#9652),
 .UNSPECIFIED.,.F.,.F.,(4,1,4),(-0.0375884446550555,-0.0213666058272496,
0.),.UNSPECIFIED.);
#155=B_SPLINE_CURVE_WITH_KNOTS('',3,(#9665,#9666,#9667,#9668,#9669),
 .UNSPECIFIED.,.F.,.F.,(4,1,4),(0.,0.0294736593511261,0.085316672152586),
 .UNSPECIFIED.);
#156=B_SPLINE_CURVE_WITH_KNOTS('',3,(#9671,#9672,#9673,#9674,#9675),
 .UNSPECIFIED.,.F.,.F.,(4,1,4),(-0.085316672152586,-0.0294736593511261,
0.),.UNSPECIFIED.);
#157=B_SPLINE_CURVE_WITH_KNOTS('',3,(#9712,#9713,#9714,#9715,#9716),
 .UNSPECIFIED.,.F.,.F.,(4,1,4),(0.,0.0457511703305535,0.0723830865044064),
 .UNSPECIFIED.);
#158=B_SPLINE_CURVE_WITH_KNOTS('',3,(#9718,#9719,#9720,#9721,#9722),
 .UNSPECIFIED.,.F.,.F.,(4,1,4),(-0.0723830865044064,-0.0457511703305535,
0.),.UNSPECIFIED.);
#159=B_SPLINE_CURVE_WITH_KNOTS('',3,(#9735,#9736,#9737,#9738,#9739),
 .UNSPECIFIED.,.F.,.F.,(4,1,4),(0.,0.016816321745693,0.0363803673965213),
 .UNSPECIFIED.);
#160=B_SPLINE_CURVE_WITH_KNOTS('',3,(#9741,#9742,#9743,#9744,#9745),
 .UNSPECIFIED.,.F.,.F.,(4,1,4),(-0.0363803673965213,-0.016816321745693,
0.),.UNSPECIFIED.);
#161=B_SPLINE_CURVE_WITH_KNOTS('',3,(#9758,#9759,#9760,#9761,#9762),
 .UNSPECIFIED.,.F.,.F.,(4,1,4),(0.,0.0242941328258702,0.0457288056733571),
 .UNSPECIFIED.);
#162=B_SPLINE_CURVE_WITH_KNOTS('',3,(#9764,#9765,#9766,#9767,#9768),
 .UNSPECIFIED.,.F.,.F.,(4,1,4),(-0.0457288056733571,-0.0242941328258702,
0.),.UNSPECIFIED.);
#163=B_SPLINE_CURVE_WITH_KNOTS('',3,(#9781,#9782,#9783,#9784,#9785),
 .UNSPECIFIED.,.F.,.F.,(4,1,4),(0.,0.0320831538803632,0.0833280261631841),
 .UNSPECIFIED.);
#164=B_SPLINE_CURVE_WITH_KNOTS('',3,(#9787,#9788,#9789,#9790,#9791),
 .UNSPECIFIED.,.F.,.F.,(4,1,4),(-0.0833280261631841,-0.0320831538803632,
0.),.UNSPECIFIED.);
#165=B_SPLINE_CURVE_WITH_KNOTS('',3,(#9822,#9823,#9824,#9825,#9826),
 .UNSPECIFIED.,.F.,.F.,(4,1,4),(0.,0.0672137263642089,0.117298777018802),
 .UNSPECIFIED.);
#166=B_SPLINE_CURVE_WITH_KNOTS('',3,(#9828,#9829,#9830,#9831,#9832),
 .UNSPECIFIED.,.F.,.F.,(4,1,4),(-0.117298777018802,-0.0672137263642089,
0.),.UNSPECIFIED.);
#167=B_SPLINE_CURVE_WITH_KNOTS('',3,(#9845,#9846,#9847,#9848,#9849),
 .UNSPECIFIED.,.F.,.F.,(4,1,4),(0.,0.0450833457872513,0.0984551222925544),
 .UNSPECIFIED.);
#168=B_SPLINE_CURVE_WITH_KNOTS('',3,(#9851,#9852,#9853,#9854,#9855),
 .UNSPECIFIED.,.F.,.F.,(4,1,4),(-0.0984551222925544,-0.0450833457872513,
0.),.UNSPECIFIED.);
#169=B_SPLINE_CURVE_WITH_KNOTS('',3,(#9868,#9869,#9870,#9871,#9872),
 .UNSPECIFIED.,.F.,.F.,(4,1,4),(0.,0.0568891315986095,0.114093302658563),
 .UNSPECIFIED.);
#170=B_SPLINE_CURVE_WITH_KNOTS('',3,(#9874,#9875,#9876,#9877,#9878),
 .UNSPECIFIED.,.F.,.F.,(4,1,4),(-0.114093302658563,-0.0568891315986095,
0.),.UNSPECIFIED.);
#171=B_SPLINE_CURVE_WITH_KNOTS('',3,(#9891,#9892,#9893,#9894,#9895),
 .UNSPECIFIED.,.F.,.F.,(4,1,4),(0.,0.0633457219896013,0.138230234025676),
 .UNSPECIFIED.);
#172=B_SPLINE_CURVE_WITH_KNOTS('',3,(#9897,#9898,#9899,#9900,#9901),
 .UNSPECIFIED.,.F.,.F.,(4,1,4),(-0.138230234025676,-0.0633457219896013,
0.),.UNSPECIFIED.);
#173=B_SPLINE_CURVE_WITH_KNOTS('',3,(#9914,#9915,#9916,#9917,#9918),
 .UNSPECIFIED.,.F.,.F.,(4,1,4),(0.,0.0746477691955052,0.142027893275079),
 .UNSPECIFIED.);
#174=B_SPLINE_CURVE_WITH_KNOTS('',3,(#9920,#9921,#9922,#9923,#9924),
 .UNSPECIFIED.,.F.,.F.,(4,1,4),(-0.142027893275079,-0.0746477691955052,
0.),.UNSPECIFIED.);
#175=B_SPLINE_CURVE_WITH_KNOTS('',3,(#9937,#9938,#9939,#9940,#9941),
 .UNSPECIFIED.,.F.,.F.,(4,1,4),(0.,0.0602524207013125,0.114079844016634),
 .UNSPECIFIED.);
#176=B_SPLINE_CURVE_WITH_KNOTS('',3,(#9943,#9944,#9945,#9946,#9947),
 .UNSPECIFIED.,.F.,.F.,(4,1,4),(-0.114079844016634,-0.0602524207013125,
0.),.UNSPECIFIED.);
#177=B_SPLINE_CURVE_WITH_KNOTS('',3,(#9960,#9961,#9962,#9963,#9964),
 .UNSPECIFIED.,.F.,.F.,(4,1,4),(0.,0.0506243120706626,0.0999446758569171),
 .UNSPECIFIED.);
#178=B_SPLINE_CURVE_WITH_KNOTS('',3,(#9966,#9967,#9968,#9969,#9970),
 .UNSPECIFIED.,.F.,.F.,(4,1,4),(-0.0999446758569171,-0.0506243120706626,
0.),.UNSPECIFIED.);
#179=B_SPLINE_CURVE_WITH_KNOTS('',3,(#9983,#9984,#9985,#9986,#9987),
 .UNSPECIFIED.,.F.,.F.,(4,1,4),(0.,0.0595555415692534,0.14014882570869),
 .UNSPECIFIED.);
#180=B_SPLINE_CURVE_WITH_KNOTS('',3,(#9989,#9990,#9991,#9992,#9993),
 .UNSPECIFIED.,.F.,.F.,(4,1,4),(-0.14014882570869,-0.0595555415692534,0.),
 .UNSPECIFIED.);
#181=B_SPLINE_CURVE_WITH_KNOTS('',3,(#10012,#10013,#10014,#10015,#10016),
 .UNSPECIFIED.,.F.,.F.,(4,1,4),(0.,0.0963977553229824,0.172982976695998),
 .UNSPECIFIED.);
#182=B_SPLINE_CURVE_WITH_KNOTS('',3,(#10018,#10019,#10020,#10021,#10022),
 .UNSPECIFIED.,.F.,.F.,(4,1,4),(-0.172982976695998,-0.0963977553229824,
0.),.UNSPECIFIED.);
#183=B_SPLINE_CURVE_WITH_KNOTS('',3,(#10035,#10036,#10037,#10038,#10039),
 .UNSPECIFIED.,.F.,.F.,(4,1,4),(0.,0.0668695104632995,0.136535798136494),
 .UNSPECIFIED.);
#184=B_SPLINE_CURVE_WITH_KNOTS('',3,(#10041,#10042,#10043,#10044,#10045),
 .UNSPECIFIED.,.F.,.F.,(4,1,4),(-0.136535798136494,-0.0668695104632995,
0.),.UNSPECIFIED.);
#185=B_SPLINE_CURVE_WITH_KNOTS('',3,(#10058,#10059,#10060,#10061,#10062),
 .UNSPECIFIED.,.F.,.F.,(4,1,4),(0.,0.0752311318880411,0.156565787523499),
 .UNSPECIFIED.);
#186=B_SPLINE_CURVE_WITH_KNOTS('',3,(#10064,#10065,#10066,#10067,#10068),
 .UNSPECIFIED.,.F.,.F.,(4,1,4),(-0.156565787523499,-0.0752311318880411,
0.),.UNSPECIFIED.);
#187=B_SPLINE_CURVE_WITH_KNOTS('',3,(#10081,#10082,#10083,#10084,#10085),
 .UNSPECIFIED.,.F.,.F.,(4,1,4),(0.,0.0963316929500262,0.179335963956017),
 .UNSPECIFIED.);
#188=B_SPLINE_CURVE_WITH_KNOTS('',3,(#10087,#10088,#10089,#10090,#10091),
 .UNSPECIFIED.,.F.,.F.,(4,1,4),(-0.179335963956017,-0.0963316929500262,
0.),.UNSPECIFIED.);
#189=B_SPLINE_CURVE_WITH_KNOTS('',3,(#10104,#10105,#10106,#10107,#10108),
 .UNSPECIFIED.,.F.,.F.,(4,1,4),(0.,0.0742764534510301,0.144530398964596),
 .UNSPECIFIED.);
#190=B_SPLINE_CURVE_WITH_KNOTS('',3,(#10110,#10111,#10112,#10113,#10114),
 .UNSPECIFIED.,.F.,.F.,(4,1,4),(-0.144530398964596,-0.0742764534510301,
0.),.UNSPECIFIED.);
#191=B_SPLINE_CURVE_WITH_KNOTS('',3,(#10127,#10128,#10129,#10130,#10131),
 .UNSPECIFIED.,.F.,.F.,(4,1,4),(0.,0.0817792085976248,0.187854371896273),
 .UNSPECIFIED.);
#192=B_SPLINE_CURVE_WITH_KNOTS('',3,(#10133,#10134,#10135,#10136,#10137),
 .UNSPECIFIED.,.F.,.F.,(4,1,4),(-0.187854371896273,-0.0817792085976248,
0.),.UNSPECIFIED.);
#193=B_SPLINE_CURVE_WITH_KNOTS('',3,(#10188,#10189,#10190,#10191,#10192),
 .UNSPECIFIED.,.F.,.F.,(4,1,4),(0.,0.0630362344225739,0.090923802973108),
 .UNSPECIFIED.);
#194=B_SPLINE_CURVE_WITH_KNOTS('',3,(#10194,#10195,#10196,#10197,#10198),
 .UNSPECIFIED.,.F.,.F.,(4,1,4),(-0.090923802973108,-0.0630362344225739,
0.),.UNSPECIFIED.);
#195=B_SPLINE_CURVE_WITH_KNOTS('',3,(#10211,#10212,#10213,#10214,#10215),
 .UNSPECIFIED.,.F.,.F.,(4,1,4),(0.,0.0226341413582894,0.0706360328915735),
 .UNSPECIFIED.);
#196=B_SPLINE_CURVE_WITH_KNOTS('',3,(#10217,#10218,#10219,#10220,#10221),
 .UNSPECIFIED.,.F.,.F.,(4,1,4),(-0.0706360328915735,-0.0226341413582894,
0.),.UNSPECIFIED.);
#197=B_SPLINE_CURVE_WITH_KNOTS('',3,(#10246,#10247,#10248,#10249,#10250),
 .UNSPECIFIED.,.F.,.F.,(4,1,4),(0.,0.0730606435869309,0.121992699859286),
 .UNSPECIFIED.);
#198=B_SPLINE_CURVE_WITH_KNOTS('',3,(#10252,#10253,#10254,#10255,#10256),
 .UNSPECIFIED.,.F.,.F.,(4,1,4),(-0.121992699859286,-0.0730606435869309,
0.),.UNSPECIFIED.);
#199=B_SPLINE_CURVE_WITH_KNOTS('',3,(#10269,#10270,#10271,#10272,#10273),
 .UNSPECIFIED.,.F.,.F.,(4,1,4),(0.,0.0362330293686179,0.0728176862379895),
 .UNSPECIFIED.);
#200=B_SPLINE_CURVE_WITH_KNOTS('',3,(#10275,#10276,#10277,#10278,#10279),
 .UNSPECIFIED.,.F.,.F.,(4,1,4),(-0.0728176862379895,-0.0362330293686179,
0.),.UNSPECIFIED.);
#201=B_SPLINE_CURVE_WITH_KNOTS('',3,(#10292,#10293,#10294,#10295,#10296),
 .UNSPECIFIED.,.F.,.F.,(4,1,4),(0.,0.035549341315067,0.0689862169132771),
 .UNSPECIFIED.);
#202=B_SPLINE_CURVE_WITH_KNOTS('',3,(#10298,#10299,#10300,#10301,#10302),
 .UNSPECIFIED.,.F.,.F.,(4,1,4),(-0.0689862169132771,-0.035549341315067,
0.),.UNSPECIFIED.);
#203=B_SPLINE_CURVE_WITH_KNOTS('',3,(#10315,#10316,#10317,#10318,#10319),
 .UNSPECIFIED.,.F.,.F.,(4,1,4),(0.,0.0555921854512115,0.155591256877775),
 .UNSPECIFIED.);
#204=B_SPLINE_CURVE_WITH_KNOTS('',3,(#10321,#10322,#10323,#10324,#10325),
 .UNSPECIFIED.,.F.,.F.,(4,1,4),(-0.155591256877775,-0.0555921854512115,
0.),.UNSPECIFIED.);
#205=B_SPLINE_CURVE_WITH_KNOTS('',3,(#10387,#10388,#10389,#10390,#10391),
 .UNSPECIFIED.,.F.,.F.,(4,1,4),(0.,0.0425276241321011,0.06715391329949),
 .UNSPECIFIED.);
#206=B_SPLINE_CURVE_WITH_KNOTS('',3,(#10393,#10394,#10395,#10396,#10397),
 .UNSPECIFIED.,.F.,.F.,(4,1,4),(-0.06715391329949,-0.0425276241321011,0.),
 .UNSPECIFIED.);
#207=B_SPLINE_CURVE_WITH_KNOTS('',3,(#10410,#10411,#10412,#10413,#10414),
 .UNSPECIFIED.,.F.,.F.,(4,1,4),(0.,0.0163135373616171,0.0351807027272095),
 .UNSPECIFIED.);
#208=B_SPLINE_CURVE_WITH_KNOTS('',3,(#10416,#10417,#10418,#10419,#10420),
 .UNSPECIFIED.,.F.,.F.,(4,1,4),(-0.0351807027272095,-0.0163135373616171,
0.),.UNSPECIFIED.);
#209=B_SPLINE_CURVE_WITH_KNOTS('',3,(#10433,#10434,#10435,#10436,#10437),
 .UNSPECIFIED.,.F.,.F.,(4,1,4),(0.,0.0211638164193924,0.0418662802332446),
 .UNSPECIFIED.);
#210=B_SPLINE_CURVE_WITH_KNOTS('',3,(#10439,#10440,#10441,#10442,#10443),
 .UNSPECIFIED.,.F.,.F.,(4,1,4),(-0.0418662802332446,-0.0211638164193924,
0.),.UNSPECIFIED.);
#211=B_SPLINE_CURVE_WITH_KNOTS('',3,(#10456,#10457,#10458,#10459,#10460),
 .UNSPECIFIED.,.F.,.F.,(4,1,4),(0.,0.0257436569216523,0.0598738016583205),
 .UNSPECIFIED.);
#212=B_SPLINE_CURVE_WITH_KNOTS('',3,(#10462,#10463,#10464,#10465,#10466),
 .UNSPECIFIED.,.F.,.F.,(4,1,4),(-0.0598738016583205,-0.0257436569216523,
0.),.UNSPECIFIED.);
#213=B_SPLINE_CURVE_WITH_KNOTS('',3,(#10479,#10480,#10481,#10482,#10483),
 .UNSPECIFIED.,.F.,.F.,(4,1,4),(0.,0.0440113113695488,0.0771292720250235),
 .UNSPECIFIED.);
#214=B_SPLINE_CURVE_WITH_KNOTS('',3,(#10485,#10486,#10487,#10488,#10489),
 .UNSPECIFIED.,.F.,.F.,(4,1,4),(-0.0771292720250235,-0.0440113113695488,
0.),.UNSPECIFIED.);
#215=B_SPLINE_CURVE_WITH_KNOTS('',3,(#10502,#10503,#10504,#10505,#10506),
 .UNSPECIFIED.,.F.,.F.,(4,1,4),(0.,0.0373958543284628,0.0962814811459821),
 .UNSPECIFIED.);
#216=B_SPLINE_CURVE_WITH_KNOTS('',3,(#10508,#10509,#10510,#10511,#10512),
 .UNSPECIFIED.,.F.,.F.,(4,1,4),(-0.0962814811459821,-0.0373958543284628,
0.),.UNSPECIFIED.);
#217=B_SPLINE_CURVE_WITH_KNOTS('',3,(#10525,#10526,#10527,#10528,#10529),
 .UNSPECIFIED.,.F.,.F.,(4,1,4),(0.,0.169770213385917,0.277651953388553),
 .UNSPECIFIED.);
#218=B_SPLINE_CURVE_WITH_KNOTS('',3,(#10531,#10532,#10533,#10534,#10535),
 .UNSPECIFIED.,.F.,.F.,(4,1,4),(-0.277651953388553,-0.169770213385917,0.),
 .UNSPECIFIED.);
#219=B_SPLINE_CURVE_WITH_KNOTS('',3,(#10548,#10549,#10550,#10551,#10552),
 .UNSPECIFIED.,.F.,.F.,(4,1,4),(0.,0.0927066148528973,0.219982521213873),
 .UNSPECIFIED.);
#220=B_SPLINE_CURVE_WITH_KNOTS('',3,(#10554,#10555,#10556,#10557,#10558),
 .UNSPECIFIED.,.F.,.F.,(4,1,4),(-0.219982521213873,-0.0927066148528973,
0.),.UNSPECIFIED.);
#221=B_SPLINE_CURVE_WITH_KNOTS('',3,(#10571,#10572,#10573,#10574,#10575),
 .UNSPECIFIED.,.F.,.F.,(4,1,4),(0.,0.0930146779712354,0.160380530496964),
 .UNSPECIFIED.);
#222=B_SPLINE_CURVE_WITH_KNOTS('',3,(#10577,#10578,#10579,#10580,#10581),
 .UNSPECIFIED.,.F.,.F.,(4,1,4),(-0.160380530496964,-0.0930146779712354,
0.),.UNSPECIFIED.);
#223=B_SPLINE_CURVE_WITH_KNOTS('',3,(#10594,#10595,#10596,#10597,#10598),
 .UNSPECIFIED.,.F.,.F.,(4,1,4),(0.,0.0592662559699249,0.130479380865658),
 .UNSPECIFIED.);
#224=B_SPLINE_CURVE_WITH_KNOTS('',3,(#10600,#10601,#10602,#10603,#10604),
 .UNSPECIFIED.,.F.,.F.,(4,1,4),(-0.130479380865658,-0.0592662559699249,
0.),.UNSPECIFIED.);
#225=B_SPLINE_CURVE_WITH_KNOTS('',3,(#10617,#10618,#10619,#10620,#10621),
 .UNSPECIFIED.,.F.,.F.,(4,1,4),(0.,0.0816694169809471,0.171332645412965),
 .UNSPECIFIED.);
#226=B_SPLINE_CURVE_WITH_KNOTS('',3,(#10623,#10624,#10625,#10626,#10627),
 .UNSPECIFIED.,.F.,.F.,(4,1,4),(-0.171332645412965,-0.0816694169809471,
0.),.UNSPECIFIED.);
#227=B_SPLINE_CURVE_WITH_KNOTS('',3,(#10640,#10641,#10642,#10643,#10644),
 .UNSPECIFIED.,.F.,.F.,(4,1,4),(0.,0.0972452457672281,0.183927744521961),
 .UNSPECIFIED.);
#228=B_SPLINE_CURVE_WITH_KNOTS('',3,(#10646,#10647,#10648,#10649,#10650),
 .UNSPECIFIED.,.F.,.F.,(4,1,4),(-0.183927744521961,-0.0972452457672281,
0.),.UNSPECIFIED.);
#229=B_SPLINE_CURVE_WITH_KNOTS('',3,(#10663,#10664,#10665,#10666,#10667),
 .UNSPECIFIED.,.F.,.F.,(4,1,4),(0.,0.0758216267988367,0.141959908904483),
 .UNSPECIFIED.);
#230=B_SPLINE_CURVE_WITH_KNOTS('',3,(#10669,#10670,#10671,#10672,#10673),
 .UNSPECIFIED.,.F.,.F.,(4,1,4),(-0.141959908904483,-0.0758216267988367,
0.),.UNSPECIFIED.);
#231=B_SPLINE_CURVE_WITH_KNOTS('',3,(#10686,#10687,#10688,#10689,#10690),
 .UNSPECIFIED.,.F.,.F.,(4,1,4),(0.,0.0759253187446847,0.17568770290876),
 .UNSPECIFIED.);
#232=B_SPLINE_CURVE_WITH_KNOTS('',3,(#10692,#10693,#10694,#10695,#10696),
 .UNSPECIFIED.,.F.,.F.,(4,1,4),(-0.17568770290876,-0.0759253187446847,0.),
 .UNSPECIFIED.);
#233=B_SPLINE_CURVE_WITH_KNOTS('',3,(#10727,#10728,#10729,#10730,#10731),
 .UNSPECIFIED.,.F.,.F.,(4,1,4),(0.,0.0462409579630251,0.0734334394257982),
 .UNSPECIFIED.);
#234=B_SPLINE_CURVE_WITH_KNOTS('',3,(#10733,#10734,#10735,#10736,#10737),
 .UNSPECIFIED.,.F.,.F.,(4,1,4),(-0.0734334394257982,-0.0462409579630251,
0.),.UNSPECIFIED.);
#235=B_SPLINE_CURVE_WITH_KNOTS('',3,(#10750,#10751,#10752,#10753,#10754),
 .UNSPECIFIED.,.F.,.F.,(4,1,4),(0.,0.0185661386091495,0.0409337959435656),
 .UNSPECIFIED.);
#236=B_SPLINE_CURVE_WITH_KNOTS('',3,(#10756,#10757,#10758,#10759,#10760),
 .UNSPECIFIED.,.F.,.F.,(4,1,4),(-0.0409337959435656,-0.0185661386091495,
0.),.UNSPECIFIED.);
#237=B_SPLINE_CURVE_WITH_KNOTS('',3,(#10773,#10774,#10775,#10776,#10777),
 .UNSPECIFIED.,.F.,.F.,(4,1,4),(0.,0.0231886905501926,0.0453048936412094),
 .UNSPECIFIED.);
#238=B_SPLINE_CURVE_WITH_KNOTS('',3,(#10779,#10780,#10781,#10782,#10783),
 .UNSPECIFIED.,.F.,.F.,(4,1,4),(-0.0453048936412094,-0.0231886905501926,
0.),.UNSPECIFIED.);
#239=B_SPLINE_CURVE_WITH_KNOTS('',3,(#10796,#10797,#10798,#10799,#10800),
 .UNSPECIFIED.,.F.,.F.,(4,1,4),(0.,0.0270466560930289,0.062395470520201),
 .UNSPECIFIED.);
#240=B_SPLINE_CURVE_WITH_KNOTS('',3,(#10802,#10803,#10804,#10805,#10806),
 .UNSPECIFIED.,.F.,.F.,(4,1,4),(-0.062395470520201,-0.0270466560930289,
0.),.UNSPECIFIED.);
#241=B_SPLINE_CURVE_WITH_KNOTS('',3,(#10819,#10820,#10821,#10822,#10823),
 .UNSPECIFIED.,.F.,.F.,(4,1,4),(0.,0.0732869061194901,0.119434723175062),
 .UNSPECIFIED.);
#242=B_SPLINE_CURVE_WITH_KNOTS('',3,(#10825,#10826,#10827,#10828,#10829),
 .UNSPECIFIED.,.F.,.F.,(4,1,4),(-0.119434723175062,-0.0732869061194901,
0.),.UNSPECIFIED.);
#243=B_SPLINE_CURVE_WITH_KNOTS('',3,(#10842,#10843,#10844,#10845,#10846),
 .UNSPECIFIED.,.F.,.F.,(4,1,4),(0.,0.0560925240269733,0.15199599592395),
 .UNSPECIFIED.);
#244=B_SPLINE_CURVE_WITH_KNOTS('',3,(#10848,#10849,#10850,#10851,#10852),
 .UNSPECIFIED.,.F.,.F.,(4,1,4),(-0.15199599592395,-0.0560925240269733,0.),
 .UNSPECIFIED.);
#245=B_SPLINE_CURVE_WITH_KNOTS('',3,(#10865,#10866,#10867,#10868,#10869),
 .UNSPECIFIED.,.F.,.F.,(4,1,4),(0.,0.0978280687633508,0.158842047328727),
 .UNSPECIFIED.);
#246=B_SPLINE_CURVE_WITH_KNOTS('',3,(#10871,#10872,#10873,#10874,#10875),
 .UNSPECIFIED.,.F.,.F.,(4,1,4),(-0.158842047328727,-0.0978280687633508,
0.),.UNSPECIFIED.);
#247=B_SPLINE_CURVE_WITH_KNOTS('',3,(#10888,#10889,#10890,#10891,#10892),
 .UNSPECIFIED.,.F.,.F.,(4,1,4),(0.,0.0450086733682484,0.0963546856386637),
 .UNSPECIFIED.);
#248=B_SPLINE_CURVE_WITH_KNOTS('',3,(#10894,#10895,#10896,#10897,#10898),
 .UNSPECIFIED.,.F.,.F.,(4,1,4),(-0.0963546856386637,-0.0450086733682484,
0.),.UNSPECIFIED.);
#249=B_SPLINE_CURVE_WITH_KNOTS('',3,(#10911,#10912,#10913,#10914,#10915),
 .UNSPECIFIED.,.F.,.F.,(4,1,4),(0.,0.0603971949647244,0.133156887342189),
 .UNSPECIFIED.);
#250=B_SPLINE_CURVE_WITH_KNOTS('',3,(#10917,#10918,#10919,#10920,#10921),
 .UNSPECIFIED.,.F.,.F.,(4,1,4),(-0.133156887342189,-0.0603971949647244,
0.),.UNSPECIFIED.);
#251=B_SPLINE_CURVE_WITH_KNOTS('',3,(#10934,#10935,#10936,#10937,#10938),
 .UNSPECIFIED.,.F.,.F.,(4,1,4),(0.,0.0997145195284757,0.171719713996962),
 .UNSPECIFIED.);
#252=B_SPLINE_CURVE_WITH_KNOTS('',3,(#10940,#10941,#10942,#10943,#10944),
 .UNSPECIFIED.,.F.,.F.,(4,1,4),(-0.171719713996962,-0.0997145195284757,
0.),.UNSPECIFIED.);
#253=B_SPLINE_CURVE_WITH_KNOTS('',3,(#10957,#10958,#10959,#10960,#10961),
 .UNSPECIFIED.,.F.,.F.,(4,1,4),(0.,0.0609298966125732,0.127737438448699),
 .UNSPECIFIED.);
#254=B_SPLINE_CURVE_WITH_KNOTS('',3,(#10963,#10964,#10965,#10966,#10967),
 .UNSPECIFIED.,.F.,.F.,(4,1,4),(-0.127737438448699,-0.0609298966125732,
0.),.UNSPECIFIED.);
#255=B_SPLINE_CURVE_WITH_KNOTS('',3,(#10980,#10981,#10982,#10983,#10984),
 .UNSPECIFIED.,.F.,.F.,(4,1,4),(0.,0.0756788378382701,0.16186034581434),
 .UNSPECIFIED.);
#256=B_SPLINE_CURVE_WITH_KNOTS('',3,(#10986,#10987,#10988,#10989,#10990),
 .UNSPECIFIED.,.F.,.F.,(4,1,4),(-0.16186034581434,-0.0756788378382701,0.),
 .UNSPECIFIED.);
#257=B_SPLINE_CURVE_WITH_KNOTS('',3,(#11003,#11004,#11005,#11006,#11007),
 .UNSPECIFIED.,.F.,.F.,(4,1,4),(0.,0.0941642498045885,0.176728842518536),
 .UNSPECIFIED.);
#258=B_SPLINE_CURVE_WITH_KNOTS('',3,(#11009,#11010,#11011,#11012,#11013),
 .UNSPECIFIED.,.F.,.F.,(4,1,4),(-0.176728842518536,-0.0941642498045885,
0.),.UNSPECIFIED.);
#259=B_SPLINE_CURVE_WITH_KNOTS('',3,(#11026,#11027,#11028,#11029,#11030),
 .UNSPECIFIED.,.F.,.F.,(4,1,4),(0.,0.0698836784949476,0.127394876921562),
 .UNSPECIFIED.);
#260=B_SPLINE_CURVE_WITH_KNOTS('',3,(#11032,#11033,#11034,#11035,#11036),
 .UNSPECIFIED.,.F.,.F.,(4,1,4),(-0.127394876921562,-0.0698836784949476,
0.),.UNSPECIFIED.);
#261=B_SPLINE_CURVE_WITH_KNOTS('',3,(#11049,#11050,#11051,#11052,#11053),
 .UNSPECIFIED.,.F.,.F.,(4,1,4),(0.,0.0693063291627365,0.171308460794903),
 .UNSPECIFIED.);
#262=B_SPLINE_CURVE_WITH_KNOTS('',3,(#11055,#11056,#11057,#11058,#11059),
 .UNSPECIFIED.,.F.,.F.,(4,1,4),(-0.171308460794903,-0.0693063291627365,
0.),.UNSPECIFIED.);
#263=B_SPLINE_CURVE_WITH_KNOTS('',3,(#11097,#11098,#11099,#11100,#11101),
 .UNSPECIFIED.,.F.,.F.,(4,1,4),(0.,0.0464152404144005,0.0899441602532327),
 .UNSPECIFIED.);
#264=B_SPLINE_CURVE_WITH_KNOTS('',3,(#11103,#11104,#11105,#11106,#11107),
 .UNSPECIFIED.,.F.,.F.,(4,1,4),(-0.0899441602532327,-0.0464152404144005,
0.),.UNSPECIFIED.);
#265=B_SPLINE_CURVE_WITH_KNOTS('',3,(#11120,#11121,#11122,#11123,#11124),
 .UNSPECIFIED.,.F.,.F.,(4,1,4),(0.,0.0437024431957193,0.0905464770959556),
 .UNSPECIFIED.);
#266=B_SPLINE_CURVE_WITH_KNOTS('',3,(#11126,#11127,#11128,#11129,#11130),
 .UNSPECIFIED.,.F.,.F.,(4,1,4),(-0.0905464770959556,-0.0437024431957193,
0.),.UNSPECIFIED.);
#267=B_SPLINE_CURVE_WITH_KNOTS('',3,(#11143,#11144,#11145,#11146,#11147),
 .UNSPECIFIED.,.F.,.F.,(4,1,4),(0.,0.051657317050648,0.096052238580239),
 .UNSPECIFIED.);
#268=B_SPLINE_CURVE_WITH_KNOTS('',3,(#11149,#11150,#11151,#11152,#11153),
 .UNSPECIFIED.,.F.,.F.,(4,1,4),(-0.096052238580239,-0.051657317050648,0.),
 .UNSPECIFIED.);
#269=B_SPLINE_CURVE_WITH_KNOTS('',3,(#11166,#11167,#11168,#11169,#11170),
 .UNSPECIFIED.,.F.,.F.,(4,1,4),(0.,0.0395721362541004,0.0766484126437031),
 .UNSPECIFIED.);
#270=B_SPLINE_CURVE_WITH_KNOTS('',3,(#11172,#11173,#11174,#11175,#11176),
 .UNSPECIFIED.,.F.,.F.,(4,1,4),(-0.0766484126437031,-0.0395721362541004,
0.),.UNSPECIFIED.);
#271=B_SPLINE_CURVE_WITH_KNOTS('',3,(#11189,#11190,#11191,#11192,#11193),
 .UNSPECIFIED.,.F.,.F.,(4,1,4),(0.,0.0363547893770856,0.0720046433802578),
 .UNSPECIFIED.);
#272=B_SPLINE_CURVE_WITH_KNOTS('',3,(#11195,#11196,#11197,#11198,#11199),
 .UNSPECIFIED.,.F.,.F.,(4,1,4),(-0.0720046433802578,-0.0363547893770856,
0.),.UNSPECIFIED.);
#273=B_SPLINE_CURVE_WITH_KNOTS('',3,(#11212,#11213,#11214,#11215,#11216),
 .UNSPECIFIED.,.F.,.F.,(4,1,4),(0.,0.0531407271091528,0.141242068988828),
 .UNSPECIFIED.);
#274=B_SPLINE_CURVE_WITH_KNOTS('',3,(#11218,#11219,#11220,#11221,#11222),
 .UNSPECIFIED.,.F.,.F.,(4,1,4),(-0.141242068988828,-0.0531407271091528,
0.),.UNSPECIFIED.);
#275=B_SPLINE_CURVE_WITH_KNOTS('',3,(#11253,#11254,#11255,#11256,#11257),
 .UNSPECIFIED.,.F.,.F.,(4,1,4),(0.,0.0762958906380184,0.113922898583284),
 .UNSPECIFIED.);
#276=B_SPLINE_CURVE_WITH_KNOTS('',3,(#11259,#11260,#11261,#11262,#11263),
 .UNSPECIFIED.,.F.,.F.,(4,1,4),(-0.113922898583284,-0.0762958906380184,
0.),.UNSPECIFIED.);
#277=B_SPLINE_CURVE_WITH_KNOTS('',3,(#11276,#11277,#11278,#11279,#11280),
 .UNSPECIFIED.,.F.,.F.,(4,1,4),(0.,0.0172913661375237,0.038688561081718),
 .UNSPECIFIED.);
#278=B_SPLINE_CURVE_WITH_KNOTS('',3,(#11282,#11283,#11284,#11285,#11286),
 .UNSPECIFIED.,.F.,.F.,(4,1,4),(-0.038688561081718,-0.0172913661375237,
0.),.UNSPECIFIED.);
#279=B_SPLINE_CURVE_WITH_KNOTS('',3,(#11299,#11300,#11301,#11302,#11303),
 .UNSPECIFIED.,.F.,.F.,(4,1,4),(0.,0.0226376758486828,0.0402915088479461),
 .UNSPECIFIED.);
#280=B_SPLINE_CURVE_WITH_KNOTS('',3,(#11305,#11306,#11307,#11308,#11309),
 .UNSPECIFIED.,.F.,.F.,(4,1,4),(-0.0402915088479461,-0.0226376758486828,
0.),.UNSPECIFIED.);
#281=B_SPLINE_CURVE_WITH_KNOTS('',3,(#11322,#11323,#11324,#11325,#11326),
 .UNSPECIFIED.,.F.,.F.,(4,1,4),(0.,0.0392651910613481,0.119417958948158),
 .UNSPECIFIED.);
#282=B_SPLINE_CURVE_WITH_KNOTS('',3,(#11328,#11329,#11330,#11331,#11332),
 .UNSPECIFIED.,.F.,.F.,(4,1,4),(-0.119417958948158,-0.0392651910613481,
0.),.UNSPECIFIED.);
#283=B_SPLINE_CURVE_WITH_KNOTS('',3,(#11381,#11382,#11383,#11384,#11385),
 .UNSPECIFIED.,.F.,.F.,(4,1,4),(0.,0.0513715351764362,0.0798575948761494),
 .UNSPECIFIED.);
#284=B_SPLINE_CURVE_WITH_KNOTS('',3,(#11389,#11390,#11391,#11392,#11393),
 .UNSPECIFIED.,.F.,.F.,(4,1,4),(-0.0798575948761494,-0.0513715351764362,
0.),.UNSPECIFIED.);
#285=B_SPLINE_CURVE_WITH_KNOTS('',3,(#11406,#11407,#11408,#11409,#11410),
 .UNSPECIFIED.,.F.,.F.,(4,1,4),(0.,0.0162550542443891,0.0350805552863597),
 .UNSPECIFIED.);
#286=B_SPLINE_CURVE_WITH_KNOTS('',3,(#11412,#11413,#11414,#11415,#11416),
 .UNSPECIFIED.,.F.,.F.,(4,1,4),(-0.0350805552863597,-0.0162550542443891,
0.),.UNSPECIFIED.);
#287=B_SPLINE_CURVE_WITH_KNOTS('',3,(#11429,#11430,#11431,#11432,#11433),
 .UNSPECIFIED.,.F.,.F.,(4,1,4),(0.,0.018976564933784,0.0355389590034208),
 .UNSPECIFIED.);
#288=B_SPLINE_CURVE_WITH_KNOTS('',3,(#11435,#11436,#11437,#11438,#11439),
 .UNSPECIFIED.,.F.,.F.,(4,1,4),(-0.0355389590034208,-0.018976564933784,
0.),.UNSPECIFIED.);
#289=B_SPLINE_CURVE_WITH_KNOTS('',3,(#11452,#11453,#11454,#11455,#11456),
 .UNSPECIFIED.,.F.,.F.,(4,1,4),(0.,0.028572562933704,0.0799494303319951),
 .UNSPECIFIED.);
#290=B_SPLINE_CURVE_WITH_KNOTS('',3,(#11458,#11459,#11460,#11461,#11462),
 .UNSPECIFIED.,.F.,.F.,(4,1,4),(-0.0799494303319951,-0.028572562933704,
0.),.UNSPECIFIED.);
#291=B_SPLINE_CURVE_WITH_KNOTS('',3,(#11481,#11482,#11483,#11484,#11485),
 .UNSPECIFIED.,.F.,.F.,(4,1,4),(0.,0.0479820077811588,0.0762517822995118),
 .UNSPECIFIED.);
#292=B_SPLINE_CURVE_WITH_KNOTS('',3,(#11487,#11488,#11489,#11490,#11491),
 .UNSPECIFIED.,.F.,.F.,(4,1,4),(-0.0762517822995118,-0.0479820077811588,
0.),.UNSPECIFIED.);
#293=B_SPLINE_CURVE_WITH_KNOTS('',3,(#11504,#11505,#11506,#11507,#11508),
 .UNSPECIFIED.,.F.,.F.,(4,1,4),(0.,0.0171612189981375,0.0357563444397427),
 .UNSPECIFIED.);
#294=B_SPLINE_CURVE_WITH_KNOTS('',3,(#11510,#11511,#11512,#11513,#11514),
 .UNSPECIFIED.,.F.,.F.,(4,1,4),(-0.0357563444397427,-0.0171612189981375,
0.),.UNSPECIFIED.);
#295=B_SPLINE_CURVE_WITH_KNOTS('',3,(#11527,#11528,#11529,#11530,#11531),
 .UNSPECIFIED.,.F.,.F.,(4,1,4),(0.,0.0188846196002498,0.0351195119249445),
 .UNSPECIFIED.);
#296=B_SPLINE_CURVE_WITH_KNOTS('',3,(#11533,#11534,#11535,#11536,#11537),
 .UNSPECIFIED.,.F.,.F.,(4,1,4),(-0.0351195119249445,-0.0188846196002498,
0.),.UNSPECIFIED.);
#297=B_SPLINE_CURVE_WITH_KNOTS('',3,(#11550,#11551,#11552,#11553,#11554),
 .UNSPECIFIED.,.F.,.F.,(4,1,4),(0.,0.0258786455365735,0.0697688189944411),
 .UNSPECIFIED.);
#298=B_SPLINE_CURVE_WITH_KNOTS('',3,(#11556,#11557,#11558,#11559,#11560),
 .UNSPECIFIED.,.F.,.F.,(4,1,4),(-0.0697688189944411,-0.0258786455365735,
0.),.UNSPECIFIED.);
#299=B_SPLINE_CURVE_WITH_KNOTS('',3,(#11585,#11586,#11587,#11588,#11589),
 .UNSPECIFIED.,.F.,.F.,(4,1,4),(0.,0.0958554880042757,0.16269946705589),
 .UNSPECIFIED.);
#300=B_SPLINE_CURVE_WITH_KNOTS('',3,(#11591,#11592,#11593,#11594,#11595),
 .UNSPECIFIED.,.F.,.F.,(4,1,4),(-0.16269946705589,-0.0958554880042757,0.),
 .UNSPECIFIED.);
#301=B_SPLINE_CURVE_WITH_KNOTS('',3,(#11608,#11609,#11610,#11611,#11612),
 .UNSPECIFIED.,.F.,.F.,(4,1,4),(0.,0.0528407833213484,0.108221371381418),
 .UNSPECIFIED.);
#302=B_SPLINE_CURVE_WITH_KNOTS('',3,(#11614,#11615,#11616,#11617,#11618),
 .UNSPECIFIED.,.F.,.F.,(4,1,4),(-0.108221371381418,-0.0528407833213484,
0.),.UNSPECIFIED.);
#303=B_SPLINE_CURVE_WITH_KNOTS('',3,(#11631,#11632,#11633,#11634,#11635),
 .UNSPECIFIED.,.F.,.F.,(4,1,4),(0.,0.0569737914530981,0.115613341647404),
 .UNSPECIFIED.);
#304=B_SPLINE_CURVE_WITH_KNOTS('',3,(#11637,#11638,#11639,#11640,#11641),
 .UNSPECIFIED.,.F.,.F.,(4,1,4),(-0.115613341647404,-0.0569737914530981,
0.),.UNSPECIFIED.);
#305=B_SPLINE_CURVE_WITH_KNOTS('',3,(#11654,#11655,#11656,#11657,#11658),
 .UNSPECIFIED.,.F.,.F.,(4,1,4),(0.,0.0634269736025648,0.1335030892533),
 .UNSPECIFIED.);
#306=B_SPLINE_CURVE_WITH_KNOTS('',3,(#11660,#11661,#11662,#11663,#11664),
 .UNSPECIFIED.,.F.,.F.,(4,1,4),(-0.1335030892533,-0.0634269736025648,0.),
 .UNSPECIFIED.);
#307=B_SPLINE_CURVE_WITH_KNOTS('',3,(#11677,#11678,#11679,#11680,#11681),
 .UNSPECIFIED.,.F.,.F.,(4,1,4),(0.,0.0765719095666374,0.141793510729291),
 .UNSPECIFIED.);
#308=B_SPLINE_CURVE_WITH_KNOTS('',3,(#11683,#11684,#11685,#11686,#11687),
 .UNSPECIFIED.,.F.,.F.,(4,1,4),(-0.141793510729291,-0.0765719095666374,
0.),.UNSPECIFIED.);
#309=B_SPLINE_CURVE_WITH_KNOTS('',3,(#11700,#11701,#11702,#11703,#11704),
 .UNSPECIFIED.,.F.,.F.,(4,1,4),(0.,0.0559180391175682,0.105839985796659),
 .UNSPECIFIED.);
#310=B_SPLINE_CURVE_WITH_KNOTS('',3,(#11706,#11707,#11708,#11709,#11710),
 .UNSPECIFIED.,.F.,.F.,(4,1,4),(-0.105839985796659,-0.0559180391175682,
0.),.UNSPECIFIED.);
#311=B_SPLINE_CURVE_WITH_KNOTS('',3,(#11723,#11724,#11725,#11726,#11727),
 .UNSPECIFIED.,.F.,.F.,(4,1,4),(0.,0.048909166725191,0.100534778313521),
 .UNSPECIFIED.);
#312=B_SPLINE_CURVE_WITH_KNOTS('',3,(#11729,#11730,#11731,#11732,#11733),
 .UNSPECIFIED.,.F.,.F.,(4,1,4),(-0.100534778313521,-0.048909166725191,0.),
 .UNSPECIFIED.);
#313=B_SPLINE_CURVE_WITH_KNOTS('',3,(#11746,#11747,#11748,#11749,#11750),
 .UNSPECIFIED.,.F.,.F.,(4,1,4),(0.,0.0660323499643002,0.15743270202974),
 .UNSPECIFIED.);
#314=B_SPLINE_CURVE_WITH_KNOTS('',3,(#11752,#11753,#11754,#11755,#11756),
 .UNSPECIFIED.,.F.,.F.,(4,1,4),(-0.15743270202974,-0.0660323499643002,0.),
 .UNSPECIFIED.);
#315=B_SPLINE_CURVE_WITH_KNOTS('',3,(#11775,#11776,#11777,#11778,#11779),
 .UNSPECIFIED.,.F.,.F.,(4,1,4),(0.,0.101947673813661,0.180897787380569),
 .UNSPECIFIED.);
#316=B_SPLINE_CURVE_WITH_KNOTS('',3,(#11781,#11782,#11783,#11784,#11785),
 .UNSPECIFIED.,.F.,.F.,(4,1,4),(-0.180897787380569,-0.101947673813661,0.),
 .UNSPECIFIED.);
#317=B_SPLINE_CURVE_WITH_KNOTS('',3,(#11798,#11799,#11800,#11801,#11802),
 .UNSPECIFIED.,.F.,.F.,(4,1,4),(0.,0.0674501655643506,0.138171078223614),
 .UNSPECIFIED.);
#318=B_SPLINE_CURVE_WITH_KNOTS('',3,(#11804,#11805,#11806,#11807,#11808),
 .UNSPECIFIED.,.F.,.F.,(4,1,4),(-0.138171078223614,-0.0674501655643506,
0.),.UNSPECIFIED.);
#319=B_SPLINE_CURVE_WITH_KNOTS('',3,(#11821,#11822,#11823,#11824,#11825),
 .UNSPECIFIED.,.F.,.F.,(4,1,4),(0.,0.0787975215029691,0.170420896198246),
 .UNSPECIFIED.);
#320=B_SPLINE_CURVE_WITH_KNOTS('',3,(#11827,#11828,#11829,#11830,#11831),
 .UNSPECIFIED.,.F.,.F.,(4,1,4),(-0.170420896198246,-0.0787975215029691,
0.),.UNSPECIFIED.);
#321=B_SPLINE_CURVE_WITH_KNOTS('',3,(#11844,#11845,#11846,#11847,#11848),
 .UNSPECIFIED.,.F.,.F.,(4,1,4),(0.,0.0783074031670793,0.147083484075267),
 .UNSPECIFIED.);
#322=B_SPLINE_CURVE_WITH_KNOTS('',3,(#11850,#11851,#11852,#11853,#11854),
 .UNSPECIFIED.,.F.,.F.,(4,1,4),(-0.147083484075267,-0.0783074031670793,
0.),.UNSPECIFIED.);
#323=B_SPLINE_CURVE_WITH_KNOTS('',3,(#11867,#11868,#11869,#11870,#11871),
 .UNSPECIFIED.,.F.,.F.,(4,1,4),(0.,0.060627285592626,0.114397252730409),
 .UNSPECIFIED.);
#324=B_SPLINE_CURVE_WITH_KNOTS('',3,(#11873,#11874,#11875,#11876,#11877),
 .UNSPECIFIED.,.F.,.F.,(4,1,4),(-0.114397252730409,-0.060627285592626,0.),
 .UNSPECIFIED.);
#325=B_SPLINE_CURVE_WITH_KNOTS('',3,(#11890,#11891,#11892,#11893,#11894),
 .UNSPECIFIED.,.F.,.F.,(4,1,4),(0.,0.0492094664608962,0.0946027674735097),
 .UNSPECIFIED.);
#326=B_SPLINE_CURVE_WITH_KNOTS('',3,(#11896,#11897,#11898,#11899,#11900),
 .UNSPECIFIED.,.F.,.F.,(4,1,4),(-0.0946027674735097,-0.0492094664608962,
0.),.UNSPECIFIED.);
#327=B_SPLINE_CURVE_WITH_KNOTS('',3,(#11912,#11913,#11914,#11915,#11916),
 .UNSPECIFIED.,.F.,.F.,(4,1,4),(0.,0.0544908788752805,0.130523326816854),
 .UNSPECIFIED.);
#328=B_SPLINE_CURVE_WITH_KNOTS('',3,(#11917,#11918,#11919,#11920,#11921),
 .UNSPECIFIED.,.F.,.F.,(4,1,4),(-0.130523326816854,-0.0544908788752805,
0.),.UNSPECIFIED.);
#329=B_SPLINE_CURVE_WITH_KNOTS('',3,(#11961,#11962,#11963,#11964,#11965),
 .UNSPECIFIED.,.F.,.F.,(4,1,4),(0.,0.0377269375296526,0.0613027129975057),
 .UNSPECIFIED.);
#330=B_SPLINE_CURVE_WITH_KNOTS('',3,(#11969,#11970,#11971,#11972,#11973),
 .UNSPECIFIED.,.F.,.F.,(4,1,4),(-0.0613027129975057,-0.0377269375296526,
0.),.UNSPECIFIED.);
#331=B_SPLINE_CURVE_WITH_KNOTS('',3,(#11986,#11987,#11988,#11989,#11990),
 .UNSPECIFIED.,.F.,.F.,(4,1,4),(0.,0.0163239024274416,0.0357811096441548),
 .UNSPECIFIED.);
#332=B_SPLINE_CURVE_WITH_KNOTS('',3,(#11992,#11993,#11994,#11995,#11996),
 .UNSPECIFIED.,.F.,.F.,(4,1,4),(-0.0357811096441548,-0.0163239024274416,
0.),.UNSPECIFIED.);
#333=B_SPLINE_CURVE_WITH_KNOTS('',3,(#12009,#12010,#12011,#12012,#12013),
 .UNSPECIFIED.,.F.,.F.,(4,1,4),(0.,0.0189285165915913,0.0343380258162632),
 .UNSPECIFIED.);
#334=B_SPLINE_CURVE_WITH_KNOTS('',3,(#12015,#12016,#12017,#12018,#12019),
 .UNSPECIFIED.,.F.,.F.,(4,1,4),(-0.0343380258162632,-0.0189285165915913,
0.),.UNSPECIFIED.);
#335=B_SPLINE_CURVE_WITH_KNOTS('',3,(#12032,#12033,#12034,#12035,#12036),
 .UNSPECIFIED.,.F.,.F.,(4,1,4),(0.,0.0232016218826156,0.0628566293034486),
 .UNSPECIFIED.);
#336=B_SPLINE_CURVE_WITH_KNOTS('',3,(#12038,#12039,#12040,#12041,#12042),
 .UNSPECIFIED.,.F.,.F.,(4,1,4),(-0.0628566293034486,-0.0232016218826156,
0.),.UNSPECIFIED.);
#337=B_SPLINE_CURVE_WITH_KNOTS('',3,(#12061,#12062,#12063,#12064,#12065),
 .UNSPECIFIED.,.F.,.F.,(4,1,4),(0.,0.0415021392914485,0.0664499612924924),
 .UNSPECIFIED.);
#338=B_SPLINE_CURVE_WITH_KNOTS('',3,(#12067,#12068,#12069,#12070,#12071),
 .UNSPECIFIED.,.F.,.F.,(4,1,4),(-0.0664499612924924,-0.0415021392914485,
0.),.UNSPECIFIED.);
#339=B_SPLINE_CURVE_WITH_KNOTS('',3,(#12084,#12085,#12086,#12087,#12088),
 .UNSPECIFIED.,.F.,.F.,(4,1,4),(0.,0.0160118085178184,0.0340502465767633),
 .UNSPECIFIED.);
#340=B_SPLINE_CURVE_WITH_KNOTS('',3,(#12090,#12091,#12092,#12093,#12094),
 .UNSPECIFIED.,.F.,.F.,(4,1,4),(-0.0340502465767633,-0.0160118085178184,
0.),.UNSPECIFIED.);
#341=B_SPLINE_CURVE_WITH_KNOTS('',3,(#12107,#12108,#12109,#12110,#12111),
 .UNSPECIFIED.,.F.,.F.,(4,1,4),(0.,0.0205508925232265,0.038421886211051),
 .UNSPECIFIED.);
#342=B_SPLINE_CURVE_WITH_KNOTS('',3,(#12113,#12114,#12115,#12116,#12117),
 .UNSPECIFIED.,.F.,.F.,(4,1,4),(-0.038421886211051,-0.0205508925232265,
0.),.UNSPECIFIED.);
#343=B_SPLINE_CURVE_WITH_KNOTS('',3,(#12130,#12131,#12132,#12133,#12134),
 .UNSPECIFIED.,.F.,.F.,(4,1,4),(0.,0.0309347136069671,0.0867922093367281),
 .UNSPECIFIED.);
#344=B_SPLINE_CURVE_WITH_KNOTS('',3,(#12136,#12137,#12138,#12139,#12140),
 .UNSPECIFIED.,.F.,.F.,(4,1,4),(-0.0867922093367281,-0.0309347136069671,
0.),.UNSPECIFIED.);
#345=B_SPLINE_CURVE_WITH_KNOTS('',3,(#12177,#12178,#12179,#12180,#12181),
 .UNSPECIFIED.,.F.,.F.,(4,1,4),(0.,0.0490567506772396,0.0941012842549192),
 .UNSPECIFIED.);
#346=B_SPLINE_CURVE_WITH_KNOTS('',3,(#12183,#12184,#12185,#12186,#12187),
 .UNSPECIFIED.,.F.,.F.,(4,1,4),(-0.0941012842549192,-0.0490567506772396,
0.),.UNSPECIFIED.);
#347=B_SPLINE_CURVE_WITH_KNOTS('',3,(#12200,#12201,#12202,#12203,#12204),
 .UNSPECIFIED.,.F.,.F.,(4,1,4),(0.,0.0427868817568022,0.0853510037872826),
 .UNSPECIFIED.);
#348=B_SPLINE_CURVE_WITH_KNOTS('',3,(#12206,#12207,#12208,#12209,#12210),
 .UNSPECIFIED.,.F.,.F.,(4,1,4),(-0.0853510037872826,-0.0427868817568022,
0.),.UNSPECIFIED.);
#349=B_SPLINE_CURVE_WITH_KNOTS('',3,(#12223,#12224,#12225,#12226,#12227),
 .UNSPECIFIED.,.F.,.F.,(4,1,4),(0.,0.0547365036799377,0.1065644093031),
 .UNSPECIFIED.);
#350=B_SPLINE_CURVE_WITH_KNOTS('',3,(#12229,#12230,#12231,#12232,#12233),
 .UNSPECIFIED.,.F.,.F.,(4,1,4),(-0.1065644093031,-0.0547365036799377,0.),
 .UNSPECIFIED.);
#351=B_SPLINE_CURVE_WITH_KNOTS('',3,(#12246,#12247,#12248,#12249,#12250),
 .UNSPECIFIED.,.F.,.F.,(4,1,4),(0.,0.0480641537445116,0.0906440246592801),
 .UNSPECIFIED.);
#352=B_SPLINE_CURVE_WITH_KNOTS('',3,(#12252,#12253,#12254,#12255,#12256),
 .UNSPECIFIED.,.F.,.F.,(4,1,4),(-0.0906440246592801,-0.0480641537445116,
0.),.UNSPECIFIED.);
#353=B_SPLINE_CURVE_WITH_KNOTS('',3,(#12269,#12270,#12271,#12272,#12273),
 .UNSPECIFIED.,.F.,.F.,(4,1,4),(0.,0.0535774639054537,0.131769994765012),
 .UNSPECIFIED.);
#354=B_SPLINE_CURVE_WITH_KNOTS('',3,(#12275,#12276,#12277,#12278,#12279),
 .UNSPECIFIED.,.F.,.F.,(4,1,4),(-0.131769994765012,-0.0535774639054537,
0.),.UNSPECIFIED.);
#355=B_SPLINE_CURVE_WITH_KNOTS('',3,(#12298,#12299,#12300,#12301,#12302),
 .UNSPECIFIED.,.F.,.F.,(4,1,4),(0.,0.0808158828553704,0.134849978644957),
 .UNSPECIFIED.);
#356=B_SPLINE_CURVE_WITH_KNOTS('',3,(#12304,#12305,#12306,#12307,#12308),
 .UNSPECIFIED.,.F.,.F.,(4,1,4),(-0.134849978644957,-0.0808158828553704,
0.),.UNSPECIFIED.);
#357=B_SPLINE_CURVE_WITH_KNOTS('',3,(#12321,#12322,#12323,#12324,#12325),
 .UNSPECIFIED.,.F.,.F.,(4,1,4),(0.,0.0421056868641122,0.0900891743524144),
 .UNSPECIFIED.);
#358=B_SPLINE_CURVE_WITH_KNOTS('',3,(#12327,#12328,#12329,#12330,#12331),
 .UNSPECIFIED.,.F.,.F.,(4,1,4),(-0.0900891743524144,-0.0421056868641122,
0.),.UNSPECIFIED.);
#359=B_SPLINE_CURVE_WITH_KNOTS('',3,(#12344,#12345,#12346,#12347,#12348),
 .UNSPECIFIED.,.F.,.F.,(4,1,4),(0.,0.0524606377617116,0.108705880938072),
 .UNSPECIFIED.);
#360=B_SPLINE_CURVE_WITH_KNOTS('',3,(#12350,#12351,#12352,#12353,#12354),
 .UNSPECIFIED.,.F.,.F.,(4,1,4),(-0.108705880938072,-0.0524606377617116,
0.),.UNSPECIFIED.);
#361=B_SPLINE_CURVE_WITH_KNOTS('',3,(#12367,#12368,#12369,#12370,#12371),
 .UNSPECIFIED.,.F.,.F.,(4,1,4),(0.,0.0445907509021388,0.0870196310214523),
 .UNSPECIFIED.);
#362=B_SPLINE_CURVE_WITH_KNOTS('',3,(#12373,#12374,#12375,#12376,#12377),
 .UNSPECIFIED.,.F.,.F.,(4,1,4),(-0.0870196310214523,-0.0445907509021388,
0.),.UNSPECIFIED.);
#363=B_SPLINE_CURVE_WITH_KNOTS('',3,(#12390,#12391,#12392,#12393,#12394),
 .UNSPECIFIED.,.F.,.F.,(4,1,4),(0.,0.0423425729508002,0.0866487775783438),
 .UNSPECIFIED.);
#364=B_SPLINE_CURVE_WITH_KNOTS('',3,(#12396,#12397,#12398,#12399,#12400),
 .UNSPECIFIED.,.F.,.F.,(4,1,4),(-0.0866487775783438,-0.0423425729508002,
0.),.UNSPECIFIED.);
#365=B_SPLINE_CURVE_WITH_KNOTS('',3,(#12457,#12458,#12459,#12460,#12461),
 .UNSPECIFIED.,.F.,.F.,(4,1,4),(0.,0.063036111336115,0.0909237333524028),
 .UNSPECIFIED.);
#366=B_SPLINE_CURVE_WITH_KNOTS('',3,(#12463,#12464,#12465,#12466,#12467),
 .UNSPECIFIED.,.F.,.F.,(4,1,4),(-0.0909237333524028,-0.063036111336115,
0.),.UNSPECIFIED.);
#367=B_SPLINE_CURVE_WITH_KNOTS('',3,(#12480,#12481,#12482,#12483,#12484),
 .UNSPECIFIED.,.F.,.F.,(4,1,4),(0.,0.0226340681646271,0.0706362093437198),
 .UNSPECIFIED.);
#368=B_SPLINE_CURVE_WITH_KNOTS('',3,(#12486,#12487,#12488,#12489,#12490),
 .UNSPECIFIED.,.F.,.F.,(4,1,4),(-0.0706362093437198,-0.0226340681646271,
0.),.UNSPECIFIED.);
#369=B_SPLINE_CURVE_WITH_KNOTS('',3,(#12515,#12516,#12517,#12518,#12519),
 .UNSPECIFIED.,.F.,.F.,(4,1,4),(0.,0.0730605244128666,0.121992462184512),
 .UNSPECIFIED.);
#370=B_SPLINE_CURVE_WITH_KNOTS('',3,(#12521,#12522,#12523,#12524,#12525),
 .UNSPECIFIED.,.F.,.F.,(4,1,4),(-0.121992462184512,-0.0730605244128666,
0.),.UNSPECIFIED.);
#371=B_SPLINE_CURVE_WITH_KNOTS('',3,(#12538,#12539,#12540,#12541,#12542),
 .UNSPECIFIED.,.F.,.F.,(4,1,4),(0.,0.0362335932846332,0.0728181525412646),
 .UNSPECIFIED.);
#372=B_SPLINE_CURVE_WITH_KNOTS('',3,(#12544,#12545,#12546,#12547,#12548),
 .UNSPECIFIED.,.F.,.F.,(4,1,4),(-0.0728181525412646,-0.0362335932846332,
0.),.UNSPECIFIED.);
#373=B_SPLINE_CURVE_WITH_KNOTS('',3,(#12561,#12562,#12563,#12564,#12565),
 .UNSPECIFIED.,.F.,.F.,(4,1,4),(0.,0.0355494500559373,0.0689859744152523),
 .UNSPECIFIED.);
#374=B_SPLINE_CURVE_WITH_KNOTS('',3,(#12567,#12568,#12569,#12570,#12571),
 .UNSPECIFIED.,.F.,.F.,(4,1,4),(-0.0689859744152523,-0.0355494500559373,
0.),.UNSPECIFIED.);
#375=B_SPLINE_CURVE_WITH_KNOTS('',3,(#12584,#12585,#12586,#12587,#12588),
 .UNSPECIFIED.,.F.,.F.,(4,1,4),(0.,0.0555922073047457,0.155591280756162),
 .UNSPECIFIED.);
#376=B_SPLINE_CURVE_WITH_KNOTS('',3,(#12590,#12591,#12592,#12593,#12594),
 .UNSPECIFIED.,.F.,.F.,(4,1,4),(-0.155591280756162,-0.0555922073047457,
0.),.UNSPECIFIED.);
#377=B_SPLINE_CURVE_WITH_KNOTS('',3,(#12656,#12657,#12658,#12659,#12660),
 .UNSPECIFIED.,.F.,.F.,(4,1,4),(0.,0.0464305296703336,0.0724451797314793),
 .UNSPECIFIED.);
#378=B_SPLINE_CURVE_WITH_KNOTS('',3,(#12662,#12663,#12664,#12665,#12666),
 .UNSPECIFIED.,.F.,.F.,(4,1,4),(-0.0724451797314793,-0.0464305296703336,
0.),.UNSPECIFIED.);
#379=B_SPLINE_CURVE_WITH_KNOTS('',3,(#12679,#12680,#12681,#12682,#12683),
 .UNSPECIFIED.,.F.,.F.,(4,1,4),(0.,0.0160507000255921,0.0374651672826788),
 .UNSPECIFIED.);
#380=B_SPLINE_CURVE_WITH_KNOTS('',3,(#12685,#12686,#12687,#12688,#12689),
 .UNSPECIFIED.,.F.,.F.,(4,1,4),(-0.0374651672826788,-0.0160507000255921,
0.),.UNSPECIFIED.);
#381=B_SPLINE_CURVE_WITH_KNOTS('',3,(#12702,#12703,#12704,#12705,#12706),
 .UNSPECIFIED.,.F.,.F.,(4,1,4),(0.,0.0187009939356745,0.0354614958093721),
 .UNSPECIFIED.);
#382=B_SPLINE_CURVE_WITH_KNOTS('',3,(#12708,#12709,#12710,#12711,#12712),
 .UNSPECIFIED.,.F.,.F.,(4,1,4),(-0.0354614958093721,-0.0187009939356745,
0.),.UNSPECIFIED.);
#383=B_SPLINE_CURVE_WITH_KNOTS('',3,(#12725,#12726,#12727,#12728,#12729),
 .UNSPECIFIED.,.F.,.F.,(4,1,4),(0.,0.0190736797337859,0.0435355842069784),
 .UNSPECIFIED.);
#384=B_SPLINE_CURVE_WITH_KNOTS('',3,(#12731,#12732,#12733,#12734,#12735),
 .UNSPECIFIED.,.F.,.F.,(4,1,4),(-0.0435355842069784,-0.0190736797337859,
0.),.UNSPECIFIED.);
#385=B_SPLINE_CURVE_WITH_KNOTS('',3,(#12748,#12749,#12750,#12751,#12752),
 .UNSPECIFIED.,.F.,.F.,(4,1,4),(0.,0.0326854258409845,0.0556474521629145),
 .UNSPECIFIED.);
#386=B_SPLINE_CURVE_WITH_KNOTS('',3,(#12754,#12755,#12756,#12757,#12758),
 .UNSPECIFIED.,.F.,.F.,(4,1,4),(-0.0556474521629145,-0.0326854258409845,
0.),.UNSPECIFIED.);
#387=B_SPLINE_CURVE_WITH_KNOTS('',3,(#12771,#12772,#12773,#12774,#12775),
 .UNSPECIFIED.,.F.,.F.,(4,1,4),(0.,0.0212312961183455,0.050336013212113),
 .UNSPECIFIED.);
#388=B_SPLINE_CURVE_WITH_KNOTS('',3,(#12777,#12778,#12779,#12780,#12781),
 .UNSPECIFIED.,.F.,.F.,(4,1,4),(-0.050336013212113,-0.0212312961183455,
0.),.UNSPECIFIED.);
#389=B_SPLINE_CURVE_WITH_KNOTS('',3,(#12794,#12795,#12796,#12797,#12798),
 .UNSPECIFIED.,.F.,.F.,(4,1,4),(0.,0.0476515843494382,0.124040913652283),
 .UNSPECIFIED.);
#390=B_SPLINE_CURVE_WITH_KNOTS('',3,(#12800,#12801,#12802,#12803,#12804),
 .UNSPECIFIED.,.F.,.F.,(4,1,4),(-0.124040913652283,-0.0476515843494382,
0.),.UNSPECIFIED.);
#391=B_SPLINE_CURVE_WITH_KNOTS('',3,(#12817,#12818,#12819,#12820,#12821),
 .UNSPECIFIED.,.F.,.F.,(4,1,4),(0.,0.103751650689695,0.175331212274588),
 .UNSPECIFIED.);
#392=B_SPLINE_CURVE_WITH_KNOTS('',3,(#12823,#12824,#12825,#12826,#12827),
 .UNSPECIFIED.,.F.,.F.,(4,1,4),(-0.175331212274588,-0.103751650689695,0.),
 .UNSPECIFIED.);
#393=B_SPLINE_CURVE_WITH_KNOTS('',3,(#12840,#12841,#12842,#12843,#12844),
 .UNSPECIFIED.,.F.,.F.,(4,1,4),(0.,0.0629810076668456,0.142343288266849),
 .UNSPECIFIED.);
#394=B_SPLINE_CURVE_WITH_KNOTS('',3,(#12846,#12847,#12848,#12849,#12850),
 .UNSPECIFIED.,.F.,.F.,(4,1,4),(-0.142343288266849,-0.0629810076668456,
0.),.UNSPECIFIED.);
#395=B_SPLINE_CURVE_WITH_KNOTS('',3,(#12863,#12864,#12865,#12866,#12867),
 .UNSPECIFIED.,.F.,.F.,(4,1,4),(0.,0.0880249623720479,0.154183943331346),
 .UNSPECIFIED.);
#396=B_SPLINE_CURVE_WITH_KNOTS('',3,(#12869,#12870,#12871,#12872,#12873),
 .UNSPECIFIED.,.F.,.F.,(4,1,4),(-0.154183943331346,-0.0880249623720479,
0.),.UNSPECIFIED.);
#397=B_SPLINE_CURVE_WITH_KNOTS('',3,(#12886,#12887,#12888,#12889,#12890),
 .UNSPECIFIED.,.F.,.F.,(4,1,4),(0.,0.056875758233142,0.118750595355769),
 .UNSPECIFIED.);
#398=B_SPLINE_CURVE_WITH_KNOTS('',3,(#12892,#12893,#12894,#12895,#12896),
 .UNSPECIFIED.,.F.,.F.,(4,1,4),(-0.118750595355769,-0.056875758233142,0.),
 .UNSPECIFIED.);
#399=B_SPLINE_CURVE_WITH_KNOTS('',3,(#12909,#12910,#12911,#12912,#12913),
 .UNSPECIFIED.,.F.,.F.,(4,1,4),(0.,0.070189823390646,0.150087145087183),
 .UNSPECIFIED.);
#400=B_SPLINE_CURVE_WITH_KNOTS('',3,(#12915,#12916,#12917,#12918,#12919),
 .UNSPECIFIED.,.F.,.F.,(4,1,4),(-0.150087145087183,-0.070189823390646,0.),
 .UNSPECIFIED.);
#401=B_SPLINE_CURVE_WITH_KNOTS('',3,(#12932,#12933,#12934,#12935,#12936),
 .UNSPECIFIED.,.F.,.F.,(4,1,4),(0.,0.0885594455611776,0.166312574461895),
 .UNSPECIFIED.);
#402=B_SPLINE_CURVE_WITH_KNOTS('',3,(#12938,#12939,#12940,#12941,#12942),
 .UNSPECIFIED.,.F.,.F.,(4,1,4),(-0.166312574461895,-0.0885594455611776,
0.),.UNSPECIFIED.);
#403=B_SPLINE_CURVE_WITH_KNOTS('',3,(#12955,#12956,#12957,#12958,#12959),
 .UNSPECIFIED.,.F.,.F.,(4,1,4),(0.,0.0668832090925611,0.124762192290515),
 .UNSPECIFIED.);
#404=B_SPLINE_CURVE_WITH_KNOTS('',3,(#12961,#12962,#12963,#12964,#12965),
 .UNSPECIFIED.,.F.,.F.,(4,1,4),(-0.124762192290515,-0.0668832090925611,
0.),.UNSPECIFIED.);
#405=B_SPLINE_CURVE_WITH_KNOTS('',3,(#12978,#12979,#12980,#12981,#12982),
 .UNSPECIFIED.,.F.,.F.,(4,1,4),(0.,0.0663939393856848,0.15617912411263),
 .UNSPECIFIED.);
#406=B_SPLINE_CURVE_WITH_KNOTS('',3,(#12984,#12985,#12986,#12987,#12988),
 .UNSPECIFIED.,.F.,.F.,(4,1,4),(-0.15617912411263,-0.0663939393856848,0.),
 .UNSPECIFIED.);
#407=B_SPLINE_CURVE_WITH_KNOTS('',3,(#13019,#13020,#13021,#13022,#13023),
 .UNSPECIFIED.,.F.,.F.,(4,1,4),(0.,0.0545487759365314,0.0865131586729539),
 .UNSPECIFIED.);
#408=B_SPLINE_CURVE_WITH_KNOTS('',3,(#13025,#13026,#13027,#13028,#13029),
 .UNSPECIFIED.,.F.,.F.,(4,1,4),(-0.0865131586729539,-0.0545487759365314,
0.),.UNSPECIFIED.);
#409=B_SPLINE_CURVE_WITH_KNOTS('',3,(#13042,#13043,#13044,#13045,#13046),
 .UNSPECIFIED.,.F.,.F.,(4,1,4),(0.,0.0193455678234524,0.0405441711939003),
 .UNSPECIFIED.);
#410=B_SPLINE_CURVE_WITH_KNOTS('',3,(#13048,#13049,#13050,#13051,#13052),
 .UNSPECIFIED.,.F.,.F.,(4,1,4),(-0.0405441711939003,-0.0193455678234524,
0.),.UNSPECIFIED.);
#411=B_SPLINE_CURVE_WITH_KNOTS('',3,(#13065,#13066,#13067,#13068,#13069),
 .UNSPECIFIED.,.F.,.F.,(4,1,4),(0.,0.0227880014250759,0.0403913696032244),
 .UNSPECIFIED.);
#412=B_SPLINE_CURVE_WITH_KNOTS('',3,(#13071,#13072,#13073,#13074,#13075),
 .UNSPECIFIED.,.F.,.F.,(4,1,4),(-0.0403913696032244,-0.0227880014250759,
0.),.UNSPECIFIED.);
#413=B_SPLINE_CURVE_WITH_KNOTS('',3,(#13088,#13089,#13090,#13091,#13092),
 .UNSPECIFIED.,.F.,.F.,(4,1,4),(0.,0.0220677438419835,0.0574493310545358),
 .UNSPECIFIED.);
#414=B_SPLINE_CURVE_WITH_KNOTS('',3,(#13094,#13095,#13096,#13097,#13098),
 .UNSPECIFIED.,.F.,.F.,(4,1,4),(-0.0574493310545358,-0.0220677438419835,
0.),.UNSPECIFIED.);
#415=B_SPLINE_CURVE_WITH_KNOTS('',3,(#13111,#13112,#13113,#13114,#13115),
 .UNSPECIFIED.,.F.,.F.,(4,1,4),(0.,0.0478354795080156,0.0755640762710973),
 .UNSPECIFIED.);
#416=B_SPLINE_CURVE_WITH_KNOTS('',3,(#13117,#13118,#13119,#13120,#13121),
 .UNSPECIFIED.,.F.,.F.,(4,1,4),(-0.0755640762710973,-0.0478354795080156,
0.),.UNSPECIFIED.);
#417=B_SPLINE_CURVE_WITH_KNOTS('',3,(#13134,#13135,#13136,#13137,#13138),
 .UNSPECIFIED.,.F.,.F.,(4,1,4),(0.,0.0523791940591466,0.16969102653358),
 .UNSPECIFIED.);
#418=B_SPLINE_CURVE_WITH_KNOTS('',3,(#13140,#13141,#13142,#13143,#13144),
 .UNSPECIFIED.,.F.,.F.,(4,1,4),(-0.16969102653358,-0.0523791940591466,0.),
 .UNSPECIFIED.);
#419=B_SPLINE_CURVE_WITH_KNOTS('',3,(#13157,#13158,#13159,#13160,#13161),
 .UNSPECIFIED.,.F.,.F.,(4,1,4),(0.,0.106297419688358,0.176332802823525),
 .UNSPECIFIED.);
#420=B_SPLINE_CURVE_WITH_KNOTS('',3,(#13163,#13164,#13165,#13166,#13167),
 .UNSPECIFIED.,.F.,.F.,(4,1,4),(-0.176332802823525,-0.106297419688358,0.),
 .UNSPECIFIED.);
#421=B_SPLINE_CURVE_WITH_KNOTS('',3,(#13180,#13181,#13182,#13183,#13184),
 .UNSPECIFIED.,.F.,.F.,(4,1,4),(0.,0.0579381878505517,0.122687735604118),
 .UNSPECIFIED.);
#422=B_SPLINE_CURVE_WITH_KNOTS('',3,(#13186,#13187,#13188,#13189,#13190),
 .UNSPECIFIED.,.F.,.F.,(4,1,4),(-0.122687735604118,-0.0579381878505517,
0.),.UNSPECIFIED.);
#423=B_SPLINE_CURVE_WITH_KNOTS('',3,(#13203,#13204,#13205,#13206,#13207),
 .UNSPECIFIED.,.F.,.F.,(4,1,4),(0.,0.0855611394455585,0.148187507617054),
 .UNSPECIFIED.);
#424=B_SPLINE_CURVE_WITH_KNOTS('',3,(#13209,#13210,#13211,#13212,#13213),
 .UNSPECIFIED.,.F.,.F.,(4,1,4),(-0.148187507617054,-0.0855611394455585,
0.),.UNSPECIFIED.);
#425=B_SPLINE_CURVE_WITH_KNOTS('',3,(#13226,#13227,#13228,#13229,#13230),
 .UNSPECIFIED.,.F.,.F.,(4,1,4),(0.,0.0541249867739796,0.115386439333272),
 .UNSPECIFIED.);
#426=B_SPLINE_CURVE_WITH_KNOTS('',3,(#13232,#13233,#13234,#13235,#13236),
 .UNSPECIFIED.,.F.,.F.,(4,1,4),(-0.115386439333272,-0.0541249867739796,
0.),.UNSPECIFIED.);
#427=B_SPLINE_CURVE_WITH_KNOTS('',3,(#13249,#13250,#13251,#13252,#13253),
 .UNSPECIFIED.,.F.,.F.,(4,1,4),(0.,0.0697299071549311,0.147120586072859),
 .UNSPECIFIED.);
#428=B_SPLINE_CURVE_WITH_KNOTS('',3,(#13255,#13256,#13257,#13258,#13259),
 .UNSPECIFIED.,.F.,.F.,(4,1,4),(-0.147120586072859,-0.0697299071549311,
0.),.UNSPECIFIED.);
#429=B_SPLINE_CURVE_WITH_KNOTS('',3,(#13272,#13273,#13274,#13275,#13276),
 .UNSPECIFIED.,.F.,.F.,(4,1,4),(0.,0.0756099431556835,0.140719820719793),
 .UNSPECIFIED.);
#430=B_SPLINE_CURVE_WITH_KNOTS('',3,(#13278,#13279,#13280,#13281,#13282),
 .UNSPECIFIED.,.F.,.F.,(4,1,4),(-0.140719820719793,-0.0756099431556835,
0.),.UNSPECIFIED.);
#431=B_SPLINE_CURVE_WITH_KNOTS('',3,(#13295,#13296,#13297,#13298,#13299),
 .UNSPECIFIED.,.F.,.F.,(4,1,4),(0.,0.0559126205672762,0.104124872942859),
 .UNSPECIFIED.);
#432=B_SPLINE_CURVE_WITH_KNOTS('',3,(#13301,#13302,#13303,#13304,#13305),
 .UNSPECIFIED.,.F.,.F.,(4,1,4),(-0.104124872942859,-0.0559126205672762,
0.),.UNSPECIFIED.);
#433=B_SPLINE_CURVE_WITH_KNOTS('',3,(#13318,#13319,#13320,#13321,#13322),
 .UNSPECIFIED.,.F.,.F.,(4,1,4),(0.,0.0409206390381137,0.0736687799059146),
 .UNSPECIFIED.);
#434=B_SPLINE_CURVE_WITH_KNOTS('',3,(#13324,#13325,#13326,#13327,#13328),
 .UNSPECIFIED.,.F.,.F.,(4,1,4),(-0.0736687799059146,-0.0409206390381137,
0.),.UNSPECIFIED.);
#435=B_SPLINE_CURVE_WITH_KNOTS('',3,(#13341,#13342,#13343,#13344,#13345),
 .UNSPECIFIED.,.F.,.F.,(4,1,4),(0.,0.0375308295983951,0.0911377809401911),
 .UNSPECIFIED.);
#436=B_SPLINE_CURVE_WITH_KNOTS('',3,(#13347,#13348,#13349,#13350,#13351),
 .UNSPECIFIED.,.F.,.F.,(4,1,4),(-0.0911377809401911,-0.0375308295983951,
0.),.UNSPECIFIED.);
#437=B_SPLINE_CURVE_WITH_KNOTS('',3,(#13383,#13384,#13385,#13386,#13387),
 .UNSPECIFIED.,.F.,.F.,(4,1,4),(0.,0.0464304105337391,0.0724449714401529),
 .UNSPECIFIED.);
#438=B_SPLINE_CURVE_WITH_KNOTS('',3,(#13389,#13390,#13391,#13392,#13393),
 .UNSPECIFIED.,.F.,.F.,(4,1,4),(-0.0724449714401529,-0.0464304105337391,
0.),.UNSPECIFIED.);
#439=B_SPLINE_CURVE_WITH_KNOTS('',3,(#13406,#13407,#13408,#13409,#13410),
 .UNSPECIFIED.,.F.,.F.,(4,1,4),(0.,0.0160507843186251,0.037465720912726),
 .UNSPECIFIED.);
#440=B_SPLINE_CURVE_WITH_KNOTS('',3,(#13412,#13413,#13414,#13415,#13416),
 .UNSPECIFIED.,.F.,.F.,(4,1,4),(-0.037465720912726,-0.0160507843186251,
0.),.UNSPECIFIED.);
#441=B_SPLINE_CURVE_WITH_KNOTS('',3,(#13429,#13430,#13431,#13432,#13433),
 .UNSPECIFIED.,.F.,.F.,(4,1,4),(0.,0.0187012282032741,0.0354615433681889),
 .UNSPECIFIED.);
#442=B_SPLINE_CURVE_WITH_KNOTS('',3,(#13435,#13436,#13437,#13438,#13439),
 .UNSPECIFIED.,.F.,.F.,(4,1,4),(-0.0354615433681889,-0.0187012282032741,
0.),.UNSPECIFIED.);
#443=B_SPLINE_CURVE_WITH_KNOTS('',3,(#13452,#13453,#13454,#13455,#13456),
 .UNSPECIFIED.,.F.,.F.,(4,1,4),(0.,0.0190735711606196,0.0435355429810133),
 .UNSPECIFIED.);
#444=B_SPLINE_CURVE_WITH_KNOTS('',3,(#13458,#13459,#13460,#13461,#13462),
 .UNSPECIFIED.,.F.,.F.,(4,1,4),(-0.0435355429810133,-0.0190735711606196,
0.),.UNSPECIFIED.);
#445=B_SPLINE_CURVE_WITH_KNOTS('',3,(#13475,#13476,#13477,#13478,#13479),
 .UNSPECIFIED.,.F.,.F.,(4,1,4),(0.,0.0326854258409845,0.0556474112780942),
 .UNSPECIFIED.);
#446=B_SPLINE_CURVE_WITH_KNOTS('',3,(#13481,#13482,#13483,#13484,#13485),
 .UNSPECIFIED.,.F.,.F.,(4,1,4),(-0.0556474112780942,-0.0326854258409845,
0.),.UNSPECIFIED.);
#447=B_SPLINE_CURVE_WITH_KNOTS('',3,(#13498,#13499,#13500,#13501,#13502),
 .UNSPECIFIED.,.F.,.F.,(4,1,4),(0.,0.0212311925093479,0.05033607467672),
 .UNSPECIFIED.);
#448=B_SPLINE_CURVE_WITH_KNOTS('',3,(#13504,#13505,#13506,#13507,#13508),
 .UNSPECIFIED.,.F.,.F.,(4,1,4),(-0.05033607467672,-0.0212311925093479,0.),
 .UNSPECIFIED.);
#449=B_SPLINE_CURVE_WITH_KNOTS('',3,(#13521,#13522,#13523,#13524,#13525),
 .UNSPECIFIED.,.F.,.F.,(4,1,4),(0.,0.0476518493514541,0.124040645616997),
 .UNSPECIFIED.);
#450=B_SPLINE_CURVE_WITH_KNOTS('',3,(#13527,#13528,#13529,#13530,#13531),
 .UNSPECIFIED.,.F.,.F.,(4,1,4),(-0.124040645616997,-0.0476518493514541,
0.),.UNSPECIFIED.);
#451=B_SPLINE_CURVE_WITH_KNOTS('',3,(#13544,#13545,#13546,#13547,#13548),
 .UNSPECIFIED.,.F.,.F.,(4,1,4),(0.,0.103752064437725,0.175331626022619),
 .UNSPECIFIED.);
#452=B_SPLINE_CURVE_WITH_KNOTS('',3,(#13550,#13551,#13552,#13553,#13554),
 .UNSPECIFIED.,.F.,.F.,(4,1,4),(-0.175331626022619,-0.103752064437725,0.),
 .UNSPECIFIED.);
#453=B_SPLINE_CURVE_WITH_KNOTS('',3,(#13567,#13568,#13569,#13570,#13571),
 .UNSPECIFIED.,.F.,.F.,(4,1,4),(0.,0.0629808986475701,0.142343297772295),
 .UNSPECIFIED.);
#454=B_SPLINE_CURVE_WITH_KNOTS('',3,(#13573,#13574,#13575,#13576,#13577),
 .UNSPECIFIED.,.F.,.F.,(4,1,4),(-0.142343297772295,-0.0629808986475701,
0.),.UNSPECIFIED.);
#455=B_SPLINE_CURVE_WITH_KNOTS('',3,(#13590,#13591,#13592,#13593,#13594),
 .UNSPECIFIED.,.F.,.F.,(4,1,4),(0.,0.0880249623720479,0.154184083563735),
 .UNSPECIFIED.);
#456=B_SPLINE_CURVE_WITH_KNOTS('',3,(#13596,#13597,#13598,#13599,#13600),
 .UNSPECIFIED.,.F.,.F.,(4,1,4),(-0.154184083563735,-0.0880249623720479,
0.),.UNSPECIFIED.);
#457=B_SPLINE_CURVE_WITH_KNOTS('',3,(#13613,#13614,#13615,#13616,#13617),
 .UNSPECIFIED.,.F.,.F.,(4,1,4),(0.,0.0568754675957485,0.118750304718375),
 .UNSPECIFIED.);
#458=B_SPLINE_CURVE_WITH_KNOTS('',3,(#13619,#13620,#13621,#13622,#13623),
 .UNSPECIFIED.,.F.,.F.,(4,1,4),(-0.118750304718375,-0.0568754675957485,
0.),.UNSPECIFIED.);
#459=B_SPLINE_CURVE_WITH_KNOTS('',3,(#13636,#13637,#13638,#13639,#13640),
 .UNSPECIFIED.,.F.,.F.,(4,1,4),(0.,0.0701893675830032,0.150087164349942),
 .UNSPECIFIED.);
#460=B_SPLINE_CURVE_WITH_KNOTS('',3,(#13642,#13643,#13644,#13645,#13646),
 .UNSPECIFIED.,.F.,.F.,(4,1,4),(-0.150087164349942,-0.0701893675830032,
0.),.UNSPECIFIED.);
#461=B_SPLINE_CURVE_WITH_KNOTS('',3,(#13659,#13660,#13661,#13662,#13663),
 .UNSPECIFIED.,.F.,.F.,(4,1,4),(0.,0.0885596831432538,0.166312812043971),
 .UNSPECIFIED.);
#462=B_SPLINE_CURVE_WITH_KNOTS('',3,(#13665,#13666,#13667,#13668,#13669),
 .UNSPECIFIED.,.F.,.F.,(4,1,4),(-0.166312812043971,-0.0885596831432538,
0.),.UNSPECIFIED.);
#463=B_SPLINE_CURVE_WITH_KNOTS('',3,(#13682,#13683,#13684,#13685,#13686),
 .UNSPECIFIED.,.F.,.F.,(4,1,4),(0.,0.0668830057019286,0.124761988899882),
 .UNSPECIFIED.);
#464=B_SPLINE_CURVE_WITH_KNOTS('',3,(#13688,#13689,#13690,#13691,#13692),
 .UNSPECIFIED.,.F.,.F.,(4,1,4),(-0.124761988899882,-0.0668830057019286,
0.),.UNSPECIFIED.);
#465=B_SPLINE_CURVE_WITH_KNOTS('',3,(#13705,#13706,#13707,#13708,#13709),
 .UNSPECIFIED.,.F.,.F.,(4,1,4),(0.,0.0663940757930939,0.156179141607473),
 .UNSPECIFIED.);
#466=B_SPLINE_CURVE_WITH_KNOTS('',3,(#13711,#13712,#13713,#13714,#13715),
 .UNSPECIFIED.,.F.,.F.,(4,1,4),(-0.156179141607473,-0.0663940757930939,
0.),.UNSPECIFIED.);
#467=B_SPLINE_CURVE_WITH_KNOTS('',3,(#13746,#13747,#13748,#13749,#13750),
 .UNSPECIFIED.,.F.,.F.,(4,1,4),(0.,0.0545487668252275,0.08651314956165),
 .UNSPECIFIED.);
#468=B_SPLINE_CURVE_WITH_KNOTS('',3,(#13752,#13753,#13754,#13755,#13756),
 .UNSPECIFIED.,.F.,.F.,(4,1,4),(-0.08651314956165,-0.0545487668252275,0.),
 .UNSPECIFIED.);
#469=B_SPLINE_CURVE_WITH_KNOTS('',3,(#13769,#13770,#13771,#13772,#13773),
 .UNSPECIFIED.,.F.,.F.,(4,1,4),(0.,0.0193457210164318,0.0405443243868797),
 .UNSPECIFIED.);
#470=B_SPLINE_CURVE_WITH_KNOTS('',3,(#13775,#13776,#13777,#13778,#13779),
 .UNSPECIFIED.,.F.,.F.,(4,1,4),(-0.0405443243868797,-0.0193457210164318,
0.),.UNSPECIFIED.);
#471=B_SPLINE_CURVE_WITH_KNOTS('',3,(#13792,#13793,#13794,#13795,#13796),
 .UNSPECIFIED.,.F.,.F.,(4,1,4),(0.,0.0227880014250759,0.0403913696032244),
 .UNSPECIFIED.);
#472=B_SPLINE_CURVE_WITH_KNOTS('',3,(#13798,#13799,#13800,#13801,#13802),
 .UNSPECIFIED.,.F.,.F.,(4,1,4),(-0.0403913696032244,-0.0227880014250759,
0.),.UNSPECIFIED.);
#473=B_SPLINE_CURVE_WITH_KNOTS('',3,(#13815,#13816,#13817,#13818,#13819),
 .UNSPECIFIED.,.F.,.F.,(4,1,4),(0.,0.0220677438419835,0.0574492956743708),
 .UNSPECIFIED.);
#474=B_SPLINE_CURVE_WITH_KNOTS('',3,(#13821,#13822,#13823,#13824,#13825),
 .UNSPECIFIED.,.F.,.F.,(4,1,4),(-0.0574492956743708,-0.0220677438419835,
0.),.UNSPECIFIED.);
#475=B_SPLINE_CURVE_WITH_KNOTS('',3,(#13838,#13839,#13840,#13841,#13842),
 .UNSPECIFIED.,.F.,.F.,(4,1,4),(0.,0.0478354795080156,0.0755639654065058),
 .UNSPECIFIED.);
#476=B_SPLINE_CURVE_WITH_KNOTS('',3,(#13844,#13845,#13846,#13847,#13848),
 .UNSPECIFIED.,.F.,.F.,(4,1,4),(-0.0755639654065058,-0.0478354795080156,
0.),.UNSPECIFIED.);
#477=B_SPLINE_CURVE_WITH_KNOTS('',3,(#13861,#13862,#13863,#13864,#13865),
 .UNSPECIFIED.,.F.,.F.,(4,1,4),(0.,0.0523788658182714,0.169691052603001),
 .UNSPECIFIED.);
#478=B_SPLINE_CURVE_WITH_KNOTS('',3,(#13867,#13868,#13869,#13870,#13871),
 .UNSPECIFIED.,.F.,.F.,(4,1,4),(-0.169691052603001,-0.0523788658182714,
0.),.UNSPECIFIED.);
#479=B_SPLINE_CURVE_WITH_KNOTS('',3,(#13884,#13885,#13886,#13887,#13888),
 .UNSPECIFIED.,.F.,.F.,(4,1,4),(0.,0.106297485753771,0.176332713814259),
 .UNSPECIFIED.);
#480=B_SPLINE_CURVE_WITH_KNOTS('',3,(#13890,#13891,#13892,#13893,#13894),
 .UNSPECIFIED.,.F.,.F.,(4,1,4),(-0.176332713814259,-0.106297485753771,0.),
 .UNSPECIFIED.);
#481=B_SPLINE_CURVE_WITH_KNOTS('',3,(#13907,#13908,#13909,#13910,#13911),
 .UNSPECIFIED.,.F.,.F.,(4,1,4),(0.,0.0579382621951718,0.122687787773501),
 .UNSPECIFIED.);
#482=B_SPLINE_CURVE_WITH_KNOTS('',3,(#13913,#13914,#13915,#13916,#13917),
 .UNSPECIFIED.,.F.,.F.,(4,1,4),(-0.122687787773501,-0.0579382621951718,
0.),.UNSPECIFIED.);
#483=B_SPLINE_CURVE_WITH_KNOTS('',3,(#13930,#13931,#13932,#13933,#13934),
 .UNSPECIFIED.,.F.,.F.,(4,1,4),(0.,0.0855611394455585,0.148187620927463),
 .UNSPECIFIED.);
#484=B_SPLINE_CURVE_WITH_KNOTS('',3,(#13936,#13937,#13938,#13939,#13940),
 .UNSPECIFIED.,.F.,.F.,(4,1,4),(-0.148187620927463,-0.0855611394455585,
0.),.UNSPECIFIED.);
#485=B_SPLINE_CURVE_WITH_KNOTS('',3,(#13953,#13954,#13955,#13956,#13957),
 .UNSPECIFIED.,.F.,.F.,(4,1,4),(0.,0.0541248957972362,0.115386348356528),
 .UNSPECIFIED.);
#486=B_SPLINE_CURVE_WITH_KNOTS('',3,(#13959,#13960,#13961,#13962,#13963),
 .UNSPECIFIED.,.F.,.F.,(4,1,4),(-0.115386348356528,-0.0541248957972362,
0.),.UNSPECIFIED.);
#487=B_SPLINE_CURVE_WITH_KNOTS('',3,(#13976,#13977,#13978,#13979,#13980),
 .UNSPECIFIED.,.F.,.F.,(4,1,4),(0.,0.069730398432966,0.14712059235978),
 .UNSPECIFIED.);
#488=B_SPLINE_CURVE_WITH_KNOTS('',3,(#13982,#13983,#13984,#13985,#13986),
 .UNSPECIFIED.,.F.,.F.,(4,1,4),(-0.14712059235978,-0.069730398432966,0.),
 .UNSPECIFIED.);
#489=B_SPLINE_CURVE_WITH_KNOTS('',3,(#13999,#14000,#14001,#14002,#14003),
 .UNSPECIFIED.,.F.,.F.,(4,1,4),(0.,0.0756097052957576,0.140719582859867),
 .UNSPECIFIED.);
#490=B_SPLINE_CURVE_WITH_KNOTS('',3,(#14005,#14006,#14007,#14008,#14009),
 .UNSPECIFIED.,.F.,.F.,(4,1,4),(-0.140719582859867,-0.0756097052957576,
0.),.UNSPECIFIED.);
#491=B_SPLINE_CURVE_WITH_KNOTS('',3,(#14022,#14023,#14024,#14025,#14026),
 .UNSPECIFIED.,.F.,.F.,(4,1,4),(0.,0.0559126205672762,0.10412494873181),
 .UNSPECIFIED.);
#492=B_SPLINE_CURVE_WITH_KNOTS('',3,(#14028,#14029,#14030,#14031,#14032),
 .UNSPECIFIED.,.F.,.F.,(4,1,4),(-0.10412494873181,-0.0559126205672762,0.),
 .UNSPECIFIED.);
#493=B_SPLINE_CURVE_WITH_KNOTS('',3,(#14045,#14046,#14047,#14048,#14049),
 .UNSPECIFIED.,.F.,.F.,(4,1,4),(0.,0.0409204483033338,0.0736685891711347),
 .UNSPECIFIED.);
#494=B_SPLINE_CURVE_WITH_KNOTS('',3,(#14051,#14052,#14053,#14054,#14055),
 .UNSPECIFIED.,.F.,.F.,(4,1,4),(-0.0736685891711347,-0.0409204483033338,
0.),.UNSPECIFIED.);
#495=B_SPLINE_CURVE_WITH_KNOTS('',3,(#14068,#14069,#14070,#14071,#14072),
 .UNSPECIFIED.,.F.,.F.,(4,1,4),(0.,0.0375310096059065,0.0911379609477024),
 .UNSPECIFIED.);
#496=B_SPLINE_CURVE_WITH_KNOTS('',3,(#14074,#14075,#14076,#14077,#14078),
 .UNSPECIFIED.,.F.,.F.,(4,1,4),(-0.0911379609477024,-0.0375310096059065,
0.),.UNSPECIFIED.);
#497=B_SPLINE_CURVE_WITH_KNOTS('',3,(#14104,#14105,#14106,#14107,#14108),
 .UNSPECIFIED.,.F.,.F.,(4,1,4),(0.,0.11077052244577,0.207889520034164),
 .UNSPECIFIED.);
#498=B_SPLINE_CURVE_WITH_KNOTS('',3,(#14110,#14111,#14112,#14113,#14114),
 .UNSPECIFIED.,.F.,.F.,(4,1,4),(-0.207889520034164,-0.11077052244577,0.),
 .UNSPECIFIED.);
#499=B_SPLINE_CURVE_WITH_KNOTS('',3,(#14133,#14134,#14135,#14136,#14137),
 .UNSPECIFIED.,.F.,.F.,(4,1,4),(0.,0.0596303621143595,0.103138895324726),
 .UNSPECIFIED.);
#500=B_SPLINE_CURVE_WITH_KNOTS('',3,(#14139,#14140,#14141,#14142,#14143),
 .UNSPECIFIED.,.F.,.F.,(4,1,4),(-0.103138895324726,-0.0596303621143595,
0.),.UNSPECIFIED.);
#501=B_SPLINE_CURVE_WITH_KNOTS('',3,(#14156,#14157,#14158,#14159,#14160),
 .UNSPECIFIED.,.F.,.F.,(4,1,4),(0.,0.0341173921735593,0.0665205622452586),
 .UNSPECIFIED.);
#502=B_SPLINE_CURVE_WITH_KNOTS('',3,(#14162,#14163,#14164,#14165,#14166),
 .UNSPECIFIED.,.F.,.F.,(4,1,4),(-0.0665205622452586,-0.0341173921735593,
0.),.UNSPECIFIED.);
#503=B_SPLINE_CURVE_WITH_KNOTS('',3,(#14179,#14180,#14181,#14182,#14183),
 .UNSPECIFIED.,.F.,.F.,(4,1,4),(0.,0.054868500121882,0.152554485572411),
 .UNSPECIFIED.);
#504=B_SPLINE_CURVE_WITH_KNOTS('',3,(#14185,#14186,#14187,#14188,#14189),
 .UNSPECIFIED.,.F.,.F.,(4,1,4),(-0.152554485572411,-0.054868500121882,0.),
 .UNSPECIFIED.);
#505=B_SPLINE_CURVE_WITH_KNOTS('',3,(#14257,#14258,#14259,#14260,#14261),
 .UNSPECIFIED.,.F.,.F.,(4,1,4),(0.,0.113992792216859,0.322935566500342),
 .UNSPECIFIED.);
#506=B_SPLINE_CURVE_WITH_KNOTS('',3,(#14263,#14264,#14265,#14266,#14267),
 .UNSPECIFIED.,.F.,.F.,(4,1,4),(-0.322935566500342,-0.113992792216859,0.),
 .UNSPECIFIED.);
#507=B_SPLINE_CURVE_WITH_KNOTS('',3,(#14280,#14281,#14282,#14283,#14284),
 .UNSPECIFIED.,.F.,.F.,(4,1,4),(0.,0.141022708047368,0.277881707011242),
 .UNSPECIFIED.);
#508=B_SPLINE_CURVE_WITH_KNOTS('',3,(#14286,#14287,#14288,#14289,#14290),
 .UNSPECIFIED.,.F.,.F.,(4,1,4),(-0.277881707011242,-0.141022708047368,0.),
 .UNSPECIFIED.);
#509=B_SPLINE_SURFACE_WITH_KNOTS('',3,1,((#9017,#9018),(#9019,#9020),(#9021,
#9022),(#9023,#9024),(#9025,#9026)),.UNSPECIFIED.,.F.,.F.,.F.,(4,1,4),(2,
2),(-0.0826095586023588,-0.0523747312506831,0.),(0.,0.2),.UNSPECIFIED.);
#510=B_SPLINE_SURFACE_WITH_KNOTS('',3,1,((#9040,#9041),(#9042,#9043),(#9044,
#9045),(#9046,#9047),(#9048,#9049)),.UNSPECIFIED.,.F.,.F.,.F.,(4,1,4),(2,
2),(-0.0353792901526634,-0.0173254641768483,0.),(0.,0.2),.UNSPECIFIED.);
#511=B_SPLINE_SURFACE_WITH_KNOTS('',3,1,((#9063,#9064),(#9065,#9066),(#9067,
#9068),(#9069,#9070),(#9071,#9072)),.UNSPECIFIED.,.F.,.F.,.F.,(4,1,4),(2,
2),(-0.0375884446550555,-0.0213666058272496,0.),(0.,0.2),.UNSPECIFIED.);
#512=B_SPLINE_SURFACE_WITH_KNOTS('',3,1,((#9086,#9087),(#9088,#9089),(#9090,
#9091),(#9092,#9093),(#9094,#9095)),.UNSPECIFIED.,.F.,.F.,.F.,(4,1,4),(2,
2),(-0.085316672152586,-0.0294736593511261,0.),(0.,0.2),.UNSPECIFIED.);
#513=B_SPLINE_SURFACE_WITH_KNOTS('',3,1,((#9133,#9134),(#9135,#9136),(#9137,
#9138),(#9139,#9140),(#9141,#9142)),.UNSPECIFIED.,.F.,.F.,.F.,(4,1,4),(2,
2),(-0.0723830865044064,-0.0457511703305535,0.),(0.,0.2),.UNSPECIFIED.);
#514=B_SPLINE_SURFACE_WITH_KNOTS('',3,1,((#9156,#9157),(#9158,#9159),(#9160,
#9161),(#9162,#9163),(#9164,#9165)),.UNSPECIFIED.,.F.,.F.,.F.,(4,1,4),(2,
2),(-0.0363803673965213,-0.016816321745693,0.),(0.,0.2),.UNSPECIFIED.);
#515=B_SPLINE_SURFACE_WITH_KNOTS('',3,1,((#9179,#9180),(#9181,#9182),(#9183,
#9184),(#9185,#9186),(#9187,#9188)),.UNSPECIFIED.,.F.,.F.,.F.,(4,1,4),(2,
2),(-0.0457289645490351,-0.0242941328258702,0.),(0.,0.2),.UNSPECIFIED.);
#516=B_SPLINE_SURFACE_WITH_KNOTS('',3,1,((#9202,#9203),(#9204,#9205),(#9206,
#9207),(#9208,#9209),(#9210,#9211)),.UNSPECIFIED.,.F.,.F.,.F.,(4,1,4),(2,
2),(-0.0833279728041455,-0.0320831005213245,0.),(0.,0.2),.UNSPECIFIED.);
#517=B_SPLINE_SURFACE_WITH_KNOTS('',3,1,((#9243,#9244),(#9245,#9246),(#9247,
#9248),(#9249,#9250),(#9251,#9252)),.UNSPECIFIED.,.F.,.F.,.F.,(4,1,4),(2,
2),(-0.117298811199145,-0.0672137263642089,0.),(0.,0.2),.UNSPECIFIED.);
#518=B_SPLINE_SURFACE_WITH_KNOTS('',3,1,((#9266,#9267),(#9268,#9269),(#9270,
#9271),(#9272,#9273),(#9274,#9275)),.UNSPECIFIED.,.F.,.F.,.F.,(4,1,4),(2,
2),(-0.0984550781641428,-0.045083430306483,0.),(0.,0.2),.UNSPECIFIED.);
#519=B_SPLINE_SURFACE_WITH_KNOTS('',3,1,((#9289,#9290),(#9291,#9292),(#9293,
#9294),(#9295,#9296),(#9297,#9298)),.UNSPECIFIED.,.F.,.F.,.F.,(4,1,4),(2,
2),(-0.114093135370348,-0.0568889643103944,0.),(0.,0.2),.UNSPECIFIED.);
#520=B_SPLINE_SURFACE_WITH_KNOTS('',3,1,((#9312,#9313),(#9314,#9315),(#9316,
#9317),(#9318,#9319),(#9320,#9321)),.UNSPECIFIED.,.F.,.F.,.F.,(4,1,4),(2,
2),(-0.138230463303667,-0.0633459512675923,0.),(0.,0.2),.UNSPECIFIED.);
#521=B_SPLINE_SURFACE_WITH_KNOTS('',3,1,((#9335,#9336),(#9337,#9338),(#9339,
#9340),(#9341,#9342),(#9343,#9344)),.UNSPECIFIED.,.F.,.F.,.F.,(4,1,4),(2,
2),(-0.142027655555882,-0.0746475314763075,0.),(0.,0.2),.UNSPECIFIED.);
#522=B_SPLINE_SURFACE_WITH_KNOTS('',3,1,((#9358,#9359),(#9360,#9361),(#9362,
#9363),(#9364,#9365),(#9366,#9367)),.UNSPECIFIED.,.F.,.F.,.F.,(4,1,4),(2,
2),(-0.114079844016634,-0.0602524207013125,0.),(0.,0.2),.UNSPECIFIED.);
#523=B_SPLINE_SURFACE_WITH_KNOTS('',3,1,((#9381,#9382),(#9383,#9384),(#9385,
#9386),(#9387,#9388),(#9389,#9390)),.UNSPECIFIED.,.F.,.F.,.F.,(4,1,4),(2,
2),(-0.0999446758569171,-0.0506243120706626,0.),(0.,0.2),.UNSPECIFIED.);
#524=B_SPLINE_SURFACE_WITH_KNOTS('',3,1,((#9404,#9405),(#9406,#9407),(#9408,
#9409),(#9410,#9411),(#9412,#9413)),.UNSPECIFIED.,.F.,.F.,.F.,(4,1,4),(2,
2),(-0.140148830505253,-0.0595555415692534,0.),(0.,0.2),.UNSPECIFIED.);
#525=B_SPLINE_SURFACE_WITH_KNOTS('',3,1,((#9433,#9434),(#9435,#9436),(#9437,
#9438),(#9439,#9440),(#9441,#9442)),.UNSPECIFIED.,.F.,.F.,.F.,(4,1,4),(2,
2),(-0.172982985670937,-0.0963977642979206,0.),(0.,0.2),.UNSPECIFIED.);
#526=B_SPLINE_SURFACE_WITH_KNOTS('',3,1,((#9456,#9457),(#9458,#9459),(#9460,
#9461),(#9462,#9463),(#9464,#9465)),.UNSPECIFIED.,.F.,.F.,.F.,(4,1,4),(2,
2),(-0.136535798136494,-0.0668695104632995,0.),(0.,0.2),.UNSPECIFIED.);
#527=B_SPLINE_SURFACE_WITH_KNOTS('',3,1,((#9479,#9480),(#9481,#9482),(#9483,
#9484),(#9485,#9486),(#9487,#9488)),.UNSPECIFIED.,.F.,.F.,.F.,(4,1,4),(2,
2),(-0.156565787523499,-0.0752311318880411,0.),(0.,0.2),.UNSPECIFIED.);
#528=B_SPLINE_SURFACE_WITH_KNOTS('',3,1,((#9502,#9503),(#9504,#9505),(#9506,
#9507),(#9508,#9509),(#9510,#9511)),.UNSPECIFIED.,.F.,.F.,.F.,(4,1,4),(2,
2),(-0.179335726815204,-0.0963314558092128,0.),(0.,0.2),.UNSPECIFIED.);
#529=B_SPLINE_SURFACE_WITH_KNOTS('',3,1,((#9525,#9526),(#9527,#9528),(#9529,
#9530),(#9531,#9532),(#9533,#9534)),.UNSPECIFIED.,.F.,.F.,.F.,(4,1,4),(2,
2),(-0.144530457466202,-0.0742766398181801,0.),(0.,0.2),.UNSPECIFIED.);
#530=B_SPLINE_SURFACE_WITH_KNOTS('',3,1,((#9548,#9549),(#9550,#9551),(#9552,
#9553),(#9554,#9555),(#9556,#9557)),.UNSPECIFIED.,.F.,.F.,.F.,(4,1,4),(2,
2),(-0.187854431995646,-0.0817792686969976,0.),(0.,0.2),.UNSPECIFIED.);
#531=B_SPLINE_SURFACE_WITH_KNOTS('',3,1,((#9585,#9586),(#9587,#9588),(#9589,
#9590),(#9591,#9592),(#9593,#9594)),.UNSPECIFIED.,.F.,.F.,.F.,(4,1,4),(2,
2),(-0.0826095987858859,-0.0523747312506831,0.),(0.,0.2),.UNSPECIFIED.);
#532=B_SPLINE_SURFACE_WITH_KNOTS('',3,1,((#9608,#9609),(#9610,#9611),(#9612,
#9613),(#9614,#9615),(#9616,#9617)),.UNSPECIFIED.,.F.,.F.,.F.,(4,1,4),(2,
2),(-0.0353789716504669,-0.0173256065467575,0.),(0.,0.2),.UNSPECIFIED.);
#533=B_SPLINE_SURFACE_WITH_KNOTS('',3,1,((#9631,#9632),(#9633,#9634),(#9635,
#9636),(#9637,#9638),(#9639,#9640)),.UNSPECIFIED.,.F.,.F.,.F.,(4,1,4),(2,
2),(-0.0375884446550555,-0.0213666058272496,0.),(0.,0.2),.UNSPECIFIED.);
#534=B_SPLINE_SURFACE_WITH_KNOTS('',3,1,((#9654,#9655),(#9656,#9657),(#9658,
#9659),(#9660,#9661),(#9662,#9663)),.UNSPECIFIED.,.F.,.F.,.F.,(4,1,4),(2,
2),(-0.085316672152586,-0.0294736593511261,0.),(0.,0.2),.UNSPECIFIED.);
#535=B_SPLINE_SURFACE_WITH_KNOTS('',3,1,((#9701,#9702),(#9703,#9704),(#9705,
#9706),(#9707,#9708),(#9709,#9710)),.UNSPECIFIED.,.F.,.F.,.F.,(4,1,4),(2,
2),(-0.0723830865044064,-0.0457511703305535,0.),(0.,0.2),.UNSPECIFIED.);
#536=B_SPLINE_SURFACE_WITH_KNOTS('',3,1,((#9724,#9725),(#9726,#9727),(#9728,
#9729),(#9730,#9731),(#9732,#9733)),.UNSPECIFIED.,.F.,.F.,.F.,(4,1,4),(2,
2),(-0.0363803673965213,-0.016816321745693,0.),(0.,0.2),.UNSPECIFIED.);
#537=B_SPLINE_SURFACE_WITH_KNOTS('',3,1,((#9747,#9748),(#9749,#9750),(#9751,
#9752),(#9753,#9754),(#9755,#9756)),.UNSPECIFIED.,.F.,.F.,.F.,(4,1,4),(2,
2),(-0.0457288056733571,-0.0242941328258702,0.),(0.,0.2),.UNSPECIFIED.);
#538=B_SPLINE_SURFACE_WITH_KNOTS('',3,1,((#9770,#9771),(#9772,#9773),(#9774,
#9775),(#9776,#9777),(#9778,#9779)),.UNSPECIFIED.,.F.,.F.,.F.,(4,1,4),(2,
2),(-0.0833280261631841,-0.0320831538803632,0.),(0.,0.2),.UNSPECIFIED.);
#539=B_SPLINE_SURFACE_WITH_KNOTS('',3,1,((#9811,#9812),(#9813,#9814),(#9815,
#9816),(#9817,#9818),(#9819,#9820)),.UNSPECIFIED.,.F.,.F.,.F.,(4,1,4),(2,
2),(-0.117298777018802,-0.0672137263642089,0.),(0.,0.2),.UNSPECIFIED.);
#540=B_SPLINE_SURFACE_WITH_KNOTS('',3,1,((#9834,#9835),(#9836,#9837),(#9838,
#9839),(#9840,#9841),(#9842,#9843)),.UNSPECIFIED.,.F.,.F.,.F.,(4,1,4),(2,
2),(-0.0984551222925544,-0.0450833457872513,0.),(0.,0.2),.UNSPECIFIED.);
#541=B_SPLINE_SURFACE_WITH_KNOTS('',3,1,((#9857,#9858),(#9859,#9860),(#9861,
#9862),(#9863,#9864),(#9865,#9866)),.UNSPECIFIED.,.F.,.F.,.F.,(4,1,4),(2,
2),(-0.114093302658563,-0.0568891315986095,0.),(0.,0.2),.UNSPECIFIED.);
#542=B_SPLINE_SURFACE_WITH_KNOTS('',3,1,((#9880,#9881),(#9882,#9883),(#9884,
#9885),(#9886,#9887),(#9888,#9889)),.UNSPECIFIED.,.F.,.F.,.F.,(4,1,4),(2,
2),(-0.138230234025676,-0.0633457219896013,0.),(0.,0.2),.UNSPECIFIED.);
#543=B_SPLINE_SURFACE_WITH_KNOTS('',3,1,((#9903,#9904),(#9905,#9906),(#9907,
#9908),(#9909,#9910),(#9911,#9912)),.UNSPECIFIED.,.F.,.F.,.F.,(4,1,4),(2,
2),(-0.142027893275079,-0.0746477691955052,0.),(0.,0.2),.UNSPECIFIED.);
#544=B_SPLINE_SURFACE_WITH_KNOTS('',3,1,((#9926,#9927),(#9928,#9929),(#9930,
#9931),(#9932,#9933),(#9934,#9935)),.UNSPECIFIED.,.F.,.F.,.F.,(4,1,4),(2,
2),(-0.114079844016634,-0.0602524207013125,0.),(0.,0.2),.UNSPECIFIED.);
#545=B_SPLINE_SURFACE_WITH_KNOTS('',3,1,((#9949,#9950),(#9951,#9952),(#9953,
#9954),(#9955,#9956),(#9957,#9958)),.UNSPECIFIED.,.F.,.F.,.F.,(4,1,4),(2,
2),(-0.0999446758569171,-0.0506243120706626,0.),(0.,0.2),.UNSPECIFIED.);
#546=B_SPLINE_SURFACE_WITH_KNOTS('',3,1,((#9972,#9973),(#9974,#9975),(#9976,
#9977),(#9978,#9979),(#9980,#9981)),.UNSPECIFIED.,.F.,.F.,.F.,(4,1,4),(2,
2),(-0.14014882570869,-0.0595555415692534,0.),(0.,0.2),.UNSPECIFIED.);
#547=B_SPLINE_SURFACE_WITH_KNOTS('',3,1,((#10001,#10002),(#10003,#10004),
(#10005,#10006),(#10007,#10008),(#10009,#10010)),.UNSPECIFIED.,.F.,.F.,
 .F.,(4,1,4),(2,2),(-0.172982976695998,-0.0963977553229824,0.),(0.,0.2),
 .UNSPECIFIED.);
#548=B_SPLINE_SURFACE_WITH_KNOTS('',3,1,((#10024,#10025),(#10026,#10027),
(#10028,#10029),(#10030,#10031),(#10032,#10033)),.UNSPECIFIED.,.F.,.F.,
 .F.,(4,1,4),(2,2),(-0.136535798136494,-0.0668695104632995,0.),(0.,0.2),
 .UNSPECIFIED.);
#549=B_SPLINE_SURFACE_WITH_KNOTS('',3,1,((#10047,#10048),(#10049,#10050),
(#10051,#10052),(#10053,#10054),(#10055,#10056)),.UNSPECIFIED.,.F.,.F.,
 .F.,(4,1,4),(2,2),(-0.156565787523499,-0.0752311318880411,0.),(0.,0.2),
 .UNSPECIFIED.);
#550=B_SPLINE_SURFACE_WITH_KNOTS('',3,1,((#10070,#10071),(#10072,#10073),
(#10074,#10075),(#10076,#10077),(#10078,#10079)),.UNSPECIFIED.,.F.,.F.,
 .F.,(4,1,4),(2,2),(-0.179335963956017,-0.0963316929500262,0.),(0.,0.2),
 .UNSPECIFIED.);
#551=B_SPLINE_SURFACE_WITH_KNOTS('',3,1,((#10093,#10094),(#10095,#10096),
(#10097,#10098),(#10099,#10100),(#10101,#10102)),.UNSPECIFIED.,.F.,.F.,
 .F.,(4,1,4),(2,2),(-0.144530398964596,-0.0742764534510301,0.),(0.,0.2),
 .UNSPECIFIED.);
#552=B_SPLINE_SURFACE_WITH_KNOTS('',3,1,((#10116,#10117),(#10118,#10119),
(#10120,#10121),(#10122,#10123),(#10124,#10125)),.UNSPECIFIED.,.F.,.F.,
 .F.,(4,1,4),(2,2),(-0.187854371896273,-0.0817792085976248,0.),(0.,0.2),
 .UNSPECIFIED.);
#553=B_SPLINE_SURFACE_WITH_KNOTS('',3,1,((#10177,#10178),(#10179,#10180),
(#10181,#10182),(#10183,#10184),(#10185,#10186)),.UNSPECIFIED.,.F.,.F.,
 .F.,(4,1,4),(2,2),(-0.090923802973108,-0.0630362344225739,0.),(0.,0.2),
 .UNSPECIFIED.);
#554=B_SPLINE_SURFACE_WITH_KNOTS('',3,1,((#10200,#10201),(#10202,#10203),
(#10204,#10205),(#10206,#10207),(#10208,#10209)),.UNSPECIFIED.,.F.,.F.,
 .F.,(4,1,4),(2,2),(-0.0706360328915735,-0.0226341413582894,0.),(0.,0.2),
 .UNSPECIFIED.);
#555=B_SPLINE_SURFACE_WITH_KNOTS('',3,1,((#10235,#10236),(#10237,#10238),
(#10239,#10240),(#10241,#10242),(#10243,#10244)),.UNSPECIFIED.,.F.,.F.,
 .F.,(4,1,4),(2,2),(-0.121992699859286,-0.0730606435869309,0.),(0.,0.2),
 .UNSPECIFIED.);
#556=B_SPLINE_SURFACE_WITH_KNOTS('',3,1,((#10258,#10259),(#10260,#10261),
(#10262,#10263),(#10264,#10265),(#10266,#10267)),.UNSPECIFIED.,.F.,.F.,
 .F.,(4,1,4),(2,2),(-0.0728176862379895,-0.0362330293686179,0.),(0.,0.2),
 .UNSPECIFIED.);
#557=B_SPLINE_SURFACE_WITH_KNOTS('',3,1,((#10281,#10282),(#10283,#10284),
(#10285,#10286),(#10287,#10288),(#10289,#10290)),.UNSPECIFIED.,.F.,.F.,
 .F.,(4,1,4),(2,2),(-0.0689862169132771,-0.035549341315067,0.),(0.,0.2),
 .UNSPECIFIED.);
#558=B_SPLINE_SURFACE_WITH_KNOTS('',3,1,((#10304,#10305),(#10306,#10307),
(#10308,#10309),(#10310,#10311),(#10312,#10313)),.UNSPECIFIED.,.F.,.F.,
 .F.,(4,1,4),(2,2),(-0.155591256877775,-0.0555921854512115,0.),(0.,0.2),
 .UNSPECIFIED.);
#559=B_SPLINE_SURFACE_WITH_KNOTS('',3,1,((#10376,#10377),(#10378,#10379),
(#10380,#10381),(#10382,#10383),(#10384,#10385)),.UNSPECIFIED.,.F.,.F.,
 .F.,(4,1,4),(2,2),(-0.06715391329949,-0.0425276241321011,0.),(0.,0.2),
 .UNSPECIFIED.);
#560=B_SPLINE_SURFACE_WITH_KNOTS('',3,1,((#10399,#10400),(#10401,#10402),
(#10403,#10404),(#10405,#10406),(#10407,#10408)),.UNSPECIFIED.,.F.,.F.,
 .F.,(4,1,4),(2,2),(-0.0351807027272095,-0.0163135373616171,0.),(0.,0.2),
 .UNSPECIFIED.);
#561=B_SPLINE_SURFACE_WITH_KNOTS('',3,1,((#10422,#10423),(#10424,#10425),
(#10426,#10427),(#10428,#10429),(#10430,#10431)),.UNSPECIFIED.,.F.,.F.,
 .F.,(4,1,4),(2,2),(-0.0418662802332446,-0.0211638164193924,0.),(0.,0.2),
 .UNSPECIFIED.);
#562=B_SPLINE_SURFACE_WITH_KNOTS('',3,1,((#10445,#10446),(#10447,#10448),
(#10449,#10450),(#10451,#10452),(#10453,#10454)),.UNSPECIFIED.,.F.,.F.,
 .F.,(4,1,4),(2,2),(-0.0598738016583205,-0.0257436569216523,0.),(0.,0.2),
 .UNSPECIFIED.);
#563=B_SPLINE_SURFACE_WITH_KNOTS('',3,1,((#10468,#10469),(#10470,#10471),
(#10472,#10473),(#10474,#10475),(#10476,#10477)),.UNSPECIFIED.,.F.,.F.,
 .F.,(4,1,4),(2,2),(-0.0771292720250235,-0.0440113113695488,0.),(0.,0.2),
 .UNSPECIFIED.);
#564=B_SPLINE_SURFACE_WITH_KNOTS('',3,1,((#10491,#10492),(#10493,#10494),
(#10495,#10496),(#10497,#10498),(#10499,#10500)),.UNSPECIFIED.,.F.,.F.,
 .F.,(4,1,4),(2,2),(-0.0962814811459821,-0.0373958543284628,0.),(0.,0.2),
 .UNSPECIFIED.);
#565=B_SPLINE_SURFACE_WITH_KNOTS('',3,1,((#10514,#10515),(#10516,#10517),
(#10518,#10519),(#10520,#10521),(#10522,#10523)),.UNSPECIFIED.,.F.,.F.,
 .F.,(4,1,4),(2,2),(-0.277651953388553,-0.169770213385917,0.),(0.,0.2),
 .UNSPECIFIED.);
#566=B_SPLINE_SURFACE_WITH_KNOTS('',3,1,((#10537,#10538),(#10539,#10540),
(#10541,#10542),(#10543,#10544),(#10545,#10546)),.UNSPECIFIED.,.F.,.F.,
 .F.,(4,1,4),(2,2),(-0.219982521213873,-0.0927066148528973,0.),(0.,0.2),
 .UNSPECIFIED.);
#567=B_SPLINE_SURFACE_WITH_KNOTS('',3,1,((#10560,#10561),(#10562,#10563),
(#10564,#10565),(#10566,#10567),(#10568,#10569)),.UNSPECIFIED.,.F.,.F.,
 .F.,(4,1,4),(2,2),(-0.160380530496964,-0.0930146779712354,0.),(0.,0.2),
 .UNSPECIFIED.);
#568=B_SPLINE_SURFACE_WITH_KNOTS('',3,1,((#10583,#10584),(#10585,#10586),
(#10587,#10588),(#10589,#10590),(#10591,#10592)),.UNSPECIFIED.,.F.,.F.,
 .F.,(4,1,4),(2,2),(-0.130479380865658,-0.0592662559699249,0.),(0.,0.2),
 .UNSPECIFIED.);
#569=B_SPLINE_SURFACE_WITH_KNOTS('',3,1,((#10606,#10607),(#10608,#10609),
(#10610,#10611),(#10612,#10613),(#10614,#10615)),.UNSPECIFIED.,.F.,.F.,
 .F.,(4,1,4),(2,2),(-0.171332645412965,-0.0816694169809471,0.),(0.,0.2),
 .UNSPECIFIED.);
#570=B_SPLINE_SURFACE_WITH_KNOTS('',3,1,((#10629,#10630),(#10631,#10632),
(#10633,#10634),(#10635,#10636),(#10637,#10638)),.UNSPECIFIED.,.F.,.F.,
 .F.,(4,1,4),(2,2),(-0.183927744521961,-0.0972452457672281,0.),(0.,0.2),
 .UNSPECIFIED.);
#571=B_SPLINE_SURFACE_WITH_KNOTS('',3,1,((#10652,#10653),(#10654,#10655),
(#10656,#10657),(#10658,#10659),(#10660,#10661)),.UNSPECIFIED.,.F.,.F.,
 .F.,(4,1,4),(2,2),(-0.141959908904483,-0.0758216267988367,0.),(0.,0.2),
 .UNSPECIFIED.);
#572=B_SPLINE_SURFACE_WITH_KNOTS('',3,1,((#10675,#10676),(#10677,#10678),
(#10679,#10680),(#10681,#10682),(#10683,#10684)),.UNSPECIFIED.,.F.,.F.,
 .F.,(4,1,4),(2,2),(-0.17568770290876,-0.0759253187446847,0.),(0.,0.2),
 .UNSPECIFIED.);
#573=B_SPLINE_SURFACE_WITH_KNOTS('',3,1,((#10716,#10717),(#10718,#10719),
(#10720,#10721),(#10722,#10723),(#10724,#10725)),.UNSPECIFIED.,.F.,.F.,
 .F.,(4,1,4),(2,2),(-0.0734334394257982,-0.0462409579630251,0.),(0.,0.2),
 .UNSPECIFIED.);
#574=B_SPLINE_SURFACE_WITH_KNOTS('',3,1,((#10739,#10740),(#10741,#10742),
(#10743,#10744),(#10745,#10746),(#10747,#10748)),.UNSPECIFIED.,.F.,.F.,
 .F.,(4,1,4),(2,2),(-0.0409337959435656,-0.0185661386091495,0.),(0.,0.2),
 .UNSPECIFIED.);
#575=B_SPLINE_SURFACE_WITH_KNOTS('',3,1,((#10762,#10763),(#10764,#10765),
(#10766,#10767),(#10768,#10769),(#10770,#10771)),.UNSPECIFIED.,.F.,.F.,
 .F.,(4,1,4),(2,2),(-0.0453048936412094,-0.0231886905501926,0.),(0.,0.2),
 .UNSPECIFIED.);
#576=B_SPLINE_SURFACE_WITH_KNOTS('',3,1,((#10785,#10786),(#10787,#10788),
(#10789,#10790),(#10791,#10792),(#10793,#10794)),.UNSPECIFIED.,.F.,.F.,
 .F.,(4,1,4),(2,2),(-0.062395470520201,-0.0270466560930289,0.),(0.,0.2),
 .UNSPECIFIED.);
#577=B_SPLINE_SURFACE_WITH_KNOTS('',3,1,((#10808,#10809),(#10810,#10811),
(#10812,#10813),(#10814,#10815),(#10816,#10817)),.UNSPECIFIED.,.F.,.F.,
 .F.,(4,1,4),(2,2),(-0.119434723175062,-0.0732869061194901,0.),(0.,0.2),
 .UNSPECIFIED.);
#578=B_SPLINE_SURFACE_WITH_KNOTS('',3,1,((#10831,#10832),(#10833,#10834),
(#10835,#10836),(#10837,#10838),(#10839,#10840)),.UNSPECIFIED.,.F.,.F.,
 .F.,(4,1,4),(2,2),(-0.15199599592395,-0.0560925240269733,0.),(0.,0.2),
 .UNSPECIFIED.);
#579=B_SPLINE_SURFACE_WITH_KNOTS('',3,1,((#10854,#10855),(#10856,#10857),
(#10858,#10859),(#10860,#10861),(#10862,#10863)),.UNSPECIFIED.,.F.,.F.,
 .F.,(4,1,4),(2,2),(-0.158842047328727,-0.0978280687633508,0.),(0.,0.2),
 .UNSPECIFIED.);
#580=B_SPLINE_SURFACE_WITH_KNOTS('',3,1,((#10877,#10878),(#10879,#10880),
(#10881,#10882),(#10883,#10884),(#10885,#10886)),.UNSPECIFIED.,.F.,.F.,
 .F.,(4,1,4),(2,2),(-0.0963546856386637,-0.0450086733682484,0.),(0.,0.2),
 .UNSPECIFIED.);
#581=B_SPLINE_SURFACE_WITH_KNOTS('',3,1,((#10900,#10901),(#10902,#10903),
(#10904,#10905),(#10906,#10907),(#10908,#10909)),.UNSPECIFIED.,.F.,.F.,
 .F.,(4,1,4),(2,2),(-0.133156887342189,-0.0603971949647244,0.),(0.,0.2),
 .UNSPECIFIED.);
#582=B_SPLINE_SURFACE_WITH_KNOTS('',3,1,((#10923,#10924),(#10925,#10926),
(#10927,#10928),(#10929,#10930),(#10931,#10932)),.UNSPECIFIED.,.F.,.F.,
 .F.,(4,1,4),(2,2),(-0.171719713996962,-0.0997145195284757,0.),(0.,0.2),
 .UNSPECIFIED.);
#583=B_SPLINE_SURFACE_WITH_KNOTS('',3,1,((#10946,#10947),(#10948,#10949),
(#10950,#10951),(#10952,#10953),(#10954,#10955)),.UNSPECIFIED.,.F.,.F.,
 .F.,(4,1,4),(2,2),(-0.127737438448699,-0.0609298966125732,0.),(0.,0.2),
 .UNSPECIFIED.);
#584=B_SPLINE_SURFACE_WITH_KNOTS('',3,1,((#10969,#10970),(#10971,#10972),
(#10973,#10974),(#10975,#10976),(#10977,#10978)),.UNSPECIFIED.,.F.,.F.,
 .F.,(4,1,4),(2,2),(-0.16186034581434,-0.0756788378382701,0.),(0.,0.2),
 .UNSPECIFIED.);
#585=B_SPLINE_SURFACE_WITH_KNOTS('',3,1,((#10992,#10993),(#10994,#10995),
(#10996,#10997),(#10998,#10999),(#11000,#11001)),.UNSPECIFIED.,.F.,.F.,
 .F.,(4,1,4),(2,2),(-0.176728842518536,-0.0941642498045885,0.),(0.,0.2),
 .UNSPECIFIED.);
#586=B_SPLINE_SURFACE_WITH_KNOTS('',3,1,((#11015,#11016),(#11017,#11018),
(#11019,#11020),(#11021,#11022),(#11023,#11024)),.UNSPECIFIED.,.F.,.F.,
 .F.,(4,1,4),(2,2),(-0.127394876921562,-0.0698836784949476,0.),(0.,0.2),
 .UNSPECIFIED.);
#587=B_SPLINE_SURFACE_WITH_KNOTS('',3,1,((#11038,#11039),(#11040,#11041),
(#11042,#11043),(#11044,#11045),(#11046,#11047)),.UNSPECIFIED.,.F.,.F.,
 .F.,(4,1,4),(2,2),(-0.171308460794903,-0.0693063291627365,0.),(0.,0.2),
 .UNSPECIFIED.);
#588=B_SPLINE_SURFACE_WITH_KNOTS('',3,1,((#11086,#11087),(#11088,#11089),
(#11090,#11091),(#11092,#11093),(#11094,#11095)),.UNSPECIFIED.,.F.,.F.,
 .F.,(4,1,4),(2,2),(-0.0899441602532327,-0.0464152404144005,0.),(0.,0.2),
 .UNSPECIFIED.);
#589=B_SPLINE_SURFACE_WITH_KNOTS('',3,1,((#11109,#11110),(#11111,#11112),
(#11113,#11114),(#11115,#11116),(#11117,#11118)),.UNSPECIFIED.,.F.,.F.,
 .F.,(4,1,4),(2,2),(-0.0905464770959556,-0.0437024431957193,0.),(0.,0.2),
 .UNSPECIFIED.);
#590=B_SPLINE_SURFACE_WITH_KNOTS('',3,1,((#11132,#11133),(#11134,#11135),
(#11136,#11137),(#11138,#11139),(#11140,#11141)),.UNSPECIFIED.,.F.,.F.,
 .F.,(4,1,4),(2,2),(-0.096052238580239,-0.051657317050648,0.),(0.,0.2),
 .UNSPECIFIED.);
#591=B_SPLINE_SURFACE_WITH_KNOTS('',3,1,((#11155,#11156),(#11157,#11158),
(#11159,#11160),(#11161,#11162),(#11163,#11164)),.UNSPECIFIED.,.F.,.F.,
 .F.,(4,1,4),(2,2),(-0.0766484126437031,-0.0395721362541004,0.),(0.,0.2),
 .UNSPECIFIED.);
#592=B_SPLINE_SURFACE_WITH_KNOTS('',3,1,((#11178,#11179),(#11180,#11181),
(#11182,#11183),(#11184,#11185),(#11186,#11187)),.UNSPECIFIED.,.F.,.F.,
 .F.,(4,1,4),(2,2),(-0.0720046433802578,-0.0363547893770856,0.),(0.,0.2),
 .UNSPECIFIED.);
#593=B_SPLINE_SURFACE_WITH_KNOTS('',3,1,((#11201,#11202),(#11203,#11204),
(#11205,#11206),(#11207,#11208),(#11209,#11210)),.UNSPECIFIED.,.F.,.F.,
 .F.,(4,1,4),(2,2),(-0.141242068988828,-0.0531407271091528,0.),(0.,0.2),
 .UNSPECIFIED.);
#594=B_SPLINE_SURFACE_WITH_KNOTS('',3,1,((#11242,#11243),(#11244,#11245),
(#11246,#11247),(#11248,#11249),(#11250,#11251)),.UNSPECIFIED.,.F.,.F.,
 .F.,(4,1,4),(2,2),(-0.113922898583284,-0.0762958906380184,0.),(0.,0.2),
 .UNSPECIFIED.);
#595=B_SPLINE_SURFACE_WITH_KNOTS('',3,1,((#11265,#11266),(#11267,#11268),
(#11269,#11270),(#11271,#11272),(#11273,#11274)),.UNSPECIFIED.,.F.,.F.,
 .F.,(4,1,4),(2,2),(-0.038688561081718,-0.0172913661375237,0.),(0.,0.2),
 .UNSPECIFIED.);
#596=B_SPLINE_SURFACE_WITH_KNOTS('',3,1,((#11288,#11289),(#11290,#11291),
(#11292,#11293),(#11294,#11295),(#11296,#11297)),.UNSPECIFIED.,.F.,.F.,
 .F.,(4,1,4),(2,2),(-0.0402915088479461,-0.0226376758486828,0.),(0.,0.2),
 .UNSPECIFIED.);
#597=B_SPLINE_SURFACE_WITH_KNOTS('',3,1,((#11311,#11312),(#11313,#11314),
(#11315,#11316),(#11317,#11318),(#11319,#11320)),.UNSPECIFIED.,.F.,.F.,
 .F.,(4,1,4),(2,2),(-0.119417958948158,-0.0392651910613481,0.),(0.,0.2),
 .UNSPECIFIED.);
#598=B_SPLINE_SURFACE_WITH_KNOTS('',3,1,((#11369,#11370),(#11371,#11372),
(#11373,#11374),(#11375,#11376),(#11377,#11378)),.UNSPECIFIED.,.F.,.F.,
 .F.,(4,1,4),(2,2),(-0.0798575948761494,-0.0513715351764362,0.),(0.,0.2),
 .UNSPECIFIED.);
#599=B_SPLINE_SURFACE_WITH_KNOTS('',3,1,((#11395,#11396),(#11397,#11398),
(#11399,#11400),(#11401,#11402),(#11403,#11404)),.UNSPECIFIED.,.F.,.F.,
 .F.,(4,1,4),(2,2),(-0.0350805552863597,-0.0162550542443891,0.),(0.,0.2),
 .UNSPECIFIED.);
#600=B_SPLINE_SURFACE_WITH_KNOTS('',3,1,((#11418,#11419),(#11420,#11421),
(#11422,#11423),(#11424,#11425),(#11426,#11427)),.UNSPECIFIED.,.F.,.F.,
 .F.,(4,1,4),(2,2),(-0.0355389590034208,-0.018976564933784,0.),(0.,0.2),
 .UNSPECIFIED.);
#601=B_SPLINE_SURFACE_WITH_KNOTS('',3,1,((#11441,#11442),(#11443,#11444),
(#11445,#11446),(#11447,#11448),(#11449,#11450)),.UNSPECIFIED.,.F.,.F.,
 .F.,(4,1,4),(2,2),(-0.0799494303319951,-0.028572562933704,0.),(0.,0.2),
 .UNSPECIFIED.);
#602=B_SPLINE_SURFACE_WITH_KNOTS('',3,1,((#11470,#11471),(#11472,#11473),
(#11474,#11475),(#11476,#11477),(#11478,#11479)),.UNSPECIFIED.,.F.,.F.,
 .F.,(4,1,4),(2,2),(-0.0762517822995118,-0.0479820077811588,0.),(0.,0.2),
 .UNSPECIFIED.);
#603=B_SPLINE_SURFACE_WITH_KNOTS('',3,1,((#11493,#11494),(#11495,#11496),
(#11497,#11498),(#11499,#11500),(#11501,#11502)),.UNSPECIFIED.,.F.,.F.,
 .F.,(4,1,4),(2,2),(-0.0357563444397427,-0.0171612189981375,0.),(0.,0.2),
 .UNSPECIFIED.);
#604=B_SPLINE_SURFACE_WITH_KNOTS('',3,1,((#11516,#11517),(#11518,#11519),
(#11520,#11521),(#11522,#11523),(#11524,#11525)),.UNSPECIFIED.,.F.,.F.,
 .F.,(4,1,4),(2,2),(-0.0351195119249445,-0.0188846196002498,0.),(0.,0.2),
 .UNSPECIFIED.);
#605=B_SPLINE_SURFACE_WITH_KNOTS('',3,1,((#11539,#11540),(#11541,#11542),
(#11543,#11544),(#11545,#11546),(#11547,#11548)),.UNSPECIFIED.,.F.,.F.,
 .F.,(4,1,4),(2,2),(-0.0697688189944411,-0.0258786455365735,0.),(0.,0.2),
 .UNSPECIFIED.);
#606=B_SPLINE_SURFACE_WITH_KNOTS('',3,1,((#11574,#11575),(#11576,#11577),
(#11578,#11579),(#11580,#11581),(#11582,#11583)),.UNSPECIFIED.,.F.,.F.,
 .F.,(4,1,4),(2,2),(-0.16269946705589,-0.0958554880042757,0.),(0.,0.2),
 .UNSPECIFIED.);
#607=B_SPLINE_SURFACE_WITH_KNOTS('',3,1,((#11597,#11598),(#11599,#11600),
(#11601,#11602),(#11603,#11604),(#11605,#11606)),.UNSPECIFIED.,.F.,.F.,
 .F.,(4,1,4),(2,2),(-0.108221371381418,-0.0528407833213484,0.),(0.,0.2),
 .UNSPECIFIED.);
#608=B_SPLINE_SURFACE_WITH_KNOTS('',3,1,((#11620,#11621),(#11622,#11623),
(#11624,#11625),(#11626,#11627),(#11628,#11629)),.UNSPECIFIED.,.F.,.F.,
 .F.,(4,1,4),(2,2),(-0.115613341647404,-0.0569737914530981,0.),(0.,0.2),
 .UNSPECIFIED.);
#609=B_SPLINE_SURFACE_WITH_KNOTS('',3,1,((#11643,#11644),(#11645,#11646),
(#11647,#11648),(#11649,#11650),(#11651,#11652)),.UNSPECIFIED.,.F.,.F.,
 .F.,(4,1,4),(2,2),(-0.1335030892533,-0.0634269736025648,0.),(0.,0.2),
 .UNSPECIFIED.);
#610=B_SPLINE_SURFACE_WITH_KNOTS('',3,1,((#11666,#11667),(#11668,#11669),
(#11670,#11671),(#11672,#11673),(#11674,#11675)),.UNSPECIFIED.,.F.,.F.,
 .F.,(4,1,4),(2,2),(-0.141793510729291,-0.0765719095666374,0.),(0.,0.2),
 .UNSPECIFIED.);
#611=B_SPLINE_SURFACE_WITH_KNOTS('',3,1,((#11689,#11690),(#11691,#11692),
(#11693,#11694),(#11695,#11696),(#11697,#11698)),.UNSPECIFIED.,.F.,.F.,
 .F.,(4,1,4),(2,2),(-0.105839985796659,-0.0559180391175682,0.),(0.,0.2),
 .UNSPECIFIED.);
#612=B_SPLINE_SURFACE_WITH_KNOTS('',3,1,((#11712,#11713),(#11714,#11715),
(#11716,#11717),(#11718,#11719),(#11720,#11721)),.UNSPECIFIED.,.F.,.F.,
 .F.,(4,1,4),(2,2),(-0.100534778313521,-0.048909166725191,0.),(0.,0.2),
 .UNSPECIFIED.);
#613=B_SPLINE_SURFACE_WITH_KNOTS('',3,1,((#11735,#11736),(#11737,#11738),
(#11739,#11740),(#11741,#11742),(#11743,#11744)),.UNSPECIFIED.,.F.,.F.,
 .F.,(4,1,4),(2,2),(-0.15743270202974,-0.0660323499643002,0.),(0.,0.2),
 .UNSPECIFIED.);
#614=B_SPLINE_SURFACE_WITH_KNOTS('',3,1,((#11764,#11765),(#11766,#11767),
(#11768,#11769),(#11770,#11771),(#11772,#11773)),.UNSPECIFIED.,.F.,.F.,
 .F.,(4,1,4),(2,2),(-0.180897787380569,-0.101947673813661,0.),(0.,0.2),
 .UNSPECIFIED.);
#615=B_SPLINE_SURFACE_WITH_KNOTS('',3,1,((#11787,#11788),(#11789,#11790),
(#11791,#11792),(#11793,#11794),(#11795,#11796)),.UNSPECIFIED.,.F.,.F.,
 .F.,(4,1,4),(2,2),(-0.138171078223614,-0.0674501655643506,0.),(0.,0.2),
 .UNSPECIFIED.);
#616=B_SPLINE_SURFACE_WITH_KNOTS('',3,1,((#11810,#11811),(#11812,#11813),
(#11814,#11815),(#11816,#11817),(#11818,#11819)),.UNSPECIFIED.,.F.,.F.,
 .F.,(4,1,4),(2,2),(-0.170420896198246,-0.0787975215029691,0.),(0.,0.2),
 .UNSPECIFIED.);
#617=B_SPLINE_SURFACE_WITH_KNOTS('',3,1,((#11833,#11834),(#11835,#11836),
(#11837,#11838),(#11839,#11840),(#11841,#11842)),.UNSPECIFIED.,.F.,.F.,
 .F.,(4,1,4),(2,2),(-0.147083484075267,-0.0783074031670793,0.),(0.,0.2),
 .UNSPECIFIED.);
#618=B_SPLINE_SURFACE_WITH_KNOTS('',3,1,((#11856,#11857),(#11858,#11859),
(#11860,#11861),(#11862,#11863),(#11864,#11865)),.UNSPECIFIED.,.F.,.F.,
 .F.,(4,1,4),(2,2),(-0.114397252730409,-0.060627285592626,0.),(0.,0.2),
 .UNSPECIFIED.);
#619=B_SPLINE_SURFACE_WITH_KNOTS('',3,1,((#11879,#11880),(#11881,#11882),
(#11883,#11884),(#11885,#11886),(#11887,#11888)),.UNSPECIFIED.,.F.,.F.,
 .F.,(4,1,4),(2,2),(-0.0946027674735097,-0.0492094664608962,0.),(0.,0.2),
 .UNSPECIFIED.);
#620=B_SPLINE_SURFACE_WITH_KNOTS('',3,1,((#11902,#11903),(#11904,#11905),
(#11906,#11907),(#11908,#11909),(#11910,#11911)),.UNSPECIFIED.,.F.,.F.,
 .F.,(4,1,4),(2,2),(-0.130523326816854,-0.0544908788752805,0.),(0.,0.2),
 .UNSPECIFIED.);
#621=B_SPLINE_SURFACE_WITH_KNOTS('',3,1,((#11949,#11950),(#11951,#11952),
(#11953,#11954),(#11955,#11956),(#11957,#11958)),.UNSPECIFIED.,.F.,.F.,
 .F.,(4,1,4),(2,2),(-0.0613027129975057,-0.0377269375296526,0.),(0.,0.2),
 .UNSPECIFIED.);
#622=B_SPLINE_SURFACE_WITH_KNOTS('',3,1,((#11975,#11976),(#11977,#11978),
(#11979,#11980),(#11981,#11982),(#11983,#11984)),.UNSPECIFIED.,.F.,.F.,
 .F.,(4,1,4),(2,2),(-0.0357811096441548,-0.0163239024274416,0.),(0.,0.2),
 .UNSPECIFIED.);
#623=B_SPLINE_SURFACE_WITH_KNOTS('',3,1,((#11998,#11999),(#12000,#12001),
(#12002,#12003),(#12004,#12005),(#12006,#12007)),.UNSPECIFIED.,.F.,.F.,
 .F.,(4,1,4),(2,2),(-0.0343380258162632,-0.0189285165915913,0.),(0.,0.2),
 .UNSPECIFIED.);
#624=B_SPLINE_SURFACE_WITH_KNOTS('',3,1,((#12021,#12022),(#12023,#12024),
(#12025,#12026),(#12027,#12028),(#12029,#12030)),.UNSPECIFIED.,.F.,.F.,
 .F.,(4,1,4),(2,2),(-0.0628566293034486,-0.0232016218826156,0.),(0.,0.2),
 .UNSPECIFIED.);
#625=B_SPLINE_SURFACE_WITH_KNOTS('',3,1,((#12050,#12051),(#12052,#12053),
(#12054,#12055),(#12056,#12057),(#12058,#12059)),.UNSPECIFIED.,.F.,.F.,
 .F.,(4,1,4),(2,2),(-0.0664499612924924,-0.0415021392914485,0.),(0.,0.2),
 .UNSPECIFIED.);
#626=B_SPLINE_SURFACE_WITH_KNOTS('',3,1,((#12073,#12074),(#12075,#12076),
(#12077,#12078),(#12079,#12080),(#12081,#12082)),.UNSPECIFIED.,.F.,.F.,
 .F.,(4,1,4),(2,2),(-0.0340502465767633,-0.0160118085178184,0.),(0.,0.2),
 .UNSPECIFIED.);
#627=B_SPLINE_SURFACE_WITH_KNOTS('',3,1,((#12096,#12097),(#12098,#12099),
(#12100,#12101),(#12102,#12103),(#12104,#12105)),.UNSPECIFIED.,.F.,.F.,
 .F.,(4,1,4),(2,2),(-0.038421886211051,-0.0205508925232265,0.),(0.,0.2),
 .UNSPECIFIED.);
#628=B_SPLINE_SURFACE_WITH_KNOTS('',3,1,((#12119,#12120),(#12121,#12122),
(#12123,#12124),(#12125,#12126),(#12127,#12128)),.UNSPECIFIED.,.F.,.F.,
 .F.,(4,1,4),(2,2),(-0.0867922093367281,-0.0309347136069671,0.),(0.,0.2),
 .UNSPECIFIED.);
#629=B_SPLINE_SURFACE_WITH_KNOTS('',3,1,((#12166,#12167),(#12168,#12169),
(#12170,#12171),(#12172,#12173),(#12174,#12175)),.UNSPECIFIED.,.F.,.F.,
 .F.,(4,1,4),(2,2),(-0.0941012842549192,-0.0490567506772396,0.),(0.,0.2),
 .UNSPECIFIED.);
#630=B_SPLINE_SURFACE_WITH_KNOTS('',3,1,((#12189,#12190),(#12191,#12192),
(#12193,#12194),(#12195,#12196),(#12197,#12198)),.UNSPECIFIED.,.F.,.F.,
 .F.,(4,1,4),(2,2),(-0.0853510037872826,-0.0427868817568022,0.),(0.,0.2),
 .UNSPECIFIED.);
#631=B_SPLINE_SURFACE_WITH_KNOTS('',3,1,((#12212,#12213),(#12214,#12215),
(#12216,#12217),(#12218,#12219),(#12220,#12221)),.UNSPECIFIED.,.F.,.F.,
 .F.,(4,1,4),(2,2),(-0.1065644093031,-0.0547365036799377,0.),(0.,0.2),
 .UNSPECIFIED.);
#632=B_SPLINE_SURFACE_WITH_KNOTS('',3,1,((#12235,#12236),(#12237,#12238),
(#12239,#12240),(#12241,#12242),(#12243,#12244)),.UNSPECIFIED.,.F.,.F.,
 .F.,(4,1,4),(2,2),(-0.0906440246592801,-0.0480641537445116,0.),(0.,0.2),
 .UNSPECIFIED.);
#633=B_SPLINE_SURFACE_WITH_KNOTS('',3,1,((#12258,#12259),(#12260,#12261),
(#12262,#12263),(#12264,#12265),(#12266,#12267)),.UNSPECIFIED.,.F.,.F.,
 .F.,(4,1,4),(2,2),(-0.131769994765012,-0.0535774639054537,0.),(0.,0.2),
 .UNSPECIFIED.);
#634=B_SPLINE_SURFACE_WITH_KNOTS('',3,1,((#12287,#12288),(#12289,#12290),
(#12291,#12292),(#12293,#12294),(#12295,#12296)),.UNSPECIFIED.,.F.,.F.,
 .F.,(4,1,4),(2,2),(-0.134849978644957,-0.0808158828553704,0.),(0.,0.2),
 .UNSPECIFIED.);
#635=B_SPLINE_SURFACE_WITH_KNOTS('',3,1,((#12310,#12311),(#12312,#12313),
(#12314,#12315),(#12316,#12317),(#12318,#12319)),.UNSPECIFIED.,.F.,.F.,
 .F.,(4,1,4),(2,2),(-0.0900891743524144,-0.0421056868641122,0.),(0.,0.2),
 .UNSPECIFIED.);
#636=B_SPLINE_SURFACE_WITH_KNOTS('',3,1,((#12333,#12334),(#12335,#12336),
(#12337,#12338),(#12339,#12340),(#12341,#12342)),.UNSPECIFIED.,.F.,.F.,
 .F.,(4,1,4),(2,2),(-0.108705880938072,-0.0524606377617116,0.),(0.,0.2),
 .UNSPECIFIED.);
#637=B_SPLINE_SURFACE_WITH_KNOTS('',3,1,((#12356,#12357),(#12358,#12359),
(#12360,#12361),(#12362,#12363),(#12364,#12365)),.UNSPECIFIED.,.F.,.F.,
 .F.,(4,1,4),(2,2),(-0.0870196310214523,-0.0445907509021388,0.),(0.,0.2),
 .UNSPECIFIED.);
#638=B_SPLINE_SURFACE_WITH_KNOTS('',3,1,((#12379,#12380),(#12381,#12382),
(#12383,#12384),(#12385,#12386),(#12387,#12388)),.UNSPECIFIED.,.F.,.F.,
 .F.,(4,1,4),(2,2),(-0.0866487775783438,-0.0423425729508002,0.),(0.,0.2),
 .UNSPECIFIED.);
#639=B_SPLINE_SURFACE_WITH_KNOTS('',3,1,((#12446,#12447),(#12448,#12449),
(#12450,#12451),(#12452,#12453),(#12454,#12455)),.UNSPECIFIED.,.F.,.F.,
 .F.,(4,1,4),(2,2),(-0.0909237333524028,-0.063036111336115,0.),(0.,0.2),
 .UNSPECIFIED.);
#640=B_SPLINE_SURFACE_WITH_KNOTS('',3,1,((#12469,#12470),(#12471,#12472),
(#12473,#12474),(#12475,#12476),(#12477,#12478)),.UNSPECIFIED.,.F.,.F.,
 .F.,(4,1,4),(2,2),(-0.0706362093437198,-0.0226340681646271,0.),(0.,0.2),
 .UNSPECIFIED.);
#641=B_SPLINE_SURFACE_WITH_KNOTS('',3,1,((#12504,#12505),(#12506,#12507),
(#12508,#12509),(#12510,#12511),(#12512,#12513)),.UNSPECIFIED.,.F.,.F.,
 .F.,(4,1,4),(2,2),(-0.121992462184512,-0.0730605244128666,0.),(0.,0.2),
 .UNSPECIFIED.);
#642=B_SPLINE_SURFACE_WITH_KNOTS('',3,1,((#12527,#12528),(#12529,#12530),
(#12531,#12532),(#12533,#12534),(#12535,#12536)),.UNSPECIFIED.,.F.,.F.,
 .F.,(4,1,4),(2,2),(-0.0728181525412646,-0.0362335932846332,0.),(0.,0.2),
 .UNSPECIFIED.);
#643=B_SPLINE_SURFACE_WITH_KNOTS('',3,1,((#12550,#12551),(#12552,#12553),
(#12554,#12555),(#12556,#12557),(#12558,#12559)),.UNSPECIFIED.,.F.,.F.,
 .F.,(4,1,4),(2,2),(-0.0689859744152523,-0.0355494500559373,0.),(0.,0.2),
 .UNSPECIFIED.);
#644=B_SPLINE_SURFACE_WITH_KNOTS('',3,1,((#12573,#12574),(#12575,#12576),
(#12577,#12578),(#12579,#12580),(#12581,#12582)),.UNSPECIFIED.,.F.,.F.,
 .F.,(4,1,4),(2,2),(-0.155591280756162,-0.0555922073047457,0.),(0.,0.2),
 .UNSPECIFIED.);
#645=B_SPLINE_SURFACE_WITH_KNOTS('',3,1,((#12645,#12646),(#12647,#12648),
(#12649,#12650),(#12651,#12652),(#12653,#12654)),.UNSPECIFIED.,.F.,.F.,
 .F.,(4,1,4),(2,2),(-0.0724451797314793,-0.0464305296703336,0.),(0.,0.2),
 .UNSPECIFIED.);
#646=B_SPLINE_SURFACE_WITH_KNOTS('',3,1,((#12668,#12669),(#12670,#12671),
(#12672,#12673),(#12674,#12675),(#12676,#12677)),.UNSPECIFIED.,.F.,.F.,
 .F.,(4,1,4),(2,2),(-0.0374651672826788,-0.0160507000255921,0.),(0.,0.2),
 .UNSPECIFIED.);
#647=B_SPLINE_SURFACE_WITH_KNOTS('',3,1,((#12691,#12692),(#12693,#12694),
(#12695,#12696),(#12697,#12698),(#12699,#12700)),.UNSPECIFIED.,.F.,.F.,
 .F.,(4,1,4),(2,2),(-0.0354614958093721,-0.0187009939356745,0.),(0.,0.2),
 .UNSPECIFIED.);
#648=B_SPLINE_SURFACE_WITH_KNOTS('',3,1,((#12714,#12715),(#12716,#12717),
(#12718,#12719),(#12720,#12721),(#12722,#12723)),.UNSPECIFIED.,.F.,.F.,
 .F.,(4,1,4),(2,2),(-0.0435355842069784,-0.0190736797337859,0.),(0.,0.2),
 .UNSPECIFIED.);
#649=B_SPLINE_SURFACE_WITH_KNOTS('',3,1,((#12737,#12738),(#12739,#12740),
(#12741,#12742),(#12743,#12744),(#12745,#12746)),.UNSPECIFIED.,.F.,.F.,
 .F.,(4,1,4),(2,2),(-0.0556474521629145,-0.0326854258409845,0.),(0.,0.2),
 .UNSPECIFIED.);
#650=B_SPLINE_SURFACE_WITH_KNOTS('',3,1,((#12760,#12761),(#12762,#12763),
(#12764,#12765),(#12766,#12767),(#12768,#12769)),.UNSPECIFIED.,.F.,.F.,
 .F.,(4,1,4),(2,2),(-0.050336013212113,-0.0212312961183455,0.),(0.,0.2),
 .UNSPECIFIED.);
#651=B_SPLINE_SURFACE_WITH_KNOTS('',3,1,((#12783,#12784),(#12785,#12786),
(#12787,#12788),(#12789,#12790),(#12791,#12792)),.UNSPECIFIED.,.F.,.F.,
 .F.,(4,1,4),(2,2),(-0.124040913652283,-0.0476515843494382,0.),(0.,0.2),
 .UNSPECIFIED.);
#652=B_SPLINE_SURFACE_WITH_KNOTS('',3,1,((#12806,#12807),(#12808,#12809),
(#12810,#12811),(#12812,#12813),(#12814,#12815)),.UNSPECIFIED.,.F.,.F.,
 .F.,(4,1,4),(2,2),(-0.175331212274588,-0.103751650689695,0.),(0.,0.2),
 .UNSPECIFIED.);
#653=B_SPLINE_SURFACE_WITH_KNOTS('',3,1,((#12829,#12830),(#12831,#12832),
(#12833,#12834),(#12835,#12836),(#12837,#12838)),.UNSPECIFIED.,.F.,.F.,
 .F.,(4,1,4),(2,2),(-0.142343288266849,-0.0629810076668456,0.),(0.,0.2),
 .UNSPECIFIED.);
#654=B_SPLINE_SURFACE_WITH_KNOTS('',3,1,((#12852,#12853),(#12854,#12855),
(#12856,#12857),(#12858,#12859),(#12860,#12861)),.UNSPECIFIED.,.F.,.F.,
 .F.,(4,1,4),(2,2),(-0.154183943331346,-0.0880249623720479,0.),(0.,0.2),
 .UNSPECIFIED.);
#655=B_SPLINE_SURFACE_WITH_KNOTS('',3,1,((#12875,#12876),(#12877,#12878),
(#12879,#12880),(#12881,#12882),(#12883,#12884)),.UNSPECIFIED.,.F.,.F.,
 .F.,(4,1,4),(2,2),(-0.118750595355769,-0.056875758233142,0.),(0.,0.2),
 .UNSPECIFIED.);
#656=B_SPLINE_SURFACE_WITH_KNOTS('',3,1,((#12898,#12899),(#12900,#12901),
(#12902,#12903),(#12904,#12905),(#12906,#12907)),.UNSPECIFIED.,.F.,.F.,
 .F.,(4,1,4),(2,2),(-0.150087145087183,-0.070189823390646,0.),(0.,0.2),
 .UNSPECIFIED.);
#657=B_SPLINE_SURFACE_WITH_KNOTS('',3,1,((#12921,#12922),(#12923,#12924),
(#12925,#12926),(#12927,#12928),(#12929,#12930)),.UNSPECIFIED.,.F.,.F.,
 .F.,(4,1,4),(2,2),(-0.166312574461895,-0.0885594455611776,0.),(0.,0.2),
 .UNSPECIFIED.);
#658=B_SPLINE_SURFACE_WITH_KNOTS('',3,1,((#12944,#12945),(#12946,#12947),
(#12948,#12949),(#12950,#12951),(#12952,#12953)),.UNSPECIFIED.,.F.,.F.,
 .F.,(4,1,4),(2,2),(-0.124762192290515,-0.0668832090925611,0.),(0.,0.2),
 .UNSPECIFIED.);
#659=B_SPLINE_SURFACE_WITH_KNOTS('',3,1,((#12967,#12968),(#12969,#12970),
(#12971,#12972),(#12973,#12974),(#12975,#12976)),.UNSPECIFIED.,.F.,.F.,
 .F.,(4,1,4),(2,2),(-0.15617912411263,-0.0663939393856848,0.),(0.,0.2),
 .UNSPECIFIED.);
#660=B_SPLINE_SURFACE_WITH_KNOTS('',3,1,((#13008,#13009),(#13010,#13011),
(#13012,#13013),(#13014,#13015),(#13016,#13017)),.UNSPECIFIED.,.F.,.F.,
 .F.,(4,1,4),(2,2),(-0.0865131586729539,-0.0545487759365314,0.),(0.,0.2),
 .UNSPECIFIED.);
#661=B_SPLINE_SURFACE_WITH_KNOTS('',3,1,((#13031,#13032),(#13033,#13034),
(#13035,#13036),(#13037,#13038),(#13039,#13040)),.UNSPECIFIED.,.F.,.F.,
 .F.,(4,1,4),(2,2),(-0.0405441711939003,-0.0193455678234524,0.),(0.,0.2),
 .UNSPECIFIED.);
#662=B_SPLINE_SURFACE_WITH_KNOTS('',3,1,((#13054,#13055),(#13056,#13057),
(#13058,#13059),(#13060,#13061),(#13062,#13063)),.UNSPECIFIED.,.F.,.F.,
 .F.,(4,1,4),(2,2),(-0.0403913696032244,-0.0227880014250759,0.),(0.,0.2),
 .UNSPECIFIED.);
#663=B_SPLINE_SURFACE_WITH_KNOTS('',3,1,((#13077,#13078),(#13079,#13080),
(#13081,#13082),(#13083,#13084),(#13085,#13086)),.UNSPECIFIED.,.F.,.F.,
 .F.,(4,1,4),(2,2),(-0.0574493310545358,-0.0220677438419835,0.),(0.,0.2),
 .UNSPECIFIED.);
#664=B_SPLINE_SURFACE_WITH_KNOTS('',3,1,((#13100,#13101),(#13102,#13103),
(#13104,#13105),(#13106,#13107),(#13108,#13109)),.UNSPECIFIED.,.F.,.F.,
 .F.,(4,1,4),(2,2),(-0.0755640762710973,-0.0478354795080156,0.),(0.,0.2),
 .UNSPECIFIED.);
#665=B_SPLINE_SURFACE_WITH_KNOTS('',3,1,((#13123,#13124),(#13125,#13126),
(#13127,#13128),(#13129,#13130),(#13131,#13132)),.UNSPECIFIED.,.F.,.F.,
 .F.,(4,1,4),(2,2),(-0.16969102653358,-0.0523791940591466,0.),(0.,0.2),
 .UNSPECIFIED.);
#666=B_SPLINE_SURFACE_WITH_KNOTS('',3,1,((#13146,#13147),(#13148,#13149),
(#13150,#13151),(#13152,#13153),(#13154,#13155)),.UNSPECIFIED.,.F.,.F.,
 .F.,(4,1,4),(2,2),(-0.176332802823525,-0.106297419688358,0.),(0.,0.2),
 .UNSPECIFIED.);
#667=B_SPLINE_SURFACE_WITH_KNOTS('',3,1,((#13169,#13170),(#13171,#13172),
(#13173,#13174),(#13175,#13176),(#13177,#13178)),.UNSPECIFIED.,.F.,.F.,
 .F.,(4,1,4),(2,2),(-0.122687735604118,-0.0579381878505517,0.),(0.,0.2),
 .UNSPECIFIED.);
#668=B_SPLINE_SURFACE_WITH_KNOTS('',3,1,((#13192,#13193),(#13194,#13195),
(#13196,#13197),(#13198,#13199),(#13200,#13201)),.UNSPECIFIED.,.F.,.F.,
 .F.,(4,1,4),(2,2),(-0.148187507617054,-0.0855611394455585,0.),(0.,0.2),
 .UNSPECIFIED.);
#669=B_SPLINE_SURFACE_WITH_KNOTS('',3,1,((#13215,#13216),(#13217,#13218),
(#13219,#13220),(#13221,#13222),(#13223,#13224)),.UNSPECIFIED.,.F.,.F.,
 .F.,(4,1,4),(2,2),(-0.115386439333272,-0.0541249867739796,0.),(0.,0.2),
 .UNSPECIFIED.);
#670=B_SPLINE_SURFACE_WITH_KNOTS('',3,1,((#13238,#13239),(#13240,#13241),
(#13242,#13243),(#13244,#13245),(#13246,#13247)),.UNSPECIFIED.,.F.,.F.,
 .F.,(4,1,4),(2,2),(-0.147120586072859,-0.0697299071549311,0.),(0.,0.2),
 .UNSPECIFIED.);
#671=B_SPLINE_SURFACE_WITH_KNOTS('',3,1,((#13261,#13262),(#13263,#13264),
(#13265,#13266),(#13267,#13268),(#13269,#13270)),.UNSPECIFIED.,.F.,.F.,
 .F.,(4,1,4),(2,2),(-0.140719820719793,-0.0756099431556835,0.),(0.,0.2),
 .UNSPECIFIED.);
#672=B_SPLINE_SURFACE_WITH_KNOTS('',3,1,((#13284,#13285),(#13286,#13287),
(#13288,#13289),(#13290,#13291),(#13292,#13293)),.UNSPECIFIED.,.F.,.F.,
 .F.,(4,1,4),(2,2),(-0.104124872942859,-0.0559126205672762,0.),(0.,0.2),
 .UNSPECIFIED.);
#673=B_SPLINE_SURFACE_WITH_KNOTS('',3,1,((#13307,#13308),(#13309,#13310),
(#13311,#13312),(#13313,#13314),(#13315,#13316)),.UNSPECIFIED.,.F.,.F.,
 .F.,(4,1,4),(2,2),(-0.0736687799059146,-0.0409206390381137,0.),(0.,0.2),
 .UNSPECIFIED.);
#674=B_SPLINE_SURFACE_WITH_KNOTS('',3,1,((#13330,#13331),(#13332,#13333),
(#13334,#13335),(#13336,#13337),(#13338,#13339)),.UNSPECIFIED.,.F.,.F.,
 .F.,(4,1,4),(2,2),(-0.0911377809401911,-0.0375308295983951,0.),(0.,0.2),
 .UNSPECIFIED.);
#675=B_SPLINE_SURFACE_WITH_KNOTS('',3,1,((#13372,#13373),(#13374,#13375),
(#13376,#13377),(#13378,#13379),(#13380,#13381)),.UNSPECIFIED.,.F.,.F.,
 .F.,(4,1,4),(2,2),(-0.0724449714401529,-0.0464304105337391,0.),(0.,0.2),
 .UNSPECIFIED.);
#676=B_SPLINE_SURFACE_WITH_KNOTS('',3,1,((#13395,#13396),(#13397,#13398),
(#13399,#13400),(#13401,#13402),(#13403,#13404)),.UNSPECIFIED.,.F.,.F.,
 .F.,(4,1,4),(2,2),(-0.037465720912726,-0.0160507843186251,0.),(0.,0.2),
 .UNSPECIFIED.);
#677=B_SPLINE_SURFACE_WITH_KNOTS('',3,1,((#13418,#13419),(#13420,#13421),
(#13422,#13423),(#13424,#13425),(#13426,#13427)),.UNSPECIFIED.,.F.,.F.,
 .F.,(4,1,4),(2,2),(-0.0354615433681889,-0.0187012282032741,0.),(0.,0.2),
 .UNSPECIFIED.);
#678=B_SPLINE_SURFACE_WITH_KNOTS('',3,1,((#13441,#13442),(#13443,#13444),
(#13445,#13446),(#13447,#13448),(#13449,#13450)),.UNSPECIFIED.,.F.,.F.,
 .F.,(4,1,4),(2,2),(-0.0435355429810133,-0.0190735711606196,0.),(0.,0.2),
 .UNSPECIFIED.);
#679=B_SPLINE_SURFACE_WITH_KNOTS('',3,1,((#13464,#13465),(#13466,#13467),
(#13468,#13469),(#13470,#13471),(#13472,#13473)),.UNSPECIFIED.,.F.,.F.,
 .F.,(4,1,4),(2,2),(-0.0556474112780942,-0.0326854258409845,0.),(0.,0.2),
 .UNSPECIFIED.);
#680=B_SPLINE_SURFACE_WITH_KNOTS('',3,1,((#13487,#13488),(#13489,#13490),
(#13491,#13492),(#13493,#13494),(#13495,#13496)),.UNSPECIFIED.,.F.,.F.,
 .F.,(4,1,4),(2,2),(-0.05033607467672,-0.0212311925093479,0.),(0.,0.2),
 .UNSPECIFIED.);
#681=B_SPLINE_SURFACE_WITH_KNOTS('',3,1,((#13510,#13511),(#13512,#13513),
(#13514,#13515),(#13516,#13517),(#13518,#13519)),.UNSPECIFIED.,.F.,.F.,
 .F.,(4,1,4),(2,2),(-0.124040645616997,-0.0476518493514541,0.),(0.,0.2),
 .UNSPECIFIED.);
#682=B_SPLINE_SURFACE_WITH_KNOTS('',3,1,((#13533,#13534),(#13535,#13536),
(#13537,#13538),(#13539,#13540),(#13541,#13542)),.UNSPECIFIED.,.F.,.F.,
 .F.,(4,1,4),(2,2),(-0.175331626022619,-0.103752064437725,0.),(0.,0.2),
 .UNSPECIFIED.);
#683=B_SPLINE_SURFACE_WITH_KNOTS('',3,1,((#13556,#13557),(#13558,#13559),
(#13560,#13561),(#13562,#13563),(#13564,#13565)),.UNSPECIFIED.,.F.,.F.,
 .F.,(4,1,4),(2,2),(-0.142343297772295,-0.0629808986475701,0.),(0.,0.2),
 .UNSPECIFIED.);
#684=B_SPLINE_SURFACE_WITH_KNOTS('',3,1,((#13579,#13580),(#13581,#13582),
(#13583,#13584),(#13585,#13586),(#13587,#13588)),.UNSPECIFIED.,.F.,.F.,
 .F.,(4,1,4),(2,2),(-0.154184083563735,-0.0880249623720479,0.),(0.,0.2),
 .UNSPECIFIED.);
#685=B_SPLINE_SURFACE_WITH_KNOTS('',3,1,((#13602,#13603),(#13604,#13605),
(#13606,#13607),(#13608,#13609),(#13610,#13611)),.UNSPECIFIED.,.F.,.F.,
 .F.,(4,1,4),(2,2),(-0.118750304718375,-0.0568754675957485,0.),(0.,0.2),
 .UNSPECIFIED.);
#686=B_SPLINE_SURFACE_WITH_KNOTS('',3,1,((#13625,#13626),(#13627,#13628),
(#13629,#13630),(#13631,#13632),(#13633,#13634)),.UNSPECIFIED.,.F.,.F.,
 .F.,(4,1,4),(2,2),(-0.150087164349942,-0.0701893675830032,0.),(0.,0.2),
 .UNSPECIFIED.);
#687=B_SPLINE_SURFACE_WITH_KNOTS('',3,1,((#13648,#13649),(#13650,#13651),
(#13652,#13653),(#13654,#13655),(#13656,#13657)),.UNSPECIFIED.,.F.,.F.,
 .F.,(4,1,4),(2,2),(-0.166312812043971,-0.0885596831432538,0.),(0.,0.2),
 .UNSPECIFIED.);
#688=B_SPLINE_SURFACE_WITH_KNOTS('',3,1,((#13671,#13672),(#13673,#13674),
(#13675,#13676),(#13677,#13678),(#13679,#13680)),.UNSPECIFIED.,.F.,.F.,
 .F.,(4,1,4),(2,2),(-0.124761988899882,-0.0668830057019286,0.),(0.,0.2),
 .UNSPECIFIED.);
#689=B_SPLINE_SURFACE_WITH_KNOTS('',3,1,((#13694,#13695),(#13696,#13697),
(#13698,#13699),(#13700,#13701),(#13702,#13703)),.UNSPECIFIED.,.F.,.F.,
 .F.,(4,1,4),(2,2),(-0.156179141607473,-0.0663940757930939,0.),(0.,0.2),
 .UNSPECIFIED.);
#690=B_SPLINE_SURFACE_WITH_KNOTS('',3,1,((#13735,#13736),(#13737,#13738),
(#13739,#13740),(#13741,#13742),(#13743,#13744)),.UNSPECIFIED.,.F.,.F.,
 .F.,(4,1,4),(2,2),(-0.08651314956165,-0.0545487668252275,0.),(0.,0.2),
 .UNSPECIFIED.);
#691=B_SPLINE_SURFACE_WITH_KNOTS('',3,1,((#13758,#13759),(#13760,#13761),
(#13762,#13763),(#13764,#13765),(#13766,#13767)),.UNSPECIFIED.,.F.,.F.,
 .F.,(4,1,4),(2,2),(-0.0405443243868797,-0.0193457210164318,0.),(0.,0.2),
 .UNSPECIFIED.);
#692=B_SPLINE_SURFACE_WITH_KNOTS('',3,1,((#13781,#13782),(#13783,#13784),
(#13785,#13786),(#13787,#13788),(#13789,#13790)),.UNSPECIFIED.,.F.,.F.,
 .F.,(4,1,4),(2,2),(-0.0403913696032244,-0.0227880014250759,0.),(0.,0.2),
 .UNSPECIFIED.);
#693=B_SPLINE_SURFACE_WITH_KNOTS('',3,1,((#13804,#13805),(#13806,#13807),
(#13808,#13809),(#13810,#13811),(#13812,#13813)),.UNSPECIFIED.,.F.,.F.,
 .F.,(4,1,4),(2,2),(-0.0574492956743708,-0.0220677438419835,0.),(0.,0.2),
 .UNSPECIFIED.);
#694=B_SPLINE_SURFACE_WITH_KNOTS('',3,1,((#13827,#13828),(#13829,#13830),
(#13831,#13832),(#13833,#13834),(#13835,#13836)),.UNSPECIFIED.,.F.,.F.,
 .F.,(4,1,4),(2,2),(-0.0755639654065058,-0.0478354795080156,0.),(0.,0.2),
 .UNSPECIFIED.);
#695=B_SPLINE_SURFACE_WITH_KNOTS('',3,1,((#13850,#13851),(#13852,#13853),
(#13854,#13855),(#13856,#13857),(#13858,#13859)),.UNSPECIFIED.,.F.,.F.,
 .F.,(4,1,4),(2,2),(-0.169691052603001,-0.0523788658182714,0.),(0.,0.2),
 .UNSPECIFIED.);
#696=B_SPLINE_SURFACE_WITH_KNOTS('',3,1,((#13873,#13874),(#13875,#13876),
(#13877,#13878),(#13879,#13880),(#13881,#13882)),.UNSPECIFIED.,.F.,.F.,
 .F.,(4,1,4),(2,2),(-0.176332713814259,-0.106297485753771,0.),(0.,0.2),
 .UNSPECIFIED.);
#697=B_SPLINE_SURFACE_WITH_KNOTS('',3,1,((#13896,#13897),(#13898,#13899),
(#13900,#13901),(#13902,#13903),(#13904,#13905)),.UNSPECIFIED.,.F.,.F.,
 .F.,(4,1,4),(2,2),(-0.122687787773501,-0.0579382621951718,0.),(0.,0.2),
 .UNSPECIFIED.);
#698=B_SPLINE_SURFACE_WITH_KNOTS('',3,1,((#13919,#13920),(#13921,#13922),
(#13923,#13924),(#13925,#13926),(#13927,#13928)),.UNSPECIFIED.,.F.,.F.,
 .F.,(4,1,4),(2,2),(-0.148187620927463,-0.0855611394455585,0.),(0.,0.2),
 .UNSPECIFIED.);
#699=B_SPLINE_SURFACE_WITH_KNOTS('',3,1,((#13942,#13943),(#13944,#13945),
(#13946,#13947),(#13948,#13949),(#13950,#13951)),.UNSPECIFIED.,.F.,.F.,
 .F.,(4,1,4),(2,2),(-0.115386348356528,-0.0541248957972362,0.),(0.,0.2),
 .UNSPECIFIED.);
#700=B_SPLINE_SURFACE_WITH_KNOTS('',3,1,((#13965,#13966),(#13967,#13968),
(#13969,#13970),(#13971,#13972),(#13973,#13974)),.UNSPECIFIED.,.F.,.F.,
 .F.,(4,1,4),(2,2),(-0.14712059235978,-0.069730398432966,0.),(0.,0.2),
 .UNSPECIFIED.);
#701=B_SPLINE_SURFACE_WITH_KNOTS('',3,1,((#13988,#13989),(#13990,#13991),
(#13992,#13993),(#13994,#13995),(#13996,#13997)),.UNSPECIFIED.,.F.,.F.,
 .F.,(4,1,4),(2,2),(-0.140719582859867,-0.0756097052957576,0.),(0.,0.2),
 .UNSPECIFIED.);
#702=B_SPLINE_SURFACE_WITH_KNOTS('',3,1,((#14011,#14012),(#14013,#14014),
(#14015,#14016),(#14017,#14018),(#14019,#14020)),.UNSPECIFIED.,.F.,.F.,
 .F.,(4,1,4),(2,2),(-0.10412494873181,-0.0559126205672762,0.),(0.,0.2),
 .UNSPECIFIED.);
#703=B_SPLINE_SURFACE_WITH_KNOTS('',3,1,((#14034,#14035),(#14036,#14037),
(#14038,#14039),(#14040,#14041),(#14042,#14043)),.UNSPECIFIED.,.F.,.F.,
 .F.,(4,1,4),(2,2),(-0.0736685891711347,-0.0409204483033338,0.),(0.,0.2),
 .UNSPECIFIED.);
#704=B_SPLINE_SURFACE_WITH_KNOTS('',3,1,((#14057,#14058),(#14059,#14060),
(#14061,#14062),(#14063,#14064),(#14065,#14066)),.UNSPECIFIED.,.F.,.F.,
 .F.,(4,1,4),(2,2),(-0.0911379609477024,-0.0375310096059065,0.),(0.,0.2),
 .UNSPECIFIED.);
#705=B_SPLINE_SURFACE_WITH_KNOTS('',3,1,((#14093,#14094),(#14095,#14096),
(#14097,#14098),(#14099,#14100),(#14101,#14102)),.UNSPECIFIED.,.F.,.F.,
 .F.,(4,1,4),(2,2),(-0.207889520034164,-0.11077052244577,0.),(0.,0.2),
 .UNSPECIFIED.);
#706=B_SPLINE_SURFACE_WITH_KNOTS('',3,1,((#14122,#14123),(#14124,#14125),
(#14126,#14127),(#14128,#14129),(#14130,#14131)),.UNSPECIFIED.,.F.,.F.,
 .F.,(4,1,4),(2,2),(-0.103138895324726,-0.0596303621143595,0.),(0.,0.2),
 .UNSPECIFIED.);
#707=B_SPLINE_SURFACE_WITH_KNOTS('',3,1,((#14145,#14146),(#14147,#14148),
(#14149,#14150),(#14151,#14152),(#14153,#14154)),.UNSPECIFIED.,.F.,.F.,
 .F.,(4,1,4),(2,2),(-0.0665205622452586,-0.0341173921735593,0.),(0.,0.2),
 .UNSPECIFIED.);
#708=B_SPLINE_SURFACE_WITH_KNOTS('',3,1,((#14168,#14169),(#14170,#14171),
(#14172,#14173),(#14174,#14175),(#14176,#14177)),.UNSPECIFIED.,.F.,.F.,
 .F.,(4,1,4),(2,2),(-0.152554485572411,-0.054868500121882,0.),(0.,0.2),
 .UNSPECIFIED.);
#709=B_SPLINE_SURFACE_WITH_KNOTS('',3,1,((#14246,#14247),(#14248,#14249),
(#14250,#14251),(#14252,#14253),(#14254,#14255)),.UNSPECIFIED.,.F.,.F.,
 .F.,(4,1,4),(2,2),(-0.322935566500342,-0.113992792216859,0.),(0.,0.2),
 .UNSPECIFIED.);
#710=B_SPLINE_SURFACE_WITH_KNOTS('',3,1,((#14269,#14270),(#14271,#14272),
(#14273,#14274),(#14275,#14276),(#14277,#14278)),.UNSPECIFIED.,.F.,.F.,
 .F.,(4,1,4),(2,2),(-0.277881707011242,-0.141022708047368,0.),(0.,0.2),
 .UNSPECIFIED.);
#711=FACE_OUTER_BOUND('',#1108,.T.);
#712=FACE_OUTER_BOUND('',#1109,.T.);
#713=FACE_OUTER_BOUND('',#1110,.T.);
#714=FACE_OUTER_BOUND('',#1111,.T.);
#715=FACE_OUTER_BOUND('',#1112,.T.);
#716=FACE_OUTER_BOUND('',#1113,.T.);
#717=FACE_OUTER_BOUND('',#1114,.T.);
#718=FACE_OUTER_BOUND('',#1115,.T.);
#719=FACE_OUTER_BOUND('',#1116,.T.);
#720=FACE_OUTER_BOUND('',#1117,.T.);
#721=FACE_OUTER_BOUND('',#1118,.T.);
#722=FACE_OUTER_BOUND('',#1119,.T.);
#723=FACE_OUTER_BOUND('',#1120,.T.);
#724=FACE_OUTER_BOUND('',#1121,.T.);
#725=FACE_OUTER_BOUND('',#1122,.T.);
#726=FACE_OUTER_BOUND('',#1123,.T.);
#727=FACE_OUTER_BOUND('',#1124,.T.);
#728=FACE_OUTER_BOUND('',#1125,.T.);
#729=FACE_OUTER_BOUND('',#1126,.T.);
#730=FACE_OUTER_BOUND('',#1127,.T.);
#731=FACE_OUTER_BOUND('',#1128,.T.);
#732=FACE_OUTER_BOUND('',#1129,.T.);
#733=FACE_OUTER_BOUND('',#1130,.T.);
#734=FACE_OUTER_BOUND('',#1131,.T.);
#735=FACE_OUTER_BOUND('',#1132,.T.);
#736=FACE_OUTER_BOUND('',#1133,.T.);
#737=FACE_OUTER_BOUND('',#1134,.T.);
#738=FACE_OUTER_BOUND('',#1135,.T.);
#739=FACE_OUTER_BOUND('',#1136,.T.);
#740=FACE_OUTER_BOUND('',#1137,.T.);
#741=FACE_OUTER_BOUND('',#1138,.T.);
#742=FACE_OUTER_BOUND('',#1139,.T.);
#743=FACE_OUTER_BOUND('',#1140,.T.);
#744=FACE_OUTER_BOUND('',#1141,.T.);
#745=FACE_OUTER_BOUND('',#1142,.T.);
#746=FACE_OUTER_BOUND('',#1143,.T.);
#747=FACE_OUTER_BOUND('',#1144,.T.);
#748=FACE_OUTER_BOUND('',#1145,.T.);
#749=FACE_OUTER_BOUND('',#1146,.T.);
#750=FACE_OUTER_BOUND('',#1147,.T.);
#751=FACE_OUTER_BOUND('',#1148,.T.);
#752=FACE_OUTER_BOUND('',#1149,.T.);
#753=FACE_OUTER_BOUND('',#1150,.T.);
#754=FACE_OUTER_BOUND('',#1151,.T.);
#755=FACE_OUTER_BOUND('',#1152,.T.);
#756=FACE_OUTER_BOUND('',#1153,.T.);
#757=FACE_OUTER_BOUND('',#1155,.T.);
#758=FACE_OUTER_BOUND('',#1156,.T.);
#759=FACE_OUTER_BOUND('',#1157,.T.);
#760=FACE_OUTER_BOUND('',#1158,.T.);
#761=FACE_OUTER_BOUND('',#1159,.T.);
#762=FACE_OUTER_BOUND('',#1160,.T.);
#763=FACE_OUTER_BOUND('',#1161,.T.);
#764=FACE_OUTER_BOUND('',#1162,.T.);
#765=FACE_OUTER_BOUND('',#1163,.T.);
#766=FACE_OUTER_BOUND('',#1164,.T.);
#767=FACE_OUTER_BOUND('',#1165,.T.);
#768=FACE_OUTER_BOUND('',#1166,.T.);
#769=FACE_OUTER_BOUND('',#1167,.T.);
#770=FACE_OUTER_BOUND('',#1168,.T.);
#771=FACE_OUTER_BOUND('',#1169,.T.);
#772=FACE_OUTER_BOUND('',#1170,.T.);
#773=FACE_OUTER_BOUND('',#1171,.T.);
#774=FACE_OUTER_BOUND('',#1172,.T.);
#775=FACE_OUTER_BOUND('',#1173,.T.);
#776=FACE_OUTER_BOUND('',#1174,.T.);
#777=FACE_OUTER_BOUND('',#1175,.T.);
#778=FACE_OUTER_BOUND('',#1176,.T.);
#779=FACE_OUTER_BOUND('',#1177,.T.);
#780=FACE_OUTER_BOUND('',#1178,.T.);
#781=FACE_OUTER_BOUND('',#1179,.T.);
#782=FACE_OUTER_BOUND('',#1180,.T.);
#783=FACE_OUTER_BOUND('',#1181,.T.);
#784=FACE_OUTER_BOUND('',#1182,.T.);
#785=FACE_OUTER_BOUND('',#1183,.T.);
#786=FACE_OUTER_BOUND('',#1184,.T.);
#787=FACE_OUTER_BOUND('',#1185,.T.);
#788=FACE_OUTER_BOUND('',#1186,.T.);
#789=FACE_OUTER_BOUND('',#1187,.T.);
#790=FACE_OUTER_BOUND('',#1188,.T.);
#791=FACE_OUTER_BOUND('',#1190,.T.);
#792=FACE_OUTER_BOUND('',#1191,.T.);
#793=FACE_OUTER_BOUND('',#1192,.T.);
#794=FACE_OUTER_BOUND('',#1193,.T.);
#795=FACE_OUTER_BOUND('',#1194,.T.);
#796=FACE_OUTER_BOUND('',#1195,.T.);
#797=FACE_OUTER_BOUND('',#1196,.T.);
#798=FACE_OUTER_BOUND('',#1197,.T.);
#799=FACE_OUTER_BOUND('',#1198,.T.);
#800=FACE_OUTER_BOUND('',#1199,.T.);
#801=FACE_OUTER_BOUND('',#1200,.T.);
#802=FACE_OUTER_BOUND('',#1201,.T.);
#803=FACE_OUTER_BOUND('',#1202,.T.);
#804=FACE_OUTER_BOUND('',#1203,.T.);
#805=FACE_OUTER_BOUND('',#1204,.T.);
#806=FACE_OUTER_BOUND('',#1205,.T.);
#807=FACE_OUTER_BOUND('',#1206,.T.);
#808=FACE_OUTER_BOUND('',#1207,.T.);
#809=FACE_OUTER_BOUND('',#1208,.T.);
#810=FACE_OUTER_BOUND('',#1209,.T.);
#811=FACE_OUTER_BOUND('',#1210,.T.);
#812=FACE_OUTER_BOUND('',#1211,.T.);
#813=FACE_OUTER_BOUND('',#1212,.T.);
#814=FACE_OUTER_BOUND('',#1213,.T.);
#815=FACE_OUTER_BOUND('',#1214,.T.);
#816=FACE_OUTER_BOUND('',#1215,.T.);
#817=FACE_OUTER_BOUND('',#1216,.T.);
#818=FACE_OUTER_BOUND('',#1217,.T.);
#819=FACE_OUTER_BOUND('',#1218,.T.);
#820=FACE_OUTER_BOUND('',#1219,.T.);
#821=FACE_OUTER_BOUND('',#1220,.T.);
#822=FACE_OUTER_BOUND('',#1221,.T.);
#823=FACE_OUTER_BOUND('',#1222,.T.);
#824=FACE_OUTER_BOUND('',#1223,.T.);
#825=FACE_OUTER_BOUND('',#1224,.T.);
#826=FACE_OUTER_BOUND('',#1225,.T.);
#827=FACE_OUTER_BOUND('',#1226,.T.);
#828=FACE_OUTER_BOUND('',#1227,.T.);
#829=FACE_OUTER_BOUND('',#1228,.T.);
#830=FACE_OUTER_BOUND('',#1229,.T.);
#831=FACE_OUTER_BOUND('',#1230,.T.);
#832=FACE_OUTER_BOUND('',#1231,.T.);
#833=FACE_OUTER_BOUND('',#1232,.T.);
#834=FACE_OUTER_BOUND('',#1233,.T.);
#835=FACE_OUTER_BOUND('',#1234,.T.);
#836=FACE_OUTER_BOUND('',#1235,.T.);
#837=FACE_OUTER_BOUND('',#1236,.T.);
#838=FACE_OUTER_BOUND('',#1237,.T.);
#839=FACE_OUTER_BOUND('',#1238,.T.);
#840=FACE_OUTER_BOUND('',#1239,.T.);
#841=FACE_OUTER_BOUND('',#1240,.T.);
#842=FACE_OUTER_BOUND('',#1241,.T.);
#843=FACE_OUTER_BOUND('',#1242,.T.);
#844=FACE_OUTER_BOUND('',#1243,.T.);
#845=FACE_OUTER_BOUND('',#1244,.T.);
#846=FACE_OUTER_BOUND('',#1245,.T.);
#847=FACE_OUTER_BOUND('',#1246,.T.);
#848=FACE_OUTER_BOUND('',#1247,.T.);
#849=FACE_OUTER_BOUND('',#1248,.T.);
#850=FACE_OUTER_BOUND('',#1249,.T.);
#851=FACE_OUTER_BOUND('',#1250,.T.);
#852=FACE_OUTER_BOUND('',#1251,.T.);
#853=FACE_OUTER_BOUND('',#1252,.T.);
#854=FACE_OUTER_BOUND('',#1253,.T.);
#855=FACE_OUTER_BOUND('',#1254,.T.);
#856=FACE_OUTER_BOUND('',#1255,.T.);
#857=FACE_OUTER_BOUND('',#1256,.T.);
#858=FACE_OUTER_BOUND('',#1257,.T.);
#859=FACE_OUTER_BOUND('',#1258,.T.);
#860=FACE_OUTER_BOUND('',#1259,.T.);
#861=FACE_OUTER_BOUND('',#1260,.T.);
#862=FACE_OUTER_BOUND('',#1261,.T.);
#863=FACE_OUTER_BOUND('',#1262,.T.);
#864=FACE_OUTER_BOUND('',#1263,.T.);
#865=FACE_OUTER_BOUND('',#1264,.T.);
#866=FACE_OUTER_BOUND('',#1265,.T.);
#867=FACE_OUTER_BOUND('',#1266,.T.);
#868=FACE_OUTER_BOUND('',#1267,.T.);
#869=FACE_OUTER_BOUND('',#1268,.T.);
#870=FACE_OUTER_BOUND('',#1269,.T.);
#871=FACE_OUTER_BOUND('',#1270,.T.);
#872=FACE_OUTER_BOUND('',#1271,.T.);
#873=FACE_OUTER_BOUND('',#1272,.T.);
#874=FACE_OUTER_BOUND('',#1273,.T.);
#875=FACE_OUTER_BOUND('',#1274,.T.);
#876=FACE_OUTER_BOUND('',#1275,.T.);
#877=FACE_OUTER_BOUND('',#1276,.T.);
#878=FACE_OUTER_BOUND('',#1277,.T.);
#879=FACE_OUTER_BOUND('',#1278,.T.);
#880=FACE_OUTER_BOUND('',#1279,.T.);
#881=FACE_OUTER_BOUND('',#1280,.T.);
#882=FACE_OUTER_BOUND('',#1281,.T.);
#883=FACE_OUTER_BOUND('',#1282,.T.);
#884=FACE_OUTER_BOUND('',#1283,.T.);
#885=FACE_OUTER_BOUND('',#1284,.T.);
#886=FACE_OUTER_BOUND('',#1285,.T.);
#887=FACE_OUTER_BOUND('',#1286,.T.);
#888=FACE_OUTER_BOUND('',#1287,.T.);
#889=FACE_OUTER_BOUND('',#1288,.T.);
#890=FACE_OUTER_BOUND('',#1289,.T.);
#891=FACE_OUTER_BOUND('',#1290,.T.);
#892=FACE_OUTER_BOUND('',#1291,.T.);
#893=FACE_OUTER_BOUND('',#1292,.T.);
#894=FACE_OUTER_BOUND('',#1293,.T.);
#895=FACE_OUTER_BOUND('',#1294,.T.);
#896=FACE_OUTER_BOUND('',#1295,.T.);
#897=FACE_OUTER_BOUND('',#1296,.T.);
#898=FACE_OUTER_BOUND('',#1297,.T.);
#899=FACE_OUTER_BOUND('',#1298,.T.);
#900=FACE_OUTER_BOUND('',#1300,.T.);
#901=FACE_OUTER_BOUND('',#1301,.T.);
#902=FACE_OUTER_BOUND('',#1302,.T.);
#903=FACE_OUTER_BOUND('',#1303,.T.);
#904=FACE_OUTER_BOUND('',#1304,.T.);
#905=FACE_OUTER_BOUND('',#1305,.T.);
#906=FACE_OUTER_BOUND('',#1306,.T.);
#907=FACE_OUTER_BOUND('',#1307,.T.);
#908=FACE_OUTER_BOUND('',#1308,.T.);
#909=FACE_OUTER_BOUND('',#1309,.T.);
#910=FACE_OUTER_BOUND('',#1310,.T.);
#911=FACE_OUTER_BOUND('',#1311,.T.);
#912=FACE_OUTER_BOUND('',#1312,.T.);
#913=FACE_OUTER_BOUND('',#1313,.T.);
#914=FACE_OUTER_BOUND('',#1314,.T.);
#915=FACE_OUTER_BOUND('',#1315,.T.);
#916=FACE_OUTER_BOUND('',#1316,.T.);
#917=FACE_OUTER_BOUND('',#1317,.T.);
#918=FACE_OUTER_BOUND('',#1318,.T.);
#919=FACE_OUTER_BOUND('',#1319,.T.);
#920=FACE_OUTER_BOUND('',#1320,.T.);
#921=FACE_OUTER_BOUND('',#1321,.T.);
#922=FACE_OUTER_BOUND('',#1322,.T.);
#923=FACE_OUTER_BOUND('',#1323,.T.);
#924=FACE_OUTER_BOUND('',#1324,.T.);
#925=FACE_OUTER_BOUND('',#1325,.T.);
#926=FACE_OUTER_BOUND('',#1326,.T.);
#927=FACE_OUTER_BOUND('',#1327,.T.);
#928=FACE_OUTER_BOUND('',#1328,.T.);
#929=FACE_OUTER_BOUND('',#1329,.T.);
#930=FACE_OUTER_BOUND('',#1330,.T.);
#931=FACE_OUTER_BOUND('',#1331,.T.);
#932=FACE_OUTER_BOUND('',#1332,.T.);
#933=FACE_OUTER_BOUND('',#1334,.T.);
#934=FACE_OUTER_BOUND('',#1335,.T.);
#935=FACE_OUTER_BOUND('',#1336,.T.);
#936=FACE_OUTER_BOUND('',#1337,.T.);
#937=FACE_OUTER_BOUND('',#1338,.T.);
#938=FACE_OUTER_BOUND('',#1339,.T.);
#939=FACE_OUTER_BOUND('',#1340,.T.);
#940=FACE_OUTER_BOUND('',#1341,.T.);
#941=FACE_OUTER_BOUND('',#1342,.T.);
#942=FACE_OUTER_BOUND('',#1343,.T.);
#943=FACE_OUTER_BOUND('',#1344,.T.);
#944=FACE_OUTER_BOUND('',#1345,.T.);
#945=FACE_OUTER_BOUND('',#1346,.T.);
#946=FACE_OUTER_BOUND('',#1347,.T.);
#947=FACE_OUTER_BOUND('',#1348,.T.);
#948=FACE_OUTER_BOUND('',#1349,.T.);
#949=FACE_OUTER_BOUND('',#1350,.T.);
#950=FACE_OUTER_BOUND('',#1351,.T.);
#951=FACE_OUTER_BOUND('',#1352,.T.);
#952=FACE_OUTER_BOUND('',#1353,.T.);
#953=FACE_OUTER_BOUND('',#1354,.T.);
#954=FACE_OUTER_BOUND('',#1355,.T.);
#955=FACE_OUTER_BOUND('',#1356,.T.);
#956=FACE_OUTER_BOUND('',#1357,.T.);
#957=FACE_OUTER_BOUND('',#1358,.T.);
#958=FACE_OUTER_BOUND('',#1359,.T.);
#959=FACE_OUTER_BOUND('',#1360,.T.);
#960=FACE_OUTER_BOUND('',#1361,.T.);
#961=FACE_OUTER_BOUND('',#1362,.T.);
#962=FACE_OUTER_BOUND('',#1363,.T.);
#963=FACE_OUTER_BOUND('',#1364,.T.);
#964=FACE_OUTER_BOUND('',#1365,.T.);
#965=FACE_OUTER_BOUND('',#1366,.T.);
#966=FACE_OUTER_BOUND('',#1367,.T.);
#967=FACE_OUTER_BOUND('',#1368,.T.);
#968=FACE_OUTER_BOUND('',#1369,.T.);
#969=FACE_OUTER_BOUND('',#1370,.T.);
#970=FACE_OUTER_BOUND('',#1371,.T.);
#971=FACE_OUTER_BOUND('',#1372,.T.);
#972=FACE_OUTER_BOUND('',#1373,.T.);
#973=FACE_OUTER_BOUND('',#1374,.T.);
#974=FACE_OUTER_BOUND('',#1375,.T.);
#975=FACE_OUTER_BOUND('',#1376,.T.);
#976=FACE_OUTER_BOUND('',#1377,.T.);
#977=FACE_OUTER_BOUND('',#1378,.T.);
#978=FACE_OUTER_BOUND('',#1379,.T.);
#979=FACE_OUTER_BOUND('',#1380,.T.);
#980=FACE_OUTER_BOUND('',#1381,.T.);
#981=FACE_OUTER_BOUND('',#1382,.T.);
#982=FACE_OUTER_BOUND('',#1383,.T.);
#983=FACE_OUTER_BOUND('',#1384,.T.);
#984=FACE_OUTER_BOUND('',#1385,.T.);
#985=FACE_OUTER_BOUND('',#1386,.T.);
#986=FACE_OUTER_BOUND('',#1387,.T.);
#987=FACE_OUTER_BOUND('',#1388,.T.);
#988=FACE_OUTER_BOUND('',#1389,.T.);
#989=FACE_OUTER_BOUND('',#1390,.T.);
#990=FACE_OUTER_BOUND('',#1391,.T.);
#991=FACE_OUTER_BOUND('',#1392,.T.);
#992=FACE_OUTER_BOUND('',#1393,.T.);
#993=FACE_OUTER_BOUND('',#1394,.T.);
#994=FACE_OUTER_BOUND('',#1395,.T.);
#995=FACE_OUTER_BOUND('',#1396,.T.);
#996=FACE_OUTER_BOUND('',#1397,.T.);
#997=FACE_OUTER_BOUND('',#1398,.T.);
#998=FACE_OUTER_BOUND('',#1399,.T.);
#999=FACE_OUTER_BOUND('',#1400,.T.);
#1000=FACE_OUTER_BOUND('',#1401,.T.);
#1001=FACE_OUTER_BOUND('',#1402,.T.);
#1002=FACE_OUTER_BOUND('',#1403,.T.);
#1003=FACE_OUTER_BOUND('',#1404,.T.);
#1004=FACE_OUTER_BOUND('',#1405,.T.);
#1005=FACE_OUTER_BOUND('',#1406,.T.);
#1006=FACE_OUTER_BOUND('',#1407,.T.);
#1007=FACE_OUTER_BOUND('',#1408,.T.);
#1008=FACE_OUTER_BOUND('',#1409,.T.);
#1009=FACE_OUTER_BOUND('',#1410,.T.);
#1010=FACE_OUTER_BOUND('',#1411,.T.);
#1011=FACE_OUTER_BOUND('',#1412,.T.);
#1012=FACE_OUTER_BOUND('',#1413,.T.);
#1013=FACE_OUTER_BOUND('',#1414,.T.);
#1014=FACE_OUTER_BOUND('',#1415,.T.);
#1015=FACE_OUTER_BOUND('',#1416,.T.);
#1016=FACE_OUTER_BOUND('',#1417,.T.);
#1017=FACE_OUTER_BOUND('',#1418,.T.);
#1018=FACE_OUTER_BOUND('',#1419,.T.);
#1019=FACE_OUTER_BOUND('',#1420,.T.);
#1020=FACE_OUTER_BOUND('',#1421,.T.);
#1021=FACE_OUTER_BOUND('',#1422,.T.);
#1022=FACE_OUTER_BOUND('',#1423,.T.);
#1023=FACE_OUTER_BOUND('',#1424,.T.);
#1024=FACE_OUTER_BOUND('',#1425,.T.);
#1025=FACE_OUTER_BOUND('',#1426,.T.);
#1026=FACE_OUTER_BOUND('',#1427,.T.);
#1027=FACE_OUTER_BOUND('',#1428,.T.);
#1028=FACE_OUTER_BOUND('',#1429,.T.);
#1029=FACE_OUTER_BOUND('',#1430,.T.);
#1030=FACE_OUTER_BOUND('',#1431,.T.);
#1031=FACE_OUTER_BOUND('',#1432,.T.);
#1032=FACE_OUTER_BOUND('',#1433,.T.);
#1033=FACE_OUTER_BOUND('',#1434,.T.);
#1034=FACE_OUTER_BOUND('',#1435,.T.);
#1035=FACE_OUTER_BOUND('',#1436,.T.);
#1036=FACE_OUTER_BOUND('',#1437,.T.);
#1037=FACE_OUTER_BOUND('',#1438,.T.);
#1038=FACE_OUTER_BOUND('',#1439,.T.);
#1039=FACE_OUTER_BOUND('',#1440,.T.);
#1040=FACE_OUTER_BOUND('',#1441,.T.);
#1041=FACE_OUTER_BOUND('',#1442,.T.);
#1042=FACE_OUTER_BOUND('',#1443,.T.);
#1043=FACE_OUTER_BOUND('',#1444,.T.);
#1044=FACE_OUTER_BOUND('',#1445,.T.);
#1045=FACE_OUTER_BOUND('',#1446,.T.);
#1046=FACE_OUTER_BOUND('',#1447,.T.);
#1047=FACE_OUTER_BOUND('',#1448,.T.);
#1048=FACE_OUTER_BOUND('',#1449,.T.);
#1049=FACE_OUTER_BOUND('',#1450,.T.);
#1050=FACE_OUTER_BOUND('',#1451,.T.);
#1051=FACE_OUTER_BOUND('',#1452,.T.);
#1052=FACE_OUTER_BOUND('',#1453,.T.);
#1053=FACE_OUTER_BOUND('',#1455,.T.);
#1054=FACE_OUTER_BOUND('',#1456,.T.);
#1055=FACE_OUTER_BOUND('',#1457,.T.);
#1056=FACE_OUTER_BOUND('',#1458,.T.);
#1057=FACE_OUTER_BOUND('',#1459,.T.);
#1058=FACE_OUTER_BOUND('',#1460,.T.);
#1059=FACE_OUTER_BOUND('',#1461,.T.);
#1060=FACE_OUTER_BOUND('',#1462,.T.);
#1061=FACE_OUTER_BOUND('',#1463,.T.);
#1062=FACE_OUTER_BOUND('',#1464,.T.);
#1063=FACE_OUTER_BOUND('',#1465,.T.);
#1064=FACE_OUTER_BOUND('',#1466,.T.);
#1065=FACE_OUTER_BOUND('',#1467,.T.);
#1066=FACE_OUTER_BOUND('',#1468,.T.);
#1067=FACE_OUTER_BOUND('',#1469,.T.);
#1068=FACE_OUTER_BOUND('',#1470,.T.);
#1069=FACE_OUTER_BOUND('',#1471,.T.);
#1070=FACE_OUTER_BOUND('',#1472,.T.);
#1071=FACE_OUTER_BOUND('',#1473,.T.);
#1072=FACE_OUTER_BOUND('',#1474,.T.);
#1073=FACE_OUTER_BOUND('',#1475,.T.);
#1074=FACE_OUTER_BOUND('',#1476,.T.);
#1075=FACE_OUTER_BOUND('',#1477,.T.);
#1076=FACE_OUTER_BOUND('',#1478,.T.);
#1077=FACE_OUTER_BOUND('',#1479,.T.);
#1078=FACE_OUTER_BOUND('',#1480,.T.);
#1079=FACE_OUTER_BOUND('',#1481,.T.);
#1080=FACE_OUTER_BOUND('',#1482,.T.);
#1081=FACE_OUTER_BOUND('',#1483,.T.);
#1082=FACE_OUTER_BOUND('',#1488,.T.);
#1083=FACE_OUTER_BOUND('',#1489,.T.);
#1084=FACE_OUTER_BOUND('',#1491,.T.);
#1085=FACE_OUTER_BOUND('',#1492,.T.);
#1086=FACE_OUTER_BOUND('',#1493,.T.);
#1087=FACE_OUTER_BOUND('',#1494,.T.);
#1088=FACE_OUTER_BOUND('',#1495,.T.);
#1089=FACE_OUTER_BOUND('',#1496,.T.);
#1090=FACE_OUTER_BOUND('',#1497,.T.);
#1091=FACE_OUTER_BOUND('',#1498,.T.);
#1092=FACE_OUTER_BOUND('',#1499,.T.);
#1093=FACE_OUTER_BOUND('',#1500,.T.);
#1094=FACE_OUTER_BOUND('',#1501,.T.);
#1095=FACE_OUTER_BOUND('',#1502,.T.);
#1096=FACE_OUTER_BOUND('',#1503,.T.);
#1097=FACE_OUTER_BOUND('',#1504,.T.);
#1098=FACE_OUTER_BOUND('',#1520,.T.);
#1099=FACE_OUTER_BOUND('',#1521,.T.);
#1100=FACE_OUTER_BOUND('',#1526,.T.);
#1101=FACE_OUTER_BOUND('',#1527,.T.);
#1102=FACE_OUTER_BOUND('',#1529,.T.);
#1103=FACE_OUTER_BOUND('',#1530,.T.);
#1104=FACE_OUTER_BOUND('',#1531,.T.);
#1105=FACE_OUTER_BOUND('',#1532,.T.);
#1106=FACE_OUTER_BOUND('',#1533,.T.);
#1107=FACE_OUTER_BOUND('',#1534,.T.);
#1108=EDGE_LOOP('',(#4742,#4743,#4744,#4745));
#1109=EDGE_LOOP('',(#4746,#4747,#4748,#4749));
#1110=EDGE_LOOP('',(#4750,#4751,#4752,#4753));
#1111=EDGE_LOOP('',(#4754,#4755,#4756,#4757));
#1112=EDGE_LOOP('',(#4758,#4759,#4760,#4761));
#1113=EDGE_LOOP('',(#4762,#4763,#4764,#4765));
#1114=EDGE_LOOP('',(#4766,#4767,#4768,#4769));
#1115=EDGE_LOOP('',(#4770,#4771,#4772,#4773));
#1116=EDGE_LOOP('',(#4774,#4775,#4776,#4777));
#1117=EDGE_LOOP('',(#4778,#4779,#4780,#4781));
#1118=EDGE_LOOP('',(#4782,#4783,#4784,#4785));
#1119=EDGE_LOOP('',(#4786,#4787,#4788,#4789));
#1120=EDGE_LOOP('',(#4790,#4791,#4792,#4793,#4794,#4795,#4796,#4797,#4798,
#4799,#4800,#4801));
#1121=EDGE_LOOP('',(#4802,#4803,#4804,#4805));
#1122=EDGE_LOOP('',(#4806,#4807,#4808,#4809));
#1123=EDGE_LOOP('',(#4810,#4811,#4812,#4813));
#1124=EDGE_LOOP('',(#4814,#4815,#4816,#4817));
#1125=EDGE_LOOP('',(#4818,#4819,#4820,#4821));
#1126=EDGE_LOOP('',(#4822,#4823,#4824,#4825));
#1127=EDGE_LOOP('',(#4826,#4827,#4828,#4829));
#1128=EDGE_LOOP('',(#4830,#4831,#4832,#4833));
#1129=EDGE_LOOP('',(#4834,#4835,#4836,#4837));
#1130=EDGE_LOOP('',(#4838,#4839,#4840,#4841));
#1131=EDGE_LOOP('',(#4842,#4843,#4844,#4845));
#1132=EDGE_LOOP('',(#4846,#4847,#4848,#4849));
#1133=EDGE_LOOP('',(#4850,#4851,#4852,#4853));
#1134=EDGE_LOOP('',(#4854,#4855,#4856,#4857));
#1135=EDGE_LOOP('',(#4858,#4859,#4860,#4861));
#1136=EDGE_LOOP('',(#4862,#4863,#4864,#4865));
#1137=EDGE_LOOP('',(#4866,#4867,#4868,#4869));
#1138=EDGE_LOOP('',(#4870,#4871,#4872,#4873));
#1139=EDGE_LOOP('',(#4874,#4875,#4876,#4877));
#1140=EDGE_LOOP('',(#4878,#4879,#4880,#4881));
#1141=EDGE_LOOP('',(#4882,#4883,#4884,#4885));
#1142=EDGE_LOOP('',(#4886,#4887,#4888,#4889));
#1143=EDGE_LOOP('',(#4890,#4891,#4892,#4893));
#1144=EDGE_LOOP('',(#4894,#4895,#4896,#4897));
#1145=EDGE_LOOP('',(#4898,#4899,#4900,#4901));
#1146=EDGE_LOOP('',(#4902,#4903,#4904,#4905));
#1147=EDGE_LOOP('',(#4906,#4907,#4908,#4909));
#1148=EDGE_LOOP('',(#4910,#4911,#4912,#4913));
#1149=EDGE_LOOP('',(#4914,#4915,#4916,#4917));
#1150=EDGE_LOOP('',(#4918,#4919,#4920,#4921));
#1151=EDGE_LOOP('',(#4922,#4923,#4924,#4925));
#1152=EDGE_LOOP('',(#4926,#4927,#4928,#4929));
#1153=EDGE_LOOP('',(#4930,#4931,#4932,#4933,#4934,#4935,#4936,#4937,#4938,
#4939,#4940,#4941,#4942,#4943,#4944,#4945,#4946,#4947,#4948,#4949,#4950,
#4951,#4952,#4953,#4954));
#1154=EDGE_LOOP('',(#4955,#4956,#4957,#4958,#4959,#4960,#4961));
#1155=EDGE_LOOP('',(#4962,#4963,#4964,#4965,#4966,#4967,#4968));
#1156=EDGE_LOOP('',(#4969,#4970,#4971,#4972));
#1157=EDGE_LOOP('',(#4973,#4974,#4975,#4976));
#1158=EDGE_LOOP('',(#4977,#4978,#4979,#4980));
#1159=EDGE_LOOP('',(#4981,#4982,#4983,#4984));
#1160=EDGE_LOOP('',(#4985,#4986,#4987,#4988));
#1161=EDGE_LOOP('',(#4989,#4990,#4991,#4992));
#1162=EDGE_LOOP('',(#4993,#4994,#4995,#4996));
#1163=EDGE_LOOP('',(#4997,#4998,#4999,#5000));
#1164=EDGE_LOOP('',(#5001,#5002,#5003,#5004));
#1165=EDGE_LOOP('',(#5005,#5006,#5007,#5008));
#1166=EDGE_LOOP('',(#5009,#5010,#5011,#5012));
#1167=EDGE_LOOP('',(#5013,#5014,#5015,#5016));
#1168=EDGE_LOOP('',(#5017,#5018,#5019,#5020));
#1169=EDGE_LOOP('',(#5021,#5022,#5023,#5024));
#1170=EDGE_LOOP('',(#5025,#5026,#5027,#5028));
#1171=EDGE_LOOP('',(#5029,#5030,#5031,#5032));
#1172=EDGE_LOOP('',(#5033,#5034,#5035,#5036));
#1173=EDGE_LOOP('',(#5037,#5038,#5039,#5040));
#1174=EDGE_LOOP('',(#5041,#5042,#5043,#5044));
#1175=EDGE_LOOP('',(#5045,#5046,#5047,#5048));
#1176=EDGE_LOOP('',(#5049,#5050,#5051,#5052));
#1177=EDGE_LOOP('',(#5053,#5054,#5055,#5056));
#1178=EDGE_LOOP('',(#5057,#5058,#5059,#5060));
#1179=EDGE_LOOP('',(#5061,#5062,#5063,#5064));
#1180=EDGE_LOOP('',(#5065,#5066,#5067,#5068));
#1181=EDGE_LOOP('',(#5069,#5070,#5071,#5072));
#1182=EDGE_LOOP('',(#5073,#5074,#5075,#5076));
#1183=EDGE_LOOP('',(#5077,#5078,#5079,#5080));
#1184=EDGE_LOOP('',(#5081,#5082,#5083,#5084));
#1185=EDGE_LOOP('',(#5085,#5086,#5087,#5088));
#1186=EDGE_LOOP('',(#5089,#5090,#5091,#5092));
#1187=EDGE_LOOP('',(#5093,#5094,#5095,#5096));
#1188=EDGE_LOOP('',(#5097,#5098,#5099,#5100,#5101,#5102,#5103,#5104,#5105,
#5106,#5107,#5108,#5109,#5110,#5111,#5112,#5113,#5114,#5115,#5116,#5117,
#5118,#5119,#5120,#5121));
#1189=EDGE_LOOP('',(#5122,#5123,#5124,#5125,#5126,#5127,#5128));
#1190=EDGE_LOOP('',(#5129,#5130,#5131,#5132,#5133,#5134,#5135));
#1191=EDGE_LOOP('',(#5136,#5137,#5138,#5139));
#1192=EDGE_LOOP('',(#5140,#5141,#5142,#5143));
#1193=EDGE_LOOP('',(#5144,#5145,#5146,#5147));
#1194=EDGE_LOOP('',(#5148,#5149,#5150,#5151));
#1195=EDGE_LOOP('',(#5152,#5153,#5154,#5155));
#1196=EDGE_LOOP('',(#5156,#5157,#5158,#5159));
#1197=EDGE_LOOP('',(#5160,#5161,#5162,#5163));
#1198=EDGE_LOOP('',(#5164,#5165,#5166,#5167));
#1199=EDGE_LOOP('',(#5168,#5169,#5170,#5171));
#1200=EDGE_LOOP('',(#5172,#5173,#5174,#5175));
#1201=EDGE_LOOP('',(#5176,#5177,#5178,#5179));
#1202=EDGE_LOOP('',(#5180,#5181,#5182,#5183));
#1203=EDGE_LOOP('',(#5184,#5185,#5186,#5187));
#1204=EDGE_LOOP('',(#5188,#5189,#5190,#5191));
#1205=EDGE_LOOP('',(#5192,#5193,#5194,#5195));
#1206=EDGE_LOOP('',(#5196,#5197,#5198,#5199));
#1207=EDGE_LOOP('',(#5200,#5201,#5202,#5203));
#1208=EDGE_LOOP('',(#5204,#5205,#5206,#5207));
#1209=EDGE_LOOP('',(#5208,#5209,#5210,#5211));
#1210=EDGE_LOOP('',(#5212,#5213,#5214,#5215,#5216,#5217,#5218,#5219,#5220,
#5221,#5222,#5223,#5224,#5225,#5226,#5227,#5228,#5229,#5230));
#1211=EDGE_LOOP('',(#5231,#5232,#5233,#5234));
#1212=EDGE_LOOP('',(#5235,#5236,#5237,#5238));
#1213=EDGE_LOOP('',(#5239,#5240,#5241,#5242));
#1214=EDGE_LOOP('',(#5243,#5244,#5245,#5246));
#1215=EDGE_LOOP('',(#5247,#5248,#5249,#5250));
#1216=EDGE_LOOP('',(#5251,#5252,#5253,#5254));
#1217=EDGE_LOOP('',(#5255,#5256,#5257,#5258));
#1218=EDGE_LOOP('',(#5259,#5260,#5261,#5262));
#1219=EDGE_LOOP('',(#5263,#5264,#5265,#5266));
#1220=EDGE_LOOP('',(#5267,#5268,#5269,#5270));
#1221=EDGE_LOOP('',(#5271,#5272,#5273,#5274));
#1222=EDGE_LOOP('',(#5275,#5276,#5277,#5278));
#1223=EDGE_LOOP('',(#5279,#5280,#5281,#5282));
#1224=EDGE_LOOP('',(#5283,#5284,#5285,#5286));
#1225=EDGE_LOOP('',(#5287,#5288,#5289,#5290));
#1226=EDGE_LOOP('',(#5291,#5292,#5293,#5294));
#1227=EDGE_LOOP('',(#5295,#5296,#5297,#5298));
#1228=EDGE_LOOP('',(#5299,#5300,#5301,#5302));
#1229=EDGE_LOOP('',(#5303,#5304,#5305,#5306));
#1230=EDGE_LOOP('',(#5307,#5308,#5309,#5310));
#1231=EDGE_LOOP('',(#5311,#5312,#5313,#5314));
#1232=EDGE_LOOP('',(#5315,#5316,#5317,#5318));
#1233=EDGE_LOOP('',(#5319,#5320,#5321,#5322));
#1234=EDGE_LOOP('',(#5323,#5324,#5325,#5326));
#1235=EDGE_LOOP('',(#5327,#5328,#5329,#5330));
#1236=EDGE_LOOP('',(#5331,#5332,#5333,#5334));
#1237=EDGE_LOOP('',(#5335,#5336,#5337,#5338));
#1238=EDGE_LOOP('',(#5339,#5340,#5341,#5342));
#1239=EDGE_LOOP('',(#5343,#5344,#5345,#5346));
#1240=EDGE_LOOP('',(#5347,#5348,#5349,#5350));
#1241=EDGE_LOOP('',(#5351,#5352,#5353,#5354));
#1242=EDGE_LOOP('',(#5355,#5356,#5357,#5358));
#1243=EDGE_LOOP('',(#5359,#5360,#5361,#5362));
#1244=EDGE_LOOP('',(#5363,#5364,#5365,#5366));
#1245=EDGE_LOOP('',(#5367,#5368,#5369,#5370));
#1246=EDGE_LOOP('',(#5371,#5372,#5373,#5374,#5375,#5376,#5377,#5378,#5379,
#5380,#5381,#5382,#5383,#5384,#5385,#5386,#5387,#5388,#5389,#5390,#5391,
#5392,#5393,#5394,#5395,#5396,#5397,#5398,#5399,#5400,#5401,#5402,#5403,
#5404,#5405));
#1247=EDGE_LOOP('',(#5406,#5407,#5408,#5409));
#1248=EDGE_LOOP('',(#5410,#5411,#5412,#5413));
#1249=EDGE_LOOP('',(#5414,#5415,#5416,#5417));
#1250=EDGE_LOOP('',(#5418,#5419,#5420,#5421));
#1251=EDGE_LOOP('',(#5422,#5423,#5424,#5425));
#1252=EDGE_LOOP('',(#5426,#5427,#5428,#5429));
#1253=EDGE_LOOP('',(#5430,#5431,#5432,#5433));
#1254=EDGE_LOOP('',(#5434,#5435,#5436,#5437));
#1255=EDGE_LOOP('',(#5438,#5439,#5440,#5441));
#1256=EDGE_LOOP('',(#5442,#5443,#5444,#5445));
#1257=EDGE_LOOP('',(#5446,#5447,#5448,#5449));
#1258=EDGE_LOOP('',(#5450,#5451,#5452,#5453));
#1259=EDGE_LOOP('',(#5454,#5455,#5456,#5457));
#1260=EDGE_LOOP('',(#5458,#5459,#5460,#5461));
#1261=EDGE_LOOP('',(#5462,#5463,#5464,#5465));
#1262=EDGE_LOOP('',(#5466,#5467,#5468,#5469));
#1263=EDGE_LOOP('',(#5470,#5471,#5472,#5473));
#1264=EDGE_LOOP('',(#5474,#5475,#5476,#5477));
#1265=EDGE_LOOP('',(#5478,#5479,#5480,#5481,#5482,#5483,#5484,#5485,#5486,
#5487,#5488,#5489,#5490,#5491,#5492,#5493,#5494,#5495));
#1266=EDGE_LOOP('',(#5496,#5497,#5498,#5499));
#1267=EDGE_LOOP('',(#5500,#5501,#5502,#5503));
#1268=EDGE_LOOP('',(#5504,#5505,#5506,#5507));
#1269=EDGE_LOOP('',(#5508,#5509,#5510,#5511));
#1270=EDGE_LOOP('',(#5512,#5513,#5514,#5515));
#1271=EDGE_LOOP('',(#5516,#5517,#5518,#5519));
#1272=EDGE_LOOP('',(#5520,#5521,#5522,#5523));
#1273=EDGE_LOOP('',(#5524,#5525,#5526,#5527));
#1274=EDGE_LOOP('',(#5528,#5529,#5530,#5531));
#1275=EDGE_LOOP('',(#5532,#5533,#5534,#5535));
#1276=EDGE_LOOP('',(#5536,#5537,#5538,#5539));
#1277=EDGE_LOOP('',(#5540,#5541,#5542,#5543));
#1278=EDGE_LOOP('',(#5544,#5545,#5546,#5547));
#1279=EDGE_LOOP('',(#5548,#5549,#5550,#5551));
#1280=EDGE_LOOP('',(#5552,#5553,#5554,#5555));
#1281=EDGE_LOOP('',(#5556,#5557,#5558,#5559));
#1282=EDGE_LOOP('',(#5560,#5561,#5562,#5563));
#1283=EDGE_LOOP('',(#5564,#5565,#5566,#5567));
#1284=EDGE_LOOP('',(#5568,#5569,#5570,#5571));
#1285=EDGE_LOOP('',(#5572,#5573,#5574,#5575));
#1286=EDGE_LOOP('',(#5576,#5577,#5578,#5579));
#1287=EDGE_LOOP('',(#5580,#5581,#5582,#5583));
#1288=EDGE_LOOP('',(#5584,#5585,#5586,#5587));
#1289=EDGE_LOOP('',(#5588,#5589,#5590,#5591));
#1290=EDGE_LOOP('',(#5592,#5593,#5594,#5595));
#1291=EDGE_LOOP('',(#5596,#5597,#5598,#5599));
#1292=EDGE_LOOP('',(#5600,#5601,#5602,#5603));
#1293=EDGE_LOOP('',(#5604,#5605,#5606,#5607));
#1294=EDGE_LOOP('',(#5608,#5609,#5610,#5611));
#1295=EDGE_LOOP('',(#5612,#5613,#5614,#5615));
#1296=EDGE_LOOP('',(#5616,#5617,#5618,#5619));
#1297=EDGE_LOOP('',(#5620,#5621,#5622,#5623));
#1298=EDGE_LOOP('',(#5624,#5625,#5626,#5627,#5628,#5629,#5630,#5631,#5632,
#5633,#5634,#5635,#5636,#5637,#5638,#5639,#5640));
#1299=EDGE_LOOP('',(#5641,#5642,#5643,#5644,#5645,#5646,#5647,#5648,#5649,
#5650));
#1300=EDGE_LOOP('',(#5651,#5652,#5653,#5654,#5655,#5656,#5657,#5658,#5659,
#5660));
#1301=EDGE_LOOP('',(#5661,#5662,#5663,#5664));
#1302=EDGE_LOOP('',(#5665,#5666,#5667,#5668));
#1303=EDGE_LOOP('',(#5669,#5670,#5671,#5672));
#1304=EDGE_LOOP('',(#5673,#5674,#5675,#5676));
#1305=EDGE_LOOP('',(#5677,#5678,#5679,#5680));
#1306=EDGE_LOOP('',(#5681,#5682,#5683,#5684));
#1307=EDGE_LOOP('',(#5685,#5686,#5687,#5688));
#1308=EDGE_LOOP('',(#5689,#5690,#5691,#5692));
#1309=EDGE_LOOP('',(#5693,#5694,#5695,#5696));
#1310=EDGE_LOOP('',(#5697,#5698,#5699,#5700));
#1311=EDGE_LOOP('',(#5701,#5702,#5703,#5704));
#1312=EDGE_LOOP('',(#5705,#5706,#5707,#5708));
#1313=EDGE_LOOP('',(#5709,#5710,#5711,#5712));
#1314=EDGE_LOOP('',(#5713,#5714,#5715,#5716));
#1315=EDGE_LOOP('',(#5717,#5718,#5719,#5720));
#1316=EDGE_LOOP('',(#5721,#5722,#5723,#5724));
#1317=EDGE_LOOP('',(#5725,#5726,#5727,#5728));
#1318=EDGE_LOOP('',(#5729,#5730,#5731,#5732));
#1319=EDGE_LOOP('',(#5733,#5734,#5735,#5736));
#1320=EDGE_LOOP('',(#5737,#5738,#5739,#5740));
#1321=EDGE_LOOP('',(#5741,#5742,#5743,#5744));
#1322=EDGE_LOOP('',(#5745,#5746,#5747,#5748));
#1323=EDGE_LOOP('',(#5749,#5750,#5751,#5752));
#1324=EDGE_LOOP('',(#5753,#5754,#5755,#5756));
#1325=EDGE_LOOP('',(#5757,#5758,#5759,#5760));
#1326=EDGE_LOOP('',(#5761,#5762,#5763,#5764));
#1327=EDGE_LOOP('',(#5765,#5766,#5767,#5768));
#1328=EDGE_LOOP('',(#5769,#5770,#5771,#5772));
#1329=EDGE_LOOP('',(#5773,#5774,#5775,#5776));
#1330=EDGE_LOOP('',(#5777,#5778,#5779,#5780));
#1331=EDGE_LOOP('',(#5781,#5782,#5783,#5784));
#1332=EDGE_LOOP('',(#5785,#5786,#5787,#5788,#5789,#5790,#5791,#5792,#5793,
#5794,#5795,#5796,#5797,#5798,#5799,#5800));
#1333=EDGE_LOOP('',(#5801,#5802,#5803,#5804,#5805,#5806,#5807,#5808,#5809,
#5810));
#1334=EDGE_LOOP('',(#5811,#5812,#5813,#5814,#5815,#5816,#5817,#5818,#5819,
#5820));
#1335=EDGE_LOOP('',(#5821,#5822,#5823,#5824));
#1336=EDGE_LOOP('',(#5825,#5826,#5827,#5828));
#1337=EDGE_LOOP('',(#5829,#5830,#5831,#5832));
#1338=EDGE_LOOP('',(#5833,#5834,#5835,#5836));
#1339=EDGE_LOOP('',(#5837,#5838,#5839,#5840));
#1340=EDGE_LOOP('',(#5841,#5842,#5843,#5844));
#1341=EDGE_LOOP('',(#5845,#5846,#5847,#5848));
#1342=EDGE_LOOP('',(#5849,#5850,#5851,#5852));
#1343=EDGE_LOOP('',(#5853,#5854,#5855,#5856));
#1344=EDGE_LOOP('',(#5857,#5858,#5859,#5860));
#1345=EDGE_LOOP('',(#5861,#5862,#5863,#5864));
#1346=EDGE_LOOP('',(#5865,#5866,#5867,#5868));
#1347=EDGE_LOOP('',(#5869,#5870,#5871,#5872));
#1348=EDGE_LOOP('',(#5873,#5874,#5875,#5876));
#1349=EDGE_LOOP('',(#5877,#5878,#5879,#5880));
#1350=EDGE_LOOP('',(#5881,#5882,#5883,#5884));
#1351=EDGE_LOOP('',(#5885,#5886,#5887,#5888));
#1352=EDGE_LOOP('',(#5889,#5890,#5891,#5892));
#1353=EDGE_LOOP('',(#5893,#5894,#5895,#5896));
#1354=EDGE_LOOP('',(#5897,#5898,#5899,#5900,#5901,#5902,#5903,#5904,#5905,
#5906,#5907,#5908,#5909,#5910,#5911,#5912,#5913,#5914,#5915));
#1355=EDGE_LOOP('',(#5916,#5917,#5918,#5919));
#1356=EDGE_LOOP('',(#5920,#5921,#5922,#5923));
#1357=EDGE_LOOP('',(#5924,#5925,#5926,#5927));
#1358=EDGE_LOOP('',(#5928,#5929,#5930,#5931));
#1359=EDGE_LOOP('',(#5932,#5933,#5934,#5935));
#1360=EDGE_LOOP('',(#5936,#5937,#5938,#5939));
#1361=EDGE_LOOP('',(#5940,#5941,#5942,#5943));
#1362=EDGE_LOOP('',(#5944,#5945,#5946,#5947));
#1363=EDGE_LOOP('',(#5948,#5949,#5950,#5951));
#1364=EDGE_LOOP('',(#5952,#5953,#5954,#5955));
#1365=EDGE_LOOP('',(#5956,#5957,#5958,#5959));
#1366=EDGE_LOOP('',(#5960,#5961,#5962,#5963));
#1367=EDGE_LOOP('',(#5964,#5965,#5966,#5967));
#1368=EDGE_LOOP('',(#5968,#5969,#5970,#5971));
#1369=EDGE_LOOP('',(#5972,#5973,#5974,#5975));
#1370=EDGE_LOOP('',(#5976,#5977,#5978,#5979));
#1371=EDGE_LOOP('',(#5980,#5981,#5982,#5983));
#1372=EDGE_LOOP('',(#5984,#5985,#5986,#5987));
#1373=EDGE_LOOP('',(#5988,#5989,#5990,#5991));
#1374=EDGE_LOOP('',(#5992,#5993,#5994,#5995));
#1375=EDGE_LOOP('',(#5996,#5997,#5998,#5999));
#1376=EDGE_LOOP('',(#6000,#6001,#6002,#6003));
#1377=EDGE_LOOP('',(#6004,#6005,#6006,#6007));
#1378=EDGE_LOOP('',(#6008,#6009,#6010,#6011));
#1379=EDGE_LOOP('',(#6012,#6013,#6014,#6015));
#1380=EDGE_LOOP('',(#6016,#6017,#6018,#6019));
#1381=EDGE_LOOP('',(#6020,#6021,#6022,#6023));
#1382=EDGE_LOOP('',(#6024,#6025,#6026,#6027));
#1383=EDGE_LOOP('',(#6028,#6029,#6030,#6031));
#1384=EDGE_LOOP('',(#6032,#6033,#6034,#6035));
#1385=EDGE_LOOP('',(#6036,#6037,#6038,#6039));
#1386=EDGE_LOOP('',(#6040,#6041,#6042,#6043));
#1387=EDGE_LOOP('',(#6044,#6045,#6046,#6047));
#1388=EDGE_LOOP('',(#6048,#6049,#6050,#6051));
#1389=EDGE_LOOP('',(#6052,#6053,#6054,#6055));
#1390=EDGE_LOOP('',(#6056,#6057,#6058,#6059));
#1391=EDGE_LOOP('',(#6060,#6061,#6062,#6063,#6064,#6065,#6066,#6067,#6068,
#6069,#6070,#6071,#6072,#6073,#6074,#6075,#6076,#6077,#6078,#6079,#6080,
#6081,#6082,#6083,#6084,#6085,#6086,#6087,#6088,#6089,#6090,#6091,#6092,
#6093,#6094,#6095));
#1392=EDGE_LOOP('',(#6096,#6097,#6098,#6099));
#1393=EDGE_LOOP('',(#6100,#6101,#6102,#6103));
#1394=EDGE_LOOP('',(#6104,#6105,#6106,#6107));
#1395=EDGE_LOOP('',(#6108,#6109,#6110,#6111));
#1396=EDGE_LOOP('',(#6112,#6113,#6114,#6115));
#1397=EDGE_LOOP('',(#6116,#6117,#6118,#6119));
#1398=EDGE_LOOP('',(#6120,#6121,#6122,#6123));
#1399=EDGE_LOOP('',(#6124,#6125,#6126,#6127));
#1400=EDGE_LOOP('',(#6128,#6129,#6130,#6131));
#1401=EDGE_LOOP('',(#6132,#6133,#6134,#6135));
#1402=EDGE_LOOP('',(#6136,#6137,#6138,#6139));
#1403=EDGE_LOOP('',(#6140,#6141,#6142,#6143));
#1404=EDGE_LOOP('',(#6144,#6145,#6146,#6147));
#1405=EDGE_LOOP('',(#6148,#6149,#6150,#6151));
#1406=EDGE_LOOP('',(#6152,#6153,#6154,#6155));
#1407=EDGE_LOOP('',(#6156,#6157,#6158,#6159));
#1408=EDGE_LOOP('',(#6160,#6161,#6162,#6163));
#1409=EDGE_LOOP('',(#6164,#6165,#6166,#6167));
#1410=EDGE_LOOP('',(#6168,#6169,#6170,#6171));
#1411=EDGE_LOOP('',(#6172,#6173,#6174,#6175));
#1412=EDGE_LOOP('',(#6176,#6177,#6178,#6179));
#1413=EDGE_LOOP('',(#6180,#6181,#6182,#6183));
#1414=EDGE_LOOP('',(#6184,#6185,#6186,#6187));
#1415=EDGE_LOOP('',(#6188,#6189,#6190,#6191));
#1416=EDGE_LOOP('',(#6192,#6193,#6194,#6195));
#1417=EDGE_LOOP('',(#6196,#6197,#6198,#6199));
#1418=EDGE_LOOP('',(#6200,#6201,#6202,#6203));
#1419=EDGE_LOOP('',(#6204,#6205,#6206,#6207));
#1420=EDGE_LOOP('',(#6208,#6209,#6210,#6211));
#1421=EDGE_LOOP('',(#6212,#6213,#6214,#6215));
#1422=EDGE_LOOP('',(#6216,#6217,#6218,#6219));
#1423=EDGE_LOOP('',(#6220,#6221,#6222,#6223));
#1424=EDGE_LOOP('',(#6224,#6225,#6226,#6227));
#1425=EDGE_LOOP('',(#6228,#6229,#6230,#6231));
#1426=EDGE_LOOP('',(#6232,#6233,#6234,#6235));
#1427=EDGE_LOOP('',(#6236,#6237,#6238,#6239));
#1428=EDGE_LOOP('',(#6240,#6241,#6242,#6243,#6244,#6245,#6246,#6247,#6248,
#6249,#6250,#6251,#6252,#6253,#6254,#6255,#6256,#6257,#6258,#6259,#6260,
#6261,#6262,#6263,#6264,#6265,#6266,#6267,#6268,#6269,#6270,#6271,#6272,
#6273,#6274,#6275));
#1429=EDGE_LOOP('',(#6276,#6277,#6278,#6279));
#1430=EDGE_LOOP('',(#6280,#6281,#6282,#6283));
#1431=EDGE_LOOP('',(#6284,#6285,#6286,#6287));
#1432=EDGE_LOOP('',(#6288,#6289,#6290,#6291));
#1433=EDGE_LOOP('',(#6292,#6293,#6294,#6295));
#1434=EDGE_LOOP('',(#6296,#6297,#6298,#6299));
#1435=EDGE_LOOP('',(#6300,#6301,#6302,#6303));
#1436=EDGE_LOOP('',(#6304,#6305,#6306,#6307));
#1437=EDGE_LOOP('',(#6308,#6309,#6310,#6311));
#1438=EDGE_LOOP('',(#6312,#6313,#6314,#6315));
#1439=EDGE_LOOP('',(#6316,#6317,#6318,#6319,#6320,#6321,#6322,#6323,#6324,
#6325));
#1440=EDGE_LOOP('',(#6326,#6327,#6328,#6329));
#1441=EDGE_LOOP('',(#6330,#6331,#6332,#6333));
#1442=EDGE_LOOP('',(#6334,#6335,#6336,#6337));
#1443=EDGE_LOOP('',(#6338,#6339,#6340,#6341));
#1444=EDGE_LOOP('',(#6342,#6343,#6344,#6345));
#1445=EDGE_LOOP('',(#6346,#6347,#6348,#6349));
#1446=EDGE_LOOP('',(#6350,#6351,#6352,#6353));
#1447=EDGE_LOOP('',(#6354,#6355,#6356,#6357));
#1448=EDGE_LOOP('',(#6358,#6359,#6360,#6361,#6362,#6363,#6364,#6365));
#1449=EDGE_LOOP('',(#6366,#6367,#6368,#6369));
#1450=EDGE_LOOP('',(#6370,#6371,#6372,#6373));
#1451=EDGE_LOOP('',(#6374,#6375,#6376,#6377));
#1452=EDGE_LOOP('',(#6378,#6379,#6380,#6381));
#1453=EDGE_LOOP('',(#6382,#6383,#6384,#6385));
#1454=EDGE_LOOP('',(#6386));
#1455=EDGE_LOOP('',(#6387,#6388,#6389,#6390));
#1456=EDGE_LOOP('',(#6391,#6392,#6393,#6394));
#1457=EDGE_LOOP('',(#6395,#6396,#6397,#6398));
#1458=EDGE_LOOP('',(#6399,#6400,#6401,#6402));
#1459=EDGE_LOOP('',(#6403,#6404,#6405,#6406));
#1460=EDGE_LOOP('',(#6407,#6408,#6409,#6410));
#1461=EDGE_LOOP('',(#6411,#6412,#6413,#6414));
#1462=EDGE_LOOP('',(#6415,#6416,#6417,#6418));
#1463=EDGE_LOOP('',(#6419,#6420,#6421,#6422));
#1464=EDGE_LOOP('',(#6423,#6424,#6425,#6426));
#1465=EDGE_LOOP('',(#6427,#6428,#6429,#6430));
#1466=EDGE_LOOP('',(#6431,#6432,#6433,#6434));
#1467=EDGE_LOOP('',(#6435,#6436,#6437,#6438));
#1468=EDGE_LOOP('',(#6439,#6440,#6441,#6442));
#1469=EDGE_LOOP('',(#6443,#6444,#6445,#6446));
#1470=EDGE_LOOP('',(#6447,#6448,#6449,#6450));
#1471=EDGE_LOOP('',(#6451,#6452,#6453,#6454));
#1472=EDGE_LOOP('',(#6455,#6456,#6457,#6458));
#1473=EDGE_LOOP('',(#6459,#6460,#6461,#6462));
#1474=EDGE_LOOP('',(#6463,#6464,#6465,#6466));
#1475=EDGE_LOOP('',(#6467,#6468,#6469,#6470));
#1476=EDGE_LOOP('',(#6471,#6472,#6473,#6474));
#1477=EDGE_LOOP('',(#6475,#6476,#6477,#6478));
#1478=EDGE_LOOP('',(#6479,#6480,#6481,#6482));
#1479=EDGE_LOOP('',(#6483,#6484,#6485,#6486));
#1480=EDGE_LOOP('',(#6487,#6488,#6489,#6490));
#1481=EDGE_LOOP('',(#6491,#6492,#6493,#6494));
#1482=EDGE_LOOP('',(#6495,#6496,#6497));
#1483=EDGE_LOOP('',(#6498,#6499,#6500,#6501));
#1484=EDGE_LOOP('',(#6502));
#1485=EDGE_LOOP('',(#6503,#6504,#6505,#6506,#6507,#6508,#6509,#6510));
#1486=EDGE_LOOP('',(#6511,#6512,#6513,#6514,#6515,#6516,#6517,#6518));
#1487=EDGE_LOOP('',(#6519,#6520,#6521,#6522,#6523,#6524,#6525,#6526));
#1488=EDGE_LOOP('',(#6527,#6528,#6529,#6530));
#1489=EDGE_LOOP('',(#6531,#6532,#6533,#6534));
#1490=EDGE_LOOP('',(#6535,#6536,#6537,#6538));
#1491=EDGE_LOOP('',(#6539,#6540,#6541,#6542,#6543,#6544));
#1492=EDGE_LOOP('',(#6545,#6546,#6547,#6548));
#1493=EDGE_LOOP('',(#6549,#6550,#6551,#6552));
#1494=EDGE_LOOP('',(#6553,#6554,#6555,#6556,#6557,#6558,#6559,#6560));
#1495=EDGE_LOOP('',(#6561,#6562,#6563,#6564));
#1496=EDGE_LOOP('',(#6565,#6566,#6567,#6568));
#1497=EDGE_LOOP('',(#6569,#6570,#6571,#6572));
#1498=EDGE_LOOP('',(#6573,#6574,#6575,#6576));
#1499=EDGE_LOOP('',(#6577,#6578,#6579,#6580));
#1500=EDGE_LOOP('',(#6581,#6582,#6583,#6584));
#1501=EDGE_LOOP('',(#6585,#6586,#6587,#6588,#6589,#6590,#6591,#6592));
#1502=EDGE_LOOP('',(#6593,#6594,#6595));
#1503=EDGE_LOOP('',(#6596,#6597,#6598,#6599));
#1504=EDGE_LOOP('',(#6600,#6601,#6602,#6603));
#1505=EDGE_LOOP('',(#6604,#6605,#6606,#6607,#6608,#6609,#6610,#6611,#6612,
#6613,#6614,#6615,#6616,#6617,#6618,#6619,#6620,#6621,#6622,#6623,#6624,
#6625,#6626,#6627,#6628));
#1506=EDGE_LOOP('',(#6629,#6630,#6631,#6632,#6633,#6634,#6635,#6636,#6637,
#6638,#6639,#6640,#6641,#6642,#6643,#6644,#6645,#6646,#6647));
#1507=EDGE_LOOP('',(#6648,#6649,#6650,#6651,#6652,#6653,#6654,#6655,#6656,
#6657,#6658,#6659,#6660,#6661,#6662,#6663,#6664,#6665));
#1508=EDGE_LOOP('',(#6666,#6667,#6668,#6669,#6670,#6671,#6672,#6673,#6674,
#6675,#6676,#6677,#6678,#6679,#6680,#6681,#6682));
#1509=EDGE_LOOP('',(#6683,#6684,#6685,#6686));
#1510=EDGE_LOOP('',(#6687,#6688,#6689,#6690,#6691,#6692,#6693,#6694));
#1511=EDGE_LOOP('',(#6695,#6696,#6697,#6698,#6699,#6700,#6701,#6702,#6703,
#6704));
#1512=EDGE_LOOP('',(#6705,#6706,#6707,#6708,#6709,#6710,#6711,#6712,#6713,
#6714,#6715,#6716,#6717,#6718,#6719,#6720,#6721,#6722,#6723,#6724,#6725,
#6726,#6727,#6728,#6729,#6730,#6731,#6732,#6733,#6734,#6735,#6736,#6737,
#6738,#6739,#6740));
#1513=EDGE_LOOP('',(#6741,#6742,#6743,#6744,#6745,#6746,#6747,#6748,#6749,
#6750,#6751,#6752,#6753,#6754,#6755,#6756,#6757,#6758,#6759,#6760,#6761,
#6762,#6763,#6764,#6765,#6766,#6767,#6768,#6769,#6770,#6771,#6772,#6773,
#6774,#6775,#6776));
#1514=EDGE_LOOP('',(#6777,#6778,#6779,#6780,#6781,#6782,#6783,#6784,#6785,
#6786,#6787,#6788,#6789,#6790,#6791,#6792,#6793,#6794,#6795));
#1515=EDGE_LOOP('',(#6796,#6797,#6798,#6799,#6800,#6801,#6802,#6803,#6804,
#6805,#6806,#6807,#6808,#6809,#6810,#6811));
#1516=EDGE_LOOP('',(#6812,#6813,#6814,#6815));
#1517=EDGE_LOOP('',(#6816,#6817,#6818,#6819,#6820,#6821,#6822,#6823,#6824,
#6825,#6826,#6827,#6828,#6829,#6830,#6831,#6832,#6833,#6834,#6835,#6836,
#6837,#6838,#6839,#6840,#6841,#6842,#6843,#6844,#6845,#6846,#6847,#6848,
#6849,#6850));
#1518=EDGE_LOOP('',(#6851,#6852,#6853,#6854,#6855,#6856,#6857,#6858,#6859,
#6860,#6861,#6862,#6863,#6864,#6865,#6866,#6867,#6868,#6869,#6870,#6871,
#6872,#6873,#6874,#6875));
#1519=EDGE_LOOP('',(#6876,#6877,#6878,#6879,#6880,#6881,#6882,#6883,#6884,
#6885,#6886,#6887));
#1520=EDGE_LOOP('',(#6888,#6889,#6890,#6891));
#1521=EDGE_LOOP('',(#6892,#6893,#6894,#6895));
#1522=EDGE_LOOP('',(#6896,#6897,#6898,#6899));
#1523=EDGE_LOOP('',(#6900,#6901,#6902,#6903,#6904,#6905,#6906,#6907));
#1524=EDGE_LOOP('',(#6908,#6909,#6910,#6911,#6912,#6913,#6914,#6915));
#1525=EDGE_LOOP('',(#6916,#6917,#6918,#6919,#6920,#6921,#6922,#6923));
#1526=EDGE_LOOP('',(#6924,#6925,#6926,#6927));
#1527=EDGE_LOOP('',(#6928,#6929,#6930,#6931));
#1528=EDGE_LOOP('',(#6932,#6933,#6934,#6935));
#1529=EDGE_LOOP('',(#6936,#6937,#6938,#6939));
#1530=EDGE_LOOP('',(#6940,#6941,#6942,#6943));
#1531=EDGE_LOOP('',(#6944,#6945,#6946,#6947));
#1532=EDGE_LOOP('',(#6948,#6949,#6950,#6951));
#1533=EDGE_LOOP('',(#6952,#6953,#6954,#6955));
#1534=EDGE_LOOP('',(#6956,#6957,#6958,#6959,#6960,#6961));
#1535=EDGE_LOOP('',(#6962,#6963,#6964,#6965,#6966,#6967,#6968,#6969,#6970,
#6971,#6972,#6973));
#1536=LINE('',#8938,#2210);
#1537=LINE('',#8940,#2211);
#1538=LINE('',#8942,#2212);
#1539=LINE('',#8943,#2213);
#1540=LINE('',#8946,#2214);
#1541=LINE('',#8948,#2215);
#1542=LINE('',#8949,#2216);
#1543=LINE('',#8952,#2217);
#1544=LINE('',#8954,#2218);
#1545=LINE('',#8955,#2219);
#1546=LINE('',#8958,#2220);
#1547=LINE('',#8960,#2221);
#1548=LINE('',#8961,#2222);
#1549=LINE('',#8964,#2223);
#1550=LINE('',#8966,#2224);
#1551=LINE('',#8967,#2225);
#1552=LINE('',#8970,#2226);
#1553=LINE('',#8972,#2227);
#1554=LINE('',#8973,#2228);
#1555=LINE('',#8976,#2229);
#1556=LINE('',#8978,#2230);
#1557=LINE('',#8979,#2231);
#1558=LINE('',#8982,#2232);
#1559=LINE('',#8984,#2233);
#1560=LINE('',#8985,#2234);
#1561=LINE('',#8988,#2235);
#1562=LINE('',#8990,#2236);
#1563=LINE('',#8991,#2237);
#1564=LINE('',#8994,#2238);
#1565=LINE('',#8996,#2239);
#1566=LINE('',#8997,#2240);
#1567=LINE('',#9000,#2241);
#1568=LINE('',#9002,#2242);
#1569=LINE('',#9003,#2243);
#1570=LINE('',#9005,#2244);
#1571=LINE('',#9006,#2245);
#1572=LINE('',#9011,#2246);
#1573=LINE('',#9013,#2247);
#1574=LINE('',#9015,#2248);
#1575=LINE('',#9016,#2249);
#1576=LINE('',#9039,#2250);
#1577=LINE('',#9062,#2251);
#1578=LINE('',#9085,#2252);
#1579=LINE('',#9108,#2253);
#1580=LINE('',#9111,#2254);
#1581=LINE('',#9113,#2255);
#1582=LINE('',#9114,#2256);
#1583=LINE('',#9116,#2257);
#1584=LINE('',#9117,#2258);
#1585=LINE('',#9121,#2259);
#1586=LINE('',#9123,#2260);
#1587=LINE('',#9125,#2261);
#1588=LINE('',#9126,#2262);
#1589=LINE('',#9129,#2263);
#1590=LINE('',#9131,#2264);
#1591=LINE('',#9132,#2265);
#1592=LINE('',#9155,#2266);
#1593=LINE('',#9178,#2267);
#1594=LINE('',#9201,#2268);
#1595=LINE('',#9224,#2269);
#1596=LINE('',#9227,#2270);
#1597=LINE('',#9229,#2271);
#1598=LINE('',#9230,#2272);
#1599=LINE('',#9233,#2273);
#1600=LINE('',#9235,#2274);
#1601=LINE('',#9236,#2275);
#1602=LINE('',#9239,#2276);
#1603=LINE('',#9241,#2277);
#1604=LINE('',#9242,#2278);
#1605=LINE('',#9265,#2279);
#1606=LINE('',#9288,#2280);
#1607=LINE('',#9311,#2281);
#1608=LINE('',#9334,#2282);
#1609=LINE('',#9357,#2283);
#1610=LINE('',#9380,#2284);
#1611=LINE('',#9403,#2285);
#1612=LINE('',#9426,#2286);
#1613=LINE('',#9429,#2287);
#1614=LINE('',#9431,#2288);
#1615=LINE('',#9432,#2289);
#1616=LINE('',#9455,#2290);
#1617=LINE('',#9478,#2291);
#1618=LINE('',#9501,#2292);
#1619=LINE('',#9524,#2293);
#1620=LINE('',#9547,#2294);
#1621=LINE('',#9570,#2295);
#1622=LINE('',#9572,#2296);
#1623=LINE('',#9573,#2297);
#1624=LINE('',#9579,#2298);
#1625=LINE('',#9581,#2299);
#1626=LINE('',#9583,#2300);
#1627=LINE('',#9584,#2301);
#1628=LINE('',#9607,#2302);
#1629=LINE('',#9630,#2303);
#1630=LINE('',#9653,#2304);
#1631=LINE('',#9676,#2305);
#1632=LINE('',#9679,#2306);
#1633=LINE('',#9681,#2307);
#1634=LINE('',#9682,#2308);
#1635=LINE('',#9684,#2309);
#1636=LINE('',#9685,#2310);
#1637=LINE('',#9689,#2311);
#1638=LINE('',#9691,#2312);
#1639=LINE('',#9693,#2313);
#1640=LINE('',#9694,#2314);
#1641=LINE('',#9697,#2315);
#1642=LINE('',#9699,#2316);
#1643=LINE('',#9700,#2317);
#1644=LINE('',#9723,#2318);
#1645=LINE('',#9746,#2319);
#1646=LINE('',#9769,#2320);
#1647=LINE('',#9792,#2321);
#1648=LINE('',#9795,#2322);
#1649=LINE('',#9797,#2323);
#1650=LINE('',#9798,#2324);
#1651=LINE('',#9801,#2325);
#1652=LINE('',#9803,#2326);
#1653=LINE('',#9804,#2327);
#1654=LINE('',#9807,#2328);
#1655=LINE('',#9809,#2329);
#1656=LINE('',#9810,#2330);
#1657=LINE('',#9833,#2331);
#1658=LINE('',#9856,#2332);
#1659=LINE('',#9879,#2333);
#1660=LINE('',#9902,#2334);
#1661=LINE('',#9925,#2335);
#1662=LINE('',#9948,#2336);
#1663=LINE('',#9971,#2337);
#1664=LINE('',#9994,#2338);
#1665=LINE('',#9997,#2339);
#1666=LINE('',#9999,#2340);
#1667=LINE('',#10000,#2341);
#1668=LINE('',#10023,#2342);
#1669=LINE('',#10046,#2343);
#1670=LINE('',#10069,#2344);
#1671=LINE('',#10092,#2345);
#1672=LINE('',#10115,#2346);
#1673=LINE('',#10138,#2347);
#1674=LINE('',#10140,#2348);
#1675=LINE('',#10141,#2349);
#1676=LINE('',#10147,#2350);
#1677=LINE('',#10149,#2351);
#1678=LINE('',#10151,#2352);
#1679=LINE('',#10152,#2353);
#1680=LINE('',#10155,#2354);
#1681=LINE('',#10157,#2355);
#1682=LINE('',#10158,#2356);
#1683=LINE('',#10161,#2357);
#1684=LINE('',#10163,#2358);
#1685=LINE('',#10164,#2359);
#1686=LINE('',#10167,#2360);
#1687=LINE('',#10169,#2361);
#1688=LINE('',#10170,#2362);
#1689=LINE('',#10173,#2363);
#1690=LINE('',#10175,#2364);
#1691=LINE('',#10176,#2365);
#1692=LINE('',#10199,#2366);
#1693=LINE('',#10222,#2367);
#1694=LINE('',#10225,#2368);
#1695=LINE('',#10227,#2369);
#1696=LINE('',#10228,#2370);
#1697=LINE('',#10231,#2371);
#1698=LINE('',#10233,#2372);
#1699=LINE('',#10234,#2373);
#1700=LINE('',#10257,#2374);
#1701=LINE('',#10280,#2375);
#1702=LINE('',#10303,#2376);
#1703=LINE('',#10326,#2377);
#1704=LINE('',#10329,#2378);
#1705=LINE('',#10331,#2379);
#1706=LINE('',#10332,#2380);
#1707=LINE('',#10335,#2381);
#1708=LINE('',#10337,#2382);
#1709=LINE('',#10338,#2383);
#1710=LINE('',#10341,#2384);
#1711=LINE('',#10343,#2385);
#1712=LINE('',#10344,#2386);
#1713=LINE('',#10347,#2387);
#1714=LINE('',#10349,#2388);
#1715=LINE('',#10350,#2389);
#1716=LINE('',#10353,#2390);
#1717=LINE('',#10355,#2391);
#1718=LINE('',#10356,#2392);
#1719=LINE('',#10358,#2393);
#1720=LINE('',#10359,#2394);
#1721=LINE('',#10364,#2395);
#1722=LINE('',#10366,#2396);
#1723=LINE('',#10368,#2397);
#1724=LINE('',#10369,#2398);
#1725=LINE('',#10372,#2399);
#1726=LINE('',#10374,#2400);
#1727=LINE('',#10375,#2401);
#1728=LINE('',#10398,#2402);
#1729=LINE('',#10421,#2403);
#1730=LINE('',#10444,#2404);
#1731=LINE('',#10467,#2405);
#1732=LINE('',#10490,#2406);
#1733=LINE('',#10513,#2407);
#1734=LINE('',#10536,#2408);
#1735=LINE('',#10559,#2409);
#1736=LINE('',#10582,#2410);
#1737=LINE('',#10605,#2411);
#1738=LINE('',#10628,#2412);
#1739=LINE('',#10651,#2413);
#1740=LINE('',#10674,#2414);
#1741=LINE('',#10697,#2415);
#1742=LINE('',#10700,#2416);
#1743=LINE('',#10702,#2417);
#1744=LINE('',#10703,#2418);
#1745=LINE('',#10706,#2419);
#1746=LINE('',#10708,#2420);
#1747=LINE('',#10709,#2421);
#1748=LINE('',#10712,#2422);
#1749=LINE('',#10714,#2423);
#1750=LINE('',#10715,#2424);
#1751=LINE('',#10738,#2425);
#1752=LINE('',#10761,#2426);
#1753=LINE('',#10784,#2427);
#1754=LINE('',#10807,#2428);
#1755=LINE('',#10830,#2429);
#1756=LINE('',#10853,#2430);
#1757=LINE('',#10876,#2431);
#1758=LINE('',#10899,#2432);
#1759=LINE('',#10922,#2433);
#1760=LINE('',#10945,#2434);
#1761=LINE('',#10968,#2435);
#1762=LINE('',#10991,#2436);
#1763=LINE('',#11014,#2437);
#1764=LINE('',#11037,#2438);
#1765=LINE('',#11060,#2439);
#1766=LINE('',#11062,#2440);
#1767=LINE('',#11063,#2441);
#1768=LINE('',#11068,#2442);
#1769=LINE('',#11070,#2443);
#1770=LINE('',#11072,#2444);
#1771=LINE('',#11073,#2445);
#1772=LINE('',#11076,#2446);
#1773=LINE('',#11078,#2447);
#1774=LINE('',#11079,#2448);
#1775=LINE('',#11082,#2449);
#1776=LINE('',#11084,#2450);
#1777=LINE('',#11085,#2451);
#1778=LINE('',#11108,#2452);
#1779=LINE('',#11131,#2453);
#1780=LINE('',#11154,#2454);
#1781=LINE('',#11177,#2455);
#1782=LINE('',#11200,#2456);
#1783=LINE('',#11223,#2457);
#1784=LINE('',#11226,#2458);
#1785=LINE('',#11228,#2459);
#1786=LINE('',#11229,#2460);
#1787=LINE('',#11232,#2461);
#1788=LINE('',#11234,#2462);
#1789=LINE('',#11235,#2463);
#1790=LINE('',#11238,#2464);
#1791=LINE('',#11240,#2465);
#1792=LINE('',#11241,#2466);
#1793=LINE('',#11264,#2467);
#1794=LINE('',#11287,#2468);
#1795=LINE('',#11310,#2469);
#1796=LINE('',#11333,#2470);
#1797=LINE('',#11336,#2471);
#1798=LINE('',#11338,#2472);
#1799=LINE('',#11339,#2473);
#1800=LINE('',#11341,#2474);
#1801=LINE('',#11342,#2475);
#1802=LINE('',#11347,#2476);
#1803=LINE('',#11349,#2477);
#1804=LINE('',#11351,#2478);
#1805=LINE('',#11352,#2479);
#1806=LINE('',#11355,#2480);
#1807=LINE('',#11357,#2481);
#1808=LINE('',#11358,#2482);
#1809=LINE('',#11361,#2483);
#1810=LINE('',#11363,#2484);
#1811=LINE('',#11364,#2485);
#1812=LINE('',#11366,#2486);
#1813=LINE('',#11367,#2487);
#1814=LINE('',#11387,#2488);
#1815=LINE('',#11394,#2489);
#1816=LINE('',#11417,#2490);
#1817=LINE('',#11440,#2491);
#1818=LINE('',#11463,#2492);
#1819=LINE('',#11466,#2493);
#1820=LINE('',#11468,#2494);
#1821=LINE('',#11469,#2495);
#1822=LINE('',#11492,#2496);
#1823=LINE('',#11515,#2497);
#1824=LINE('',#11538,#2498);
#1825=LINE('',#11561,#2499);
#1826=LINE('',#11563,#2500);
#1827=LINE('',#11564,#2501);
#1828=LINE('',#11568,#2502);
#1829=LINE('',#11570,#2503);
#1830=LINE('',#11572,#2504);
#1831=LINE('',#11573,#2505);
#1832=LINE('',#11596,#2506);
#1833=LINE('',#11619,#2507);
#1834=LINE('',#11642,#2508);
#1835=LINE('',#11665,#2509);
#1836=LINE('',#11688,#2510);
#1837=LINE('',#11711,#2511);
#1838=LINE('',#11734,#2512);
#1839=LINE('',#11757,#2513);
#1840=LINE('',#11760,#2514);
#1841=LINE('',#11762,#2515);
#1842=LINE('',#11763,#2516);
#1843=LINE('',#11786,#2517);
#1844=LINE('',#11809,#2518);
#1845=LINE('',#11832,#2519);
#1846=LINE('',#11855,#2520);
#1847=LINE('',#11878,#2521);
#1848=LINE('',#11901,#2522);
#1849=LINE('',#11927,#2523);
#1850=LINE('',#11929,#2524);
#1851=LINE('',#11931,#2525);
#1852=LINE('',#11932,#2526);
#1853=LINE('',#11935,#2527);
#1854=LINE('',#11937,#2528);
#1855=LINE('',#11938,#2529);
#1856=LINE('',#11941,#2530);
#1857=LINE('',#11943,#2531);
#1858=LINE('',#11944,#2532);
#1859=LINE('',#11946,#2533);
#1860=LINE('',#11947,#2534);
#1861=LINE('',#11967,#2535);
#1862=LINE('',#11974,#2536);
#1863=LINE('',#11997,#2537);
#1864=LINE('',#12020,#2538);
#1865=LINE('',#12043,#2539);
#1866=LINE('',#12046,#2540);
#1867=LINE('',#12048,#2541);
#1868=LINE('',#12049,#2542);
#1869=LINE('',#12072,#2543);
#1870=LINE('',#12095,#2544);
#1871=LINE('',#12118,#2545);
#1872=LINE('',#12141,#2546);
#1873=LINE('',#12143,#2547);
#1874=LINE('',#12144,#2548);
#1875=LINE('',#12148,#2549);
#1876=LINE('',#12150,#2550);
#1877=LINE('',#12152,#2551);
#1878=LINE('',#12153,#2552);
#1879=LINE('',#12156,#2553);
#1880=LINE('',#12158,#2554);
#1881=LINE('',#12159,#2555);
#1882=LINE('',#12162,#2556);
#1883=LINE('',#12164,#2557);
#1884=LINE('',#12165,#2558);
#1885=LINE('',#12188,#2559);
#1886=LINE('',#12211,#2560);
#1887=LINE('',#12234,#2561);
#1888=LINE('',#12257,#2562);
#1889=LINE('',#12280,#2563);
#1890=LINE('',#12283,#2564);
#1891=LINE('',#12285,#2565);
#1892=LINE('',#12286,#2566);
#1893=LINE('',#12309,#2567);
#1894=LINE('',#12332,#2568);
#1895=LINE('',#12355,#2569);
#1896=LINE('',#12378,#2570);
#1897=LINE('',#12401,#2571);
#1898=LINE('',#12404,#2572);
#1899=LINE('',#12406,#2573);
#1900=LINE('',#12407,#2574);
#1901=LINE('',#12409,#2575);
#1902=LINE('',#12410,#2576);
#1903=LINE('',#12416,#2577);
#1904=LINE('',#12418,#2578);
#1905=LINE('',#12420,#2579);
#1906=LINE('',#12421,#2580);
#1907=LINE('',#12424,#2581);
#1908=LINE('',#12426,#2582);
#1909=LINE('',#12427,#2583);
#1910=LINE('',#12430,#2584);
#1911=LINE('',#12432,#2585);
#1912=LINE('',#12433,#2586);
#1913=LINE('',#12436,#2587);
#1914=LINE('',#12438,#2588);
#1915=LINE('',#12439,#2589);
#1916=LINE('',#12442,#2590);
#1917=LINE('',#12444,#2591);
#1918=LINE('',#12445,#2592);
#1919=LINE('',#12468,#2593);
#1920=LINE('',#12491,#2594);
#1921=LINE('',#12494,#2595);
#1922=LINE('',#12496,#2596);
#1923=LINE('',#12497,#2597);
#1924=LINE('',#12500,#2598);
#1925=LINE('',#12502,#2599);
#1926=LINE('',#12503,#2600);
#1927=LINE('',#12526,#2601);
#1928=LINE('',#12549,#2602);
#1929=LINE('',#12572,#2603);
#1930=LINE('',#12595,#2604);
#1931=LINE('',#12598,#2605);
#1932=LINE('',#12600,#2606);
#1933=LINE('',#12601,#2607);
#1934=LINE('',#12604,#2608);
#1935=LINE('',#12606,#2609);
#1936=LINE('',#12607,#2610);
#1937=LINE('',#12610,#2611);
#1938=LINE('',#12612,#2612);
#1939=LINE('',#12613,#2613);
#1940=LINE('',#12616,#2614);
#1941=LINE('',#12618,#2615);
#1942=LINE('',#12619,#2616);
#1943=LINE('',#12622,#2617);
#1944=LINE('',#12624,#2618);
#1945=LINE('',#12625,#2619);
#1946=LINE('',#12627,#2620);
#1947=LINE('',#12628,#2621);
#1948=LINE('',#12633,#2622);
#1949=LINE('',#12635,#2623);
#1950=LINE('',#12637,#2624);
#1951=LINE('',#12638,#2625);
#1952=LINE('',#12641,#2626);
#1953=LINE('',#12643,#2627);
#1954=LINE('',#12644,#2628);
#1955=LINE('',#12667,#2629);
#1956=LINE('',#12690,#2630);
#1957=LINE('',#12713,#2631);
#1958=LINE('',#12736,#2632);
#1959=LINE('',#12759,#2633);
#1960=LINE('',#12782,#2634);
#1961=LINE('',#12805,#2635);
#1962=LINE('',#12828,#2636);
#1963=LINE('',#12851,#2637);
#1964=LINE('',#12874,#2638);
#1965=LINE('',#12897,#2639);
#1966=LINE('',#12920,#2640);
#1967=LINE('',#12943,#2641);
#1968=LINE('',#12966,#2642);
#1969=LINE('',#12989,#2643);
#1970=LINE('',#12992,#2644);
#1971=LINE('',#12994,#2645);
#1972=LINE('',#12995,#2646);
#1973=LINE('',#12998,#2647);
#1974=LINE('',#13000,#2648);
#1975=LINE('',#13001,#2649);
#1976=LINE('',#13004,#2650);
#1977=LINE('',#13006,#2651);
#1978=LINE('',#13007,#2652);
#1979=LINE('',#13030,#2653);
#1980=LINE('',#13053,#2654);
#1981=LINE('',#13076,#2655);
#1982=LINE('',#13099,#2656);
#1983=LINE('',#13122,#2657);
#1984=LINE('',#13145,#2658);
#1985=LINE('',#13168,#2659);
#1986=LINE('',#13191,#2660);
#1987=LINE('',#13214,#2661);
#1988=LINE('',#13237,#2662);
#1989=LINE('',#13260,#2663);
#1990=LINE('',#13283,#2664);
#1991=LINE('',#13306,#2665);
#1992=LINE('',#13329,#2666);
#1993=LINE('',#13352,#2667);
#1994=LINE('',#13354,#2668);
#1995=LINE('',#13355,#2669);
#1996=LINE('',#13360,#2670);
#1997=LINE('',#13362,#2671);
#1998=LINE('',#13364,#2672);
#1999=LINE('',#13365,#2673);
#2000=LINE('',#13368,#2674);
#2001=LINE('',#13370,#2675);
#2002=LINE('',#13371,#2676);
#2003=LINE('',#13394,#2677);
#2004=LINE('',#13417,#2678);
#2005=LINE('',#13440,#2679);
#2006=LINE('',#13463,#2680);
#2007=LINE('',#13486,#2681);
#2008=LINE('',#13509,#2682);
#2009=LINE('',#13532,#2683);
#2010=LINE('',#13555,#2684);
#2011=LINE('',#13578,#2685);
#2012=LINE('',#13601,#2686);
#2013=LINE('',#13624,#2687);
#2014=LINE('',#13647,#2688);
#2015=LINE('',#13670,#2689);
#2016=LINE('',#13693,#2690);
#2017=LINE('',#13716,#2691);
#2018=LINE('',#13719,#2692);
#2019=LINE('',#13721,#2693);
#2020=LINE('',#13722,#2694);
#2021=LINE('',#13725,#2695);
#2022=LINE('',#13727,#2696);
#2023=LINE('',#13728,#2697);
#2024=LINE('',#13731,#2698);
#2025=LINE('',#13733,#2699);
#2026=LINE('',#13734,#2700);
#2027=LINE('',#13757,#2701);
#2028=LINE('',#13780,#2702);
#2029=LINE('',#13803,#2703);
#2030=LINE('',#13826,#2704);
#2031=LINE('',#13849,#2705);
#2032=LINE('',#13872,#2706);
#2033=LINE('',#13895,#2707);
#2034=LINE('',#13918,#2708);
#2035=LINE('',#13941,#2709);
#2036=LINE('',#13964,#2710);
#2037=LINE('',#13987,#2711);
#2038=LINE('',#14010,#2712);
#2039=LINE('',#14033,#2713);
#2040=LINE('',#14056,#2714);
#2041=LINE('',#14079,#2715);
#2042=LINE('',#14081,#2716);
#2043=LINE('',#14082,#2717);
#2044=LINE('',#14087,#2718);
#2045=LINE('',#14089,#2719);
#2046=LINE('',#14091,#2720);
#2047=LINE('',#14092,#2721);
#2048=LINE('',#14115,#2722);
#2049=LINE('',#14118,#2723);
#2050=LINE('',#14120,#2724);
#2051=LINE('',#14121,#2725);
#2052=LINE('',#14144,#2726);
#2053=LINE('',#14167,#2727);
#2054=LINE('',#14190,#2728);
#2055=LINE('',#14193,#2729);
#2056=LINE('',#14195,#2730);
#2057=LINE('',#14196,#2731);
#2058=LINE('',#14199,#2732);
#2059=LINE('',#14201,#2733);
#2060=LINE('',#14202,#2734);
#2061=LINE('',#14205,#2735);
#2062=LINE('',#14207,#2736);
#2063=LINE('',#14208,#2737);
#2064=LINE('',#14210,#2738);
#2065=LINE('',#14211,#2739);
#2066=LINE('',#14216,#2740);
#2067=LINE('',#14218,#2741);
#2068=LINE('',#14220,#2742);
#2069=LINE('',#14221,#2743);
#2070=LINE('',#14224,#2744);
#2071=LINE('',#14226,#2745);
#2072=LINE('',#14227,#2746);
#2073=LINE('',#14230,#2747);
#2074=LINE('',#14232,#2748);
#2075=LINE('',#14233,#2749);
#2076=LINE('',#14236,#2750);
#2077=LINE('',#14238,#2751);
#2078=LINE('',#14239,#2752);
#2079=LINE('',#14242,#2753);
#2080=LINE('',#14244,#2754);
#2081=LINE('',#14245,#2755);
#2082=LINE('',#14268,#2756);
#2083=LINE('',#14291,#2757);
#2084=LINE('',#14293,#2758);
#2085=LINE('',#14294,#2759);
#2086=LINE('',#14299,#2760);
#2087=LINE('',#14301,#2761);
#2088=LINE('',#14303,#2762);
#2089=LINE('',#14304,#2763);
#2090=LINE('',#14307,#2764);
#2091=LINE('',#14309,#2765);
#2092=LINE('',#14310,#2766);
#2093=LINE('',#14313,#2767);
#2094=LINE('',#14315,#2768);
#2095=LINE('',#14316,#2769);
#2096=LINE('',#14318,#2770);
#2097=LINE('',#14319,#2771);
#2098=LINE('',#14326,#2772);
#2099=LINE('',#14330,#2773);
#2100=LINE('',#14332,#2774);
#2101=LINE('',#14334,#2775);
#2102=LINE('',#14335,#2776);
#2103=LINE('',#14341,#2777);
#2104=LINE('',#14344,#2778);
#2105=LINE('',#14346,#2779);
#2106=LINE('',#14347,#2780);
#2107=LINE('',#14353,#2781);
#2108=LINE('',#14356,#2782);
#2109=LINE('',#14358,#2783);
#2110=LINE('',#14359,#2784);
#2111=LINE('',#14365,#2785);
#2112=LINE('',#14368,#2786);
#2113=LINE('',#14370,#2787);
#2114=LINE('',#14371,#2788);
#2115=LINE('',#14378,#2789);
#2116=LINE('',#14380,#2790);
#2117=LINE('',#14382,#2791);
#2118=LINE('',#14383,#2792);
#2119=LINE('',#14389,#2793);
#2120=LINE('',#14392,#2794);
#2121=LINE('',#14394,#2795);
#2122=LINE('',#14395,#2796);
#2123=LINE('',#14401,#2797);
#2124=LINE('',#14404,#2798);
#2125=LINE('',#14406,#2799);
#2126=LINE('',#14407,#2800);
#2127=LINE('',#14413,#2801);
#2128=LINE('',#14416,#2802);
#2129=LINE('',#14418,#2803);
#2130=LINE('',#14419,#2804);
#2131=LINE('',#14426,#2805);
#2132=LINE('',#14428,#2806);
#2133=LINE('',#14430,#2807);
#2134=LINE('',#14431,#2808);
#2135=LINE('',#14437,#2809);
#2136=LINE('',#14440,#2810);
#2137=LINE('',#14442,#2811);
#2138=LINE('',#14443,#2812);
#2139=LINE('',#14449,#2813);
#2140=LINE('',#14452,#2814);
#2141=LINE('',#14454,#2815);
#2142=LINE('',#14455,#2816);
#2143=LINE('',#14461,#2817);
#2144=LINE('',#14464,#2818);
#2145=LINE('',#14466,#2819);
#2146=LINE('',#14467,#2820);
#2147=LINE('',#14476,#2821);
#2148=LINE('',#14479,#2822);
#2149=LINE('',#14485,#2823);
#2150=LINE('',#14487,#2824);
#2151=LINE('',#14492,#2825);
#2152=LINE('',#14494,#2826);
#2153=LINE('',#14495,#2827);
#2154=LINE('',#14498,#2828);
#2155=LINE('',#14502,#2829);
#2156=LINE('',#14503,#2830);
#2157=LINE('',#14506,#2831);
#2158=LINE('',#14508,#2832);
#2159=LINE('',#14510,#2833);
#2160=LINE('',#14511,#2834);
#2161=LINE('',#14514,#2835);
#2162=LINE('',#14516,#2836);
#2163=LINE('',#14518,#2837);
#2164=LINE('',#14522,#2838);
#2165=LINE('',#14529,#2839);
#2166=LINE('',#14532,#2840);
#2167=LINE('',#14535,#2841);
#2168=LINE('',#14537,#2842);
#2169=LINE('',#14539,#2843);
#2170=LINE('',#14541,#2844);
#2171=LINE('',#14543,#2845);
#2172=LINE('',#14545,#2846);
#2173=LINE('',#14546,#2847);
#2174=LINE('',#14549,#2848);
#2175=LINE('',#14550,#2849);
#2176=LINE('',#14554,#2850);
#2177=LINE('',#14555,#2851);
#2178=LINE('',#14556,#2852);
#2179=LINE('',#14559,#2853);
#2180=LINE('',#14560,#2854);
#2181=LINE('',#14563,#2855);
#2182=LINE('',#14564,#2856);
#2183=LINE('',#14567,#2857);
#2184=LINE('',#14568,#2858);
#2185=LINE('',#14570,#2859);
#2186=LINE('',#14573,#2860);
#2187=LINE('',#14575,#2861);
#2188=LINE('',#14577,#2862);
#2189=LINE('',#14579,#2863);
#2190=LINE('',#14580,#2864);
#2191=LINE('',#14586,#2865);
#2192=LINE('',#14588,#2866);
#2193=LINE('',#14591,#2867);
#2194=LINE('',#14593,#2868);
#2195=LINE('',#14594,#2869);
#2196=LINE('',#14597,#2870);
#2197=LINE('',#14599,#2871);
#2198=LINE('',#14600,#2872);
#2199=LINE('',#14602,#2873);
#2200=LINE('',#14603,#2874);
#2201=LINE('',#14607,#2875);
#2202=LINE('',#14609,#2876);
#2203=LINE('',#14611,#2877);
#2204=LINE('',#14612,#2878);
#2205=LINE('',#14614,#2879);
#2206=LINE('',#14615,#2880);
#2207=LINE('',#14617,#2881);
#2208=LINE('',#14619,#2882);
#2209=LINE('',#14622,#2883);
#2210=VECTOR('',#7796,10.);
#2211=VECTOR('',#7797,10.);
#2212=VECTOR('',#7798,10.);
#2213=VECTOR('',#7799,10.);
#2214=VECTOR('',#7802,10.);
#2215=VECTOR('',#7803,10.);
#2216=VECTOR('',#7804,10.);
#2217=VECTOR('',#7807,10.);
#2218=VECTOR('',#7808,10.);
#2219=VECTOR('',#7809,10.);
#2220=VECTOR('',#7812,10.);
#2221=VECTOR('',#7813,10.);
#2222=VECTOR('',#7814,10.);
#2223=VECTOR('',#7817,10.);
#2224=VECTOR('',#7818,10.);
#2225=VECTOR('',#7819,10.);
#2226=VECTOR('',#7822,10.);
#2227=VECTOR('',#7823,10.);
#2228=VECTOR('',#7824,10.);
#2229=VECTOR('',#7827,10.);
#2230=VECTOR('',#7828,10.);
#2231=VECTOR('',#7829,10.);
#2232=VECTOR('',#7832,10.);
#2233=VECTOR('',#7833,10.);
#2234=VECTOR('',#7834,10.);
#2235=VECTOR('',#7837,10.);
#2236=VECTOR('',#7838,10.);
#2237=VECTOR('',#7839,10.);
#2238=VECTOR('',#7842,10.);
#2239=VECTOR('',#7843,10.);
#2240=VECTOR('',#7844,10.);
#2241=VECTOR('',#7847,10.);
#2242=VECTOR('',#7848,10.);
#2243=VECTOR('',#7849,10.);
#2244=VECTOR('',#7852,10.);
#2245=VECTOR('',#7853,10.);
#2246=VECTOR('',#7858,10.);
#2247=VECTOR('',#7859,10.);
#2248=VECTOR('',#7860,10.);
#2249=VECTOR('',#7861,10.);
#2250=VECTOR('',#7862,10.);
#2251=VECTOR('',#7863,10.);
#2252=VECTOR('',#7864,10.);
#2253=VECTOR('',#7865,10.);
#2254=VECTOR('',#7868,10.);
#2255=VECTOR('',#7869,10.);
#2256=VECTOR('',#7870,10.);
#2257=VECTOR('',#7873,10.);
#2258=VECTOR('',#7874,10.);
#2259=VECTOR('',#7877,10.);
#2260=VECTOR('',#7878,10.);
#2261=VECTOR('',#7879,10.);
#2262=VECTOR('',#7880,10.);
#2263=VECTOR('',#7883,10.);
#2264=VECTOR('',#7884,10.);
#2265=VECTOR('',#7885,10.);
#2266=VECTOR('',#7886,10.);
#2267=VECTOR('',#7887,10.);
#2268=VECTOR('',#7888,10.);
#2269=VECTOR('',#7889,10.);
#2270=VECTOR('',#7892,10.);
#2271=VECTOR('',#7893,10.);
#2272=VECTOR('',#7894,10.);
#2273=VECTOR('',#7897,10.);
#2274=VECTOR('',#7898,10.);
#2275=VECTOR('',#7899,10.);
#2276=VECTOR('',#7902,10.);
#2277=VECTOR('',#7903,10.);
#2278=VECTOR('',#7904,10.);
#2279=VECTOR('',#7905,10.);
#2280=VECTOR('',#7906,10.);
#2281=VECTOR('',#7907,10.);
#2282=VECTOR('',#7908,10.);
#2283=VECTOR('',#7909,10.);
#2284=VECTOR('',#7910,10.);
#2285=VECTOR('',#7911,10.);
#2286=VECTOR('',#7912,10.);
#2287=VECTOR('',#7915,10.);
#2288=VECTOR('',#7916,10.);
#2289=VECTOR('',#7917,10.);
#2290=VECTOR('',#7918,10.);
#2291=VECTOR('',#7919,10.);
#2292=VECTOR('',#7920,10.);
#2293=VECTOR('',#7921,10.);
#2294=VECTOR('',#7922,10.);
#2295=VECTOR('',#7923,10.);
#2296=VECTOR('',#7926,10.);
#2297=VECTOR('',#7927,10.);
#2298=VECTOR('',#7934,10.);
#2299=VECTOR('',#7935,10.);
#2300=VECTOR('',#7936,10.);
#2301=VECTOR('',#7937,10.);
#2302=VECTOR('',#7938,10.);
#2303=VECTOR('',#7939,10.);
#2304=VECTOR('',#7940,10.);
#2305=VECTOR('',#7941,10.);
#2306=VECTOR('',#7944,10.);
#2307=VECTOR('',#7945,10.);
#2308=VECTOR('',#7946,10.);
#2309=VECTOR('',#7949,10.);
#2310=VECTOR('',#7950,10.);
#2311=VECTOR('',#7953,10.);
#2312=VECTOR('',#7954,10.);
#2313=VECTOR('',#7955,10.);
#2314=VECTOR('',#7956,10.);
#2315=VECTOR('',#7959,10.);
#2316=VECTOR('',#7960,10.);
#2317=VECTOR('',#7961,10.);
#2318=VECTOR('',#7962,10.);
#2319=VECTOR('',#7963,10.);
#2320=VECTOR('',#7964,10.);
#2321=VECTOR('',#7965,10.);
#2322=VECTOR('',#7968,10.);
#2323=VECTOR('',#7969,10.);
#2324=VECTOR('',#7970,10.);
#2325=VECTOR('',#7973,10.);
#2326=VECTOR('',#7974,10.);
#2327=VECTOR('',#7975,10.);
#2328=VECTOR('',#7978,10.);
#2329=VECTOR('',#7979,10.);
#2330=VECTOR('',#7980,10.);
#2331=VECTOR('',#7981,10.);
#2332=VECTOR('',#7982,10.);
#2333=VECTOR('',#7983,10.);
#2334=VECTOR('',#7984,10.);
#2335=VECTOR('',#7985,10.);
#2336=VECTOR('',#7986,10.);
#2337=VECTOR('',#7987,10.);
#2338=VECTOR('',#7988,10.);
#2339=VECTOR('',#7991,10.);
#2340=VECTOR('',#7992,10.);
#2341=VECTOR('',#7993,10.);
#2342=VECTOR('',#7994,10.);
#2343=VECTOR('',#7995,10.);
#2344=VECTOR('',#7996,10.);
#2345=VECTOR('',#7997,10.);
#2346=VECTOR('',#7998,10.);
#2347=VECTOR('',#7999,10.);
#2348=VECTOR('',#8002,10.);
#2349=VECTOR('',#8003,10.);
#2350=VECTOR('',#8010,10.);
#2351=VECTOR('',#8011,10.);
#2352=VECTOR('',#8012,10.);
#2353=VECTOR('',#8013,10.);
#2354=VECTOR('',#8016,10.);
#2355=VECTOR('',#8017,10.);
#2356=VECTOR('',#8018,10.);
#2357=VECTOR('',#8021,10.);
#2358=VECTOR('',#8022,10.);
#2359=VECTOR('',#8023,10.);
#2360=VECTOR('',#8026,10.);
#2361=VECTOR('',#8027,10.);
#2362=VECTOR('',#8028,10.);
#2363=VECTOR('',#8031,10.);
#2364=VECTOR('',#8032,10.);
#2365=VECTOR('',#8033,10.);
#2366=VECTOR('',#8034,10.);
#2367=VECTOR('',#8035,10.);
#2368=VECTOR('',#8038,10.);
#2369=VECTOR('',#8039,10.);
#2370=VECTOR('',#8040,10.);
#2371=VECTOR('',#8043,10.);
#2372=VECTOR('',#8044,10.);
#2373=VECTOR('',#8045,10.);
#2374=VECTOR('',#8046,10.);
#2375=VECTOR('',#8047,10.);
#2376=VECTOR('',#8048,10.);
#2377=VECTOR('',#8049,10.);
#2378=VECTOR('',#8052,10.);
#2379=VECTOR('',#8053,10.);
#2380=VECTOR('',#8054,10.);
#2381=VECTOR('',#8057,10.);
#2382=VECTOR('',#8058,10.);
#2383=VECTOR('',#8059,10.);
#2384=VECTOR('',#8062,10.);
#2385=VECTOR('',#8063,10.);
#2386=VECTOR('',#8064,10.);
#2387=VECTOR('',#8067,10.);
#2388=VECTOR('',#8068,10.);
#2389=VECTOR('',#8069,10.);
#2390=VECTOR('',#8072,10.);
#2391=VECTOR('',#8073,10.);
#2392=VECTOR('',#8074,10.);
#2393=VECTOR('',#8077,10.);
#2394=VECTOR('',#8078,10.);
#2395=VECTOR('',#8083,10.);
#2396=VECTOR('',#8084,10.);
#2397=VECTOR('',#8085,10.);
#2398=VECTOR('',#8086,10.);
#2399=VECTOR('',#8089,10.);
#2400=VECTOR('',#8090,10.);
#2401=VECTOR('',#8091,10.);
#2402=VECTOR('',#8092,10.);
#2403=VECTOR('',#8093,10.);
#2404=VECTOR('',#8094,10.);
#2405=VECTOR('',#8095,10.);
#2406=VECTOR('',#8096,10.);
#2407=VECTOR('',#8097,10.);
#2408=VECTOR('',#8098,10.);
#2409=VECTOR('',#8099,10.);
#2410=VECTOR('',#8100,10.);
#2411=VECTOR('',#8101,10.);
#2412=VECTOR('',#8102,10.);
#2413=VECTOR('',#8103,10.);
#2414=VECTOR('',#8104,10.);
#2415=VECTOR('',#8105,10.);
#2416=VECTOR('',#8108,10.);
#2417=VECTOR('',#8109,10.);
#2418=VECTOR('',#8110,10.);
#2419=VECTOR('',#8113,10.);
#2420=VECTOR('',#8114,10.);
#2421=VECTOR('',#8115,10.);
#2422=VECTOR('',#8118,10.);
#2423=VECTOR('',#8119,10.);
#2424=VECTOR('',#8120,10.);
#2425=VECTOR('',#8121,10.);
#2426=VECTOR('',#8122,10.);
#2427=VECTOR('',#8123,10.);
#2428=VECTOR('',#8124,10.);
#2429=VECTOR('',#8125,10.);
#2430=VECTOR('',#8126,10.);
#2431=VECTOR('',#8127,10.);
#2432=VECTOR('',#8128,10.);
#2433=VECTOR('',#8129,10.);
#2434=VECTOR('',#8130,10.);
#2435=VECTOR('',#8131,10.);
#2436=VECTOR('',#8132,10.);
#2437=VECTOR('',#8133,10.);
#2438=VECTOR('',#8134,10.);
#2439=VECTOR('',#8135,10.);
#2440=VECTOR('',#8138,10.);
#2441=VECTOR('',#8139,10.);
#2442=VECTOR('',#8144,10.);
#2443=VECTOR('',#8145,10.);
#2444=VECTOR('',#8146,10.);
#2445=VECTOR('',#8147,10.);
#2446=VECTOR('',#8150,10.);
#2447=VECTOR('',#8151,10.);
#2448=VECTOR('',#8152,10.);
#2449=VECTOR('',#8155,10.);
#2450=VECTOR('',#8156,10.);
#2451=VECTOR('',#8157,10.);
#2452=VECTOR('',#8158,10.);
#2453=VECTOR('',#8159,10.);
#2454=VECTOR('',#8160,10.);
#2455=VECTOR('',#8161,10.);
#2456=VECTOR('',#8162,10.);
#2457=VECTOR('',#8163,10.);
#2458=VECTOR('',#8166,10.);
#2459=VECTOR('',#8167,10.);
#2460=VECTOR('',#8168,10.);
#2461=VECTOR('',#8171,10.);
#2462=VECTOR('',#8172,10.);
#2463=VECTOR('',#8173,10.);
#2464=VECTOR('',#8176,10.);
#2465=VECTOR('',#8177,10.);
#2466=VECTOR('',#8178,10.);
#2467=VECTOR('',#8179,10.);
#2468=VECTOR('',#8180,10.);
#2469=VECTOR('',#8181,10.);
#2470=VECTOR('',#8182,10.);
#2471=VECTOR('',#8185,10.);
#2472=VECTOR('',#8186,10.);
#2473=VECTOR('',#8187,10.);
#2474=VECTOR('',#8190,10.);
#2475=VECTOR('',#8191,10.);
#2476=VECTOR('',#8196,10.);
#2477=VECTOR('',#8197,10.);
#2478=VECTOR('',#8198,10.);
#2479=VECTOR('',#8199,10.);
#2480=VECTOR('',#8202,10.);
#2481=VECTOR('',#8203,10.);
#2482=VECTOR('',#8204,10.);
#2483=VECTOR('',#8207,10.);
#2484=VECTOR('',#8208,10.);
#2485=VECTOR('',#8209,10.);
#2486=VECTOR('',#8212,10.);
#2487=VECTOR('',#8213,10.);
#2488=VECTOR('',#8216,10.);
#2489=VECTOR('',#8217,10.);
#2490=VECTOR('',#8218,10.);
#2491=VECTOR('',#8219,10.);
#2492=VECTOR('',#8220,10.);
#2493=VECTOR('',#8223,10.);
#2494=VECTOR('',#8224,10.);
#2495=VECTOR('',#8225,10.);
#2496=VECTOR('',#8226,10.);
#2497=VECTOR('',#8227,10.);
#2498=VECTOR('',#8228,10.);
#2499=VECTOR('',#8229,10.);
#2500=VECTOR('',#8232,10.);
#2501=VECTOR('',#8233,10.);
#2502=VECTOR('',#8236,10.);
#2503=VECTOR('',#8237,10.);
#2504=VECTOR('',#8238,10.);
#2505=VECTOR('',#8239,10.);
#2506=VECTOR('',#8240,10.);
#2507=VECTOR('',#8241,10.);
#2508=VECTOR('',#8242,10.);
#2509=VECTOR('',#8243,10.);
#2510=VECTOR('',#8244,10.);
#2511=VECTOR('',#8245,10.);
#2512=VECTOR('',#8246,10.);
#2513=VECTOR('',#8247,10.);
#2514=VECTOR('',#8250,10.);
#2515=VECTOR('',#8251,10.);
#2516=VECTOR('',#8252,10.);
#2517=VECTOR('',#8253,10.);
#2518=VECTOR('',#8254,10.);
#2519=VECTOR('',#8255,10.);
#2520=VECTOR('',#8256,10.);
#2521=VECTOR('',#8257,10.);
#2522=VECTOR('',#8258,10.);
#2523=VECTOR('',#8265,10.);
#2524=VECTOR('',#8266,10.);
#2525=VECTOR('',#8267,10.);
#2526=VECTOR('',#8268,10.);
#2527=VECTOR('',#8271,10.);
#2528=VECTOR('',#8272,10.);
#2529=VECTOR('',#8273,10.);
#2530=VECTOR('',#8276,10.);
#2531=VECTOR('',#8277,10.);
#2532=VECTOR('',#8278,10.);
#2533=VECTOR('',#8281,10.);
#2534=VECTOR('',#8282,10.);
#2535=VECTOR('',#8285,10.);
#2536=VECTOR('',#8286,10.);
#2537=VECTOR('',#8287,10.);
#2538=VECTOR('',#8288,10.);
#2539=VECTOR('',#8289,10.);
#2540=VECTOR('',#8292,10.);
#2541=VECTOR('',#8293,10.);
#2542=VECTOR('',#8294,10.);
#2543=VECTOR('',#8295,10.);
#2544=VECTOR('',#8296,10.);
#2545=VECTOR('',#8297,10.);
#2546=VECTOR('',#8298,10.);
#2547=VECTOR('',#8301,10.);
#2548=VECTOR('',#8302,10.);
#2549=VECTOR('',#8305,10.);
#2550=VECTOR('',#8306,10.);
#2551=VECTOR('',#8307,10.);
#2552=VECTOR('',#8308,10.);
#2553=VECTOR('',#8311,10.);
#2554=VECTOR('',#8312,10.);
#2555=VECTOR('',#8313,10.);
#2556=VECTOR('',#8316,10.);
#2557=VECTOR('',#8317,10.);
#2558=VECTOR('',#8318,10.);
#2559=VECTOR('',#8319,10.);
#2560=VECTOR('',#8320,10.);
#2561=VECTOR('',#8321,10.);
#2562=VECTOR('',#8322,10.);
#2563=VECTOR('',#8323,10.);
#2564=VECTOR('',#8326,10.);
#2565=VECTOR('',#8327,10.);
#2566=VECTOR('',#8328,10.);
#2567=VECTOR('',#8329,10.);
#2568=VECTOR('',#8330,10.);
#2569=VECTOR('',#8331,10.);
#2570=VECTOR('',#8332,10.);
#2571=VECTOR('',#8333,10.);
#2572=VECTOR('',#8336,10.);
#2573=VECTOR('',#8337,10.);
#2574=VECTOR('',#8338,10.);
#2575=VECTOR('',#8341,10.);
#2576=VECTOR('',#8342,10.);
#2577=VECTOR('',#8349,10.);
#2578=VECTOR('',#8350,10.);
#2579=VECTOR('',#8351,10.);
#2580=VECTOR('',#8352,10.);
#2581=VECTOR('',#8355,10.);
#2582=VECTOR('',#8356,10.);
#2583=VECTOR('',#8357,10.);
#2584=VECTOR('',#8360,10.);
#2585=VECTOR('',#8361,10.);
#2586=VECTOR('',#8362,10.);
#2587=VECTOR('',#8365,10.);
#2588=VECTOR('',#8366,10.);
#2589=VECTOR('',#8367,10.);
#2590=VECTOR('',#8370,10.);
#2591=VECTOR('',#8371,10.);
#2592=VECTOR('',#8372,10.);
#2593=VECTOR('',#8373,10.);
#2594=VECTOR('',#8374,10.);
#2595=VECTOR('',#8377,10.);
#2596=VECTOR('',#8378,10.);
#2597=VECTOR('',#8379,10.);
#2598=VECTOR('',#8382,10.);
#2599=VECTOR('',#8383,10.);
#2600=VECTOR('',#8384,10.);
#2601=VECTOR('',#8385,10.);
#2602=VECTOR('',#8386,10.);
#2603=VECTOR('',#8387,10.);
#2604=VECTOR('',#8388,10.);
#2605=VECTOR('',#8391,10.);
#2606=VECTOR('',#8392,10.);
#2607=VECTOR('',#8393,10.);
#2608=VECTOR('',#8396,10.);
#2609=VECTOR('',#8397,10.);
#2610=VECTOR('',#8398,10.);
#2611=VECTOR('',#8401,10.);
#2612=VECTOR('',#8402,10.);
#2613=VECTOR('',#8403,10.);
#2614=VECTOR('',#8406,10.);
#2615=VECTOR('',#8407,10.);
#2616=VECTOR('',#8408,10.);
#2617=VECTOR('',#8411,10.);
#2618=VECTOR('',#8412,10.);
#2619=VECTOR('',#8413,10.);
#2620=VECTOR('',#8416,10.);
#2621=VECTOR('',#8417,10.);
#2622=VECTOR('',#8422,10.);
#2623=VECTOR('',#8423,10.);
#2624=VECTOR('',#8424,10.);
#2625=VECTOR('',#8425,10.);
#2626=VECTOR('',#8428,10.);
#2627=VECTOR('',#8429,10.);
#2628=VECTOR('',#8430,10.);
#2629=VECTOR('',#8431,10.);
#2630=VECTOR('',#8432,10.);
#2631=VECTOR('',#8433,10.);
#2632=VECTOR('',#8434,10.);
#2633=VECTOR('',#8435,10.);
#2634=VECTOR('',#8436,10.);
#2635=VECTOR('',#8437,10.);
#2636=VECTOR('',#8438,10.);
#2637=VECTOR('',#8439,10.);
#2638=VECTOR('',#8440,10.);
#2639=VECTOR('',#8441,10.);
#2640=VECTOR('',#8442,10.);
#2641=VECTOR('',#8443,10.);
#2642=VECTOR('',#8444,10.);
#2643=VECTOR('',#8445,10.);
#2644=VECTOR('',#8448,10.);
#2645=VECTOR('',#8449,10.);
#2646=VECTOR('',#8450,10.);
#2647=VECTOR('',#8453,10.);
#2648=VECTOR('',#8454,10.);
#2649=VECTOR('',#8455,10.);
#2650=VECTOR('',#8458,10.);
#2651=VECTOR('',#8459,10.);
#2652=VECTOR('',#8460,10.);
#2653=VECTOR('',#8461,10.);
#2654=VECTOR('',#8462,10.);
#2655=VECTOR('',#8463,10.);
#2656=VECTOR('',#8464,10.);
#2657=VECTOR('',#8465,10.);
#2658=VECTOR('',#8466,10.);
#2659=VECTOR('',#8467,10.);
#2660=VECTOR('',#8468,10.);
#2661=VECTOR('',#8469,10.);
#2662=VECTOR('',#8470,10.);
#2663=VECTOR('',#8471,10.);
#2664=VECTOR('',#8472,10.);
#2665=VECTOR('',#8473,10.);
#2666=VECTOR('',#8474,10.);
#2667=VECTOR('',#8475,10.);
#2668=VECTOR('',#8478,10.);
#2669=VECTOR('',#8479,10.);
#2670=VECTOR('',#8484,10.);
#2671=VECTOR('',#8485,10.);
#2672=VECTOR('',#8486,10.);
#2673=VECTOR('',#8487,10.);
#2674=VECTOR('',#8490,10.);
#2675=VECTOR('',#8491,10.);
#2676=VECTOR('',#8492,10.);
#2677=VECTOR('',#8493,10.);
#2678=VECTOR('',#8494,10.);
#2679=VECTOR('',#8495,10.);
#2680=VECTOR('',#8496,10.);
#2681=VECTOR('',#8497,10.);
#2682=VECTOR('',#8498,10.);
#2683=VECTOR('',#8499,10.);
#2684=VECTOR('',#8500,10.);
#2685=VECTOR('',#8501,10.);
#2686=VECTOR('',#8502,10.);
#2687=VECTOR('',#8503,10.);
#2688=VECTOR('',#8504,10.);
#2689=VECTOR('',#8505,10.);
#2690=VECTOR('',#8506,10.);
#2691=VECTOR('',#8507,10.);
#2692=VECTOR('',#8510,10.);
#2693=VECTOR('',#8511,10.);
#2694=VECTOR('',#8512,10.);
#2695=VECTOR('',#8515,10.);
#2696=VECTOR('',#8516,10.);
#2697=VECTOR('',#8517,10.);
#2698=VECTOR('',#8520,10.);
#2699=VECTOR('',#8521,10.);
#2700=VECTOR('',#8522,10.);
#2701=VECTOR('',#8523,10.);
#2702=VECTOR('',#8524,10.);
#2703=VECTOR('',#8525,10.);
#2704=VECTOR('',#8526,10.);
#2705=VECTOR('',#8527,10.);
#2706=VECTOR('',#8528,10.);
#2707=VECTOR('',#8529,10.);
#2708=VECTOR('',#8530,10.);
#2709=VECTOR('',#8531,10.);
#2710=VECTOR('',#8532,10.);
#2711=VECTOR('',#8533,10.);
#2712=VECTOR('',#8534,10.);
#2713=VECTOR('',#8535,10.);
#2714=VECTOR('',#8536,10.);
#2715=VECTOR('',#8537,10.);
#2716=VECTOR('',#8540,10.);
#2717=VECTOR('',#8541,10.);
#2718=VECTOR('',#8546,10.);
#2719=VECTOR('',#8547,10.);
#2720=VECTOR('',#8548,10.);
#2721=VECTOR('',#8549,10.);
#2722=VECTOR('',#8550,10.);
#2723=VECTOR('',#8553,10.);
#2724=VECTOR('',#8554,10.);
#2725=VECTOR('',#8555,10.);
#2726=VECTOR('',#8556,10.);
#2727=VECTOR('',#8557,10.);
#2728=VECTOR('',#8558,10.);
#2729=VECTOR('',#8561,10.);
#2730=VECTOR('',#8562,10.);
#2731=VECTOR('',#8563,10.);
#2732=VECTOR('',#8566,10.);
#2733=VECTOR('',#8567,10.);
#2734=VECTOR('',#8568,10.);
#2735=VECTOR('',#8571,10.);
#2736=VECTOR('',#8572,10.);
#2737=VECTOR('',#8573,10.);
#2738=VECTOR('',#8576,10.);
#2739=VECTOR('',#8577,10.);
#2740=VECTOR('',#8582,10.);
#2741=VECTOR('',#8583,10.);
#2742=VECTOR('',#8584,10.);
#2743=VECTOR('',#8585,10.);
#2744=VECTOR('',#8588,10.);
#2745=VECTOR('',#8589,10.);
#2746=VECTOR('',#8590,10.);
#2747=VECTOR('',#8593,10.);
#2748=VECTOR('',#8594,10.);
#2749=VECTOR('',#8595,10.);
#2750=VECTOR('',#8598,10.);
#2751=VECTOR('',#8599,10.);
#2752=VECTOR('',#8600,10.);
#2753=VECTOR('',#8603,10.);
#2754=VECTOR('',#8604,10.);
#2755=VECTOR('',#8605,10.);
#2756=VECTOR('',#8606,10.);
#2757=VECTOR('',#8607,10.);
#2758=VECTOR('',#8610,10.);
#2759=VECTOR('',#8611,10.);
#2760=VECTOR('',#8616,10.);
#2761=VECTOR('',#8617,10.);
#2762=VECTOR('',#8618,10.);
#2763=VECTOR('',#8619,10.);
#2764=VECTOR('',#8622,10.);
#2765=VECTOR('',#8623,10.);
#2766=VECTOR('',#8624,10.);
#2767=VECTOR('',#8627,10.);
#2768=VECTOR('',#8628,10.);
#2769=VECTOR('',#8629,10.);
#2770=VECTOR('',#8632,10.);
#2771=VECTOR('',#8633,10.);
#2772=VECTOR('',#8642,3.65);
#2773=VECTOR('',#8645,10.);
#2774=VECTOR('',#8646,10.);
#2775=VECTOR('',#8647,10.);
#2776=VECTOR('',#8648,10.);
#2777=VECTOR('',#8655,10.);
#2778=VECTOR('',#8658,10.);
#2779=VECTOR('',#8659,10.);
#2780=VECTOR('',#8660,10.);
#2781=VECTOR('',#8667,10.);
#2782=VECTOR('',#8670,10.);
#2783=VECTOR('',#8671,10.);
#2784=VECTOR('',#8672,10.);
#2785=VECTOR('',#8679,10.);
#2786=VECTOR('',#8682,10.);
#2787=VECTOR('',#8683,10.);
#2788=VECTOR('',#8684,10.);
#2789=VECTOR('',#8693,10.);
#2790=VECTOR('',#8694,10.);
#2791=VECTOR('',#8695,10.);
#2792=VECTOR('',#8696,10.);
#2793=VECTOR('',#8703,10.);
#2794=VECTOR('',#8706,10.);
#2795=VECTOR('',#8707,10.);
#2796=VECTOR('',#8708,10.);
#2797=VECTOR('',#8715,10.);
#2798=VECTOR('',#8718,10.);
#2799=VECTOR('',#8719,10.);
#2800=VECTOR('',#8720,10.);
#2801=VECTOR('',#8727,10.);
#2802=VECTOR('',#8730,10.);
#2803=VECTOR('',#8731,10.);
#2804=VECTOR('',#8732,10.);
#2805=VECTOR('',#8741,10.);
#2806=VECTOR('',#8742,10.);
#2807=VECTOR('',#8743,10.);
#2808=VECTOR('',#8744,10.);
#2809=VECTOR('',#8751,10.);
#2810=VECTOR('',#8754,10.);
#2811=VECTOR('',#8755,10.);
#2812=VECTOR('',#8756,10.);
#2813=VECTOR('',#8763,10.);
#2814=VECTOR('',#8766,10.);
#2815=VECTOR('',#8767,10.);
#2816=VECTOR('',#8768,10.);
#2817=VECTOR('',#8775,10.);
#2818=VECTOR('',#8778,10.);
#2819=VECTOR('',#8779,10.);
#2820=VECTOR('',#8780,10.);
#2821=VECTOR('',#8791,10.);
#2822=VECTOR('',#8794,10.);
#2823=VECTOR('',#8799,10.);
#2824=VECTOR('',#8802,10.);
#2825=VECTOR('',#8809,10.);
#2826=VECTOR('',#8810,10.);
#2827=VECTOR('',#8811,10.);
#2828=VECTOR('',#8814,10.);
#2829=VECTOR('',#8819,10.);
#2830=VECTOR('',#8820,10.);
#2831=VECTOR('',#8821,10.);
#2832=VECTOR('',#8822,10.);
#2833=VECTOR('',#8823,10.);
#2834=VECTOR('',#8824,10.);
#2835=VECTOR('',#8827,10.);
#2836=VECTOR('',#8828,10.);
#2837=VECTOR('',#8829,10.);
#2838=VECTOR('',#8834,10.);
#2839=VECTOR('',#8841,5.);
#2840=VECTOR('',#8844,10.);
#2841=VECTOR('',#8847,10.);
#2842=VECTOR('',#8848,10.);
#2843=VECTOR('',#8849,10.);
#2844=VECTOR('',#8850,10.);
#2845=VECTOR('',#8851,10.);
#2846=VECTOR('',#8852,10.);
#2847=VECTOR('',#8853,10.);
#2848=VECTOR('',#8856,10.);
#2849=VECTOR('',#8857,10.);
#2850=VECTOR('',#8860,10.);
#2851=VECTOR('',#8861,10.);
#2852=VECTOR('',#8862,10.);
#2853=VECTOR('',#8865,10.);
#2854=VECTOR('',#8866,10.);
#2855=VECTOR('',#8869,10.);
#2856=VECTOR('',#8870,10.);
#2857=VECTOR('',#8873,10.);
#2858=VECTOR('',#8874,10.);
#2859=VECTOR('',#8877,10.);
#2860=VECTOR('',#8880,10.);
#2861=VECTOR('',#8881,10.);
#2862=VECTOR('',#8882,10.);
#2863=VECTOR('',#8883,10.);
#2864=VECTOR('',#8884,10.);
#2865=VECTOR('',#8893,10.);
#2866=VECTOR('',#8896,10.);
#2867=VECTOR('',#8899,10.);
#2868=VECTOR('',#8900,10.);
#2869=VECTOR('',#8901,10.);
#2870=VECTOR('',#8904,10.);
#2871=VECTOR('',#8905,10.);
#2872=VECTOR('',#8906,10.);
#2873=VECTOR('',#8909,10.);
#2874=VECTOR('',#8910,10.);
#2875=VECTOR('',#8913,10.);
#2876=VECTOR('',#8914,10.);
#2877=VECTOR('',#8915,10.);
#2878=VECTOR('',#8916,10.);
#2879=VECTOR('',#8919,10.);
#2880=VECTOR('',#8920,10.);
#2881=VECTOR('',#8923,10.);
#2882=VECTOR('',#8926,10.);
#2883=VECTOR('',#8931,10.);
#2884=VERTEX_POINT('',#8936);
#2885=VERTEX_POINT('',#8937);
#2886=VERTEX_POINT('',#8939);
#2887=VERTEX_POINT('',#8941);
#2888=VERTEX_POINT('',#8945);
#2889=VERTEX_POINT('',#8947);
#2890=VERTEX_POINT('',#8951);
#2891=VERTEX_POINT('',#8953);
#2892=VERTEX_POINT('',#8957);
#2893=VERTEX_POINT('',#8959);
#2894=VERTEX_POINT('',#8963);
#2895=VERTEX_POINT('',#8965);
#2896=VERTEX_POINT('',#8969);
#2897=VERTEX_POINT('',#8971);
#2898=VERTEX_POINT('',#8975);
#2899=VERTEX_POINT('',#8977);
#2900=VERTEX_POINT('',#8981);
#2901=VERTEX_POINT('',#8983);
#2902=VERTEX_POINT('',#8987);
#2903=VERTEX_POINT('',#8989);
#2904=VERTEX_POINT('',#8993);
#2905=VERTEX_POINT('',#8995);
#2906=VERTEX_POINT('',#8999);
#2907=VERTEX_POINT('',#9001);
#2908=VERTEX_POINT('',#9009);
#2909=VERTEX_POINT('',#9010);
#2910=VERTEX_POINT('',#9012);
#2911=VERTEX_POINT('',#9014);
#2912=VERTEX_POINT('',#9027);
#2913=VERTEX_POINT('',#9033);
#2914=VERTEX_POINT('',#9050);
#2915=VERTEX_POINT('',#9056);
#2916=VERTEX_POINT('',#9073);
#2917=VERTEX_POINT('',#9079);
#2918=VERTEX_POINT('',#9096);
#2919=VERTEX_POINT('',#9102);
#2920=VERTEX_POINT('',#9110);
#2921=VERTEX_POINT('',#9112);
#2922=VERTEX_POINT('',#9119);
#2923=VERTEX_POINT('',#9120);
#2924=VERTEX_POINT('',#9122);
#2925=VERTEX_POINT('',#9124);
#2926=VERTEX_POINT('',#9128);
#2927=VERTEX_POINT('',#9130);
#2928=VERTEX_POINT('',#9143);
#2929=VERTEX_POINT('',#9149);
#2930=VERTEX_POINT('',#9166);
#2931=VERTEX_POINT('',#9172);
#2932=VERTEX_POINT('',#9189);
#2933=VERTEX_POINT('',#9195);
#2934=VERTEX_POINT('',#9212);
#2935=VERTEX_POINT('',#9218);
#2936=VERTEX_POINT('',#9226);
#2937=VERTEX_POINT('',#9228);
#2938=VERTEX_POINT('',#9232);
#2939=VERTEX_POINT('',#9234);
#2940=VERTEX_POINT('',#9238);
#2941=VERTEX_POINT('',#9240);
#2942=VERTEX_POINT('',#9253);
#2943=VERTEX_POINT('',#9259);
#2944=VERTEX_POINT('',#9276);
#2945=VERTEX_POINT('',#9282);
#2946=VERTEX_POINT('',#9299);
#2947=VERTEX_POINT('',#9305);
#2948=VERTEX_POINT('',#9322);
#2949=VERTEX_POINT('',#9328);
#2950=VERTEX_POINT('',#9345);
#2951=VERTEX_POINT('',#9351);
#2952=VERTEX_POINT('',#9368);
#2953=VERTEX_POINT('',#9374);
#2954=VERTEX_POINT('',#9391);
#2955=VERTEX_POINT('',#9397);
#2956=VERTEX_POINT('',#9414);
#2957=VERTEX_POINT('',#9420);
#2958=VERTEX_POINT('',#9428);
#2959=VERTEX_POINT('',#9430);
#2960=VERTEX_POINT('',#9443);
#2961=VERTEX_POINT('',#9449);
#2962=VERTEX_POINT('',#9466);
#2963=VERTEX_POINT('',#9472);
#2964=VERTEX_POINT('',#9489);
#2965=VERTEX_POINT('',#9495);
#2966=VERTEX_POINT('',#9512);
#2967=VERTEX_POINT('',#9518);
#2968=VERTEX_POINT('',#9535);
#2969=VERTEX_POINT('',#9541);
#2970=VERTEX_POINT('',#9558);
#2971=VERTEX_POINT('',#9564);
#2972=VERTEX_POINT('',#9577);
#2973=VERTEX_POINT('',#9578);
#2974=VERTEX_POINT('',#9580);
#2975=VERTEX_POINT('',#9582);
#2976=VERTEX_POINT('',#9595);
#2977=VERTEX_POINT('',#9601);
#2978=VERTEX_POINT('',#9618);
#2979=VERTEX_POINT('',#9624);
#2980=VERTEX_POINT('',#9641);
#2981=VERTEX_POINT('',#9647);
#2982=VERTEX_POINT('',#9664);
#2983=VERTEX_POINT('',#9670);
#2984=VERTEX_POINT('',#9678);
#2985=VERTEX_POINT('',#9680);
#2986=VERTEX_POINT('',#9687);
#2987=VERTEX_POINT('',#9688);
#2988=VERTEX_POINT('',#9690);
#2989=VERTEX_POINT('',#9692);
#2990=VERTEX_POINT('',#9696);
#2991=VERTEX_POINT('',#9698);
#2992=VERTEX_POINT('',#9711);
#2993=VERTEX_POINT('',#9717);
#2994=VERTEX_POINT('',#9734);
#2995=VERTEX_POINT('',#9740);
#2996=VERTEX_POINT('',#9757);
#2997=VERTEX_POINT('',#9763);
#2998=VERTEX_POINT('',#9780);
#2999=VERTEX_POINT('',#9786);
#3000=VERTEX_POINT('',#9794);
#3001=VERTEX_POINT('',#9796);
#3002=VERTEX_POINT('',#9800);
#3003=VERTEX_POINT('',#9802);
#3004=VERTEX_POINT('',#9806);
#3005=VERTEX_POINT('',#9808);
#3006=VERTEX_POINT('',#9821);
#3007=VERTEX_POINT('',#9827);
#3008=VERTEX_POINT('',#9844);
#3009=VERTEX_POINT('',#9850);
#3010=VERTEX_POINT('',#9867);
#3011=VERTEX_POINT('',#9873);
#3012=VERTEX_POINT('',#9890);
#3013=VERTEX_POINT('',#9896);
#3014=VERTEX_POINT('',#9913);
#3015=VERTEX_POINT('',#9919);
#3016=VERTEX_POINT('',#9936);
#3017=VERTEX_POINT('',#9942);
#3018=VERTEX_POINT('',#9959);
#3019=VERTEX_POINT('',#9965);
#3020=VERTEX_POINT('',#9982);
#3021=VERTEX_POINT('',#9988);
#3022=VERTEX_POINT('',#9996);
#3023=VERTEX_POINT('',#9998);
#3024=VERTEX_POINT('',#10011);
#3025=VERTEX_POINT('',#10017);
#3026=VERTEX_POINT('',#10034);
#3027=VERTEX_POINT('',#10040);
#3028=VERTEX_POINT('',#10057);
#3029=VERTEX_POINT('',#10063);
#3030=VERTEX_POINT('',#10080);
#3031=VERTEX_POINT('',#10086);
#3032=VERTEX_POINT('',#10103);
#3033=VERTEX_POINT('',#10109);
#3034=VERTEX_POINT('',#10126);
#3035=VERTEX_POINT('',#10132);
#3036=VERTEX_POINT('',#10145);
#3037=VERTEX_POINT('',#10146);
#3038=VERTEX_POINT('',#10148);
#3039=VERTEX_POINT('',#10150);
#3040=VERTEX_POINT('',#10154);
#3041=VERTEX_POINT('',#10156);
#3042=VERTEX_POINT('',#10160);
#3043=VERTEX_POINT('',#10162);
#3044=VERTEX_POINT('',#10166);
#3045=VERTEX_POINT('',#10168);
#3046=VERTEX_POINT('',#10172);
#3047=VERTEX_POINT('',#10174);
#3048=VERTEX_POINT('',#10187);
#3049=VERTEX_POINT('',#10193);
#3050=VERTEX_POINT('',#10210);
#3051=VERTEX_POINT('',#10216);
#3052=VERTEX_POINT('',#10224);
#3053=VERTEX_POINT('',#10226);
#3054=VERTEX_POINT('',#10230);
#3055=VERTEX_POINT('',#10232);
#3056=VERTEX_POINT('',#10245);
#3057=VERTEX_POINT('',#10251);
#3058=VERTEX_POINT('',#10268);
#3059=VERTEX_POINT('',#10274);
#3060=VERTEX_POINT('',#10291);
#3061=VERTEX_POINT('',#10297);
#3062=VERTEX_POINT('',#10314);
#3063=VERTEX_POINT('',#10320);
#3064=VERTEX_POINT('',#10328);
#3065=VERTEX_POINT('',#10330);
#3066=VERTEX_POINT('',#10334);
#3067=VERTEX_POINT('',#10336);
#3068=VERTEX_POINT('',#10340);
#3069=VERTEX_POINT('',#10342);
#3070=VERTEX_POINT('',#10346);
#3071=VERTEX_POINT('',#10348);
#3072=VERTEX_POINT('',#10352);
#3073=VERTEX_POINT('',#10354);
#3074=VERTEX_POINT('',#10362);
#3075=VERTEX_POINT('',#10363);
#3076=VERTEX_POINT('',#10365);
#3077=VERTEX_POINT('',#10367);
#3078=VERTEX_POINT('',#10371);
#3079=VERTEX_POINT('',#10373);
#3080=VERTEX_POINT('',#10386);
#3081=VERTEX_POINT('',#10392);
#3082=VERTEX_POINT('',#10409);
#3083=VERTEX_POINT('',#10415);
#3084=VERTEX_POINT('',#10432);
#3085=VERTEX_POINT('',#10438);
#3086=VERTEX_POINT('',#10455);
#3087=VERTEX_POINT('',#10461);
#3088=VERTEX_POINT('',#10478);
#3089=VERTEX_POINT('',#10484);
#3090=VERTEX_POINT('',#10501);
#3091=VERTEX_POINT('',#10507);
#3092=VERTEX_POINT('',#10524);
#3093=VERTEX_POINT('',#10530);
#3094=VERTEX_POINT('',#10547);
#3095=VERTEX_POINT('',#10553);
#3096=VERTEX_POINT('',#10570);
#3097=VERTEX_POINT('',#10576);
#3098=VERTEX_POINT('',#10593);
#3099=VERTEX_POINT('',#10599);
#3100=VERTEX_POINT('',#10616);
#3101=VERTEX_POINT('',#10622);
#3102=VERTEX_POINT('',#10639);
#3103=VERTEX_POINT('',#10645);
#3104=VERTEX_POINT('',#10662);
#3105=VERTEX_POINT('',#10668);
#3106=VERTEX_POINT('',#10685);
#3107=VERTEX_POINT('',#10691);
#3108=VERTEX_POINT('',#10699);
#3109=VERTEX_POINT('',#10701);
#3110=VERTEX_POINT('',#10705);
#3111=VERTEX_POINT('',#10707);
#3112=VERTEX_POINT('',#10711);
#3113=VERTEX_POINT('',#10713);
#3114=VERTEX_POINT('',#10726);
#3115=VERTEX_POINT('',#10732);
#3116=VERTEX_POINT('',#10749);
#3117=VERTEX_POINT('',#10755);
#3118=VERTEX_POINT('',#10772);
#3119=VERTEX_POINT('',#10778);
#3120=VERTEX_POINT('',#10795);
#3121=VERTEX_POINT('',#10801);
#3122=VERTEX_POINT('',#10818);
#3123=VERTEX_POINT('',#10824);
#3124=VERTEX_POINT('',#10841);
#3125=VERTEX_POINT('',#10847);
#3126=VERTEX_POINT('',#10864);
#3127=VERTEX_POINT('',#10870);
#3128=VERTEX_POINT('',#10887);
#3129=VERTEX_POINT('',#10893);
#3130=VERTEX_POINT('',#10910);
#3131=VERTEX_POINT('',#10916);
#3132=VERTEX_POINT('',#10933);
#3133=VERTEX_POINT('',#10939);
#3134=VERTEX_POINT('',#10956);
#3135=VERTEX_POINT('',#10962);
#3136=VERTEX_POINT('',#10979);
#3137=VERTEX_POINT('',#10985);
#3138=VERTEX_POINT('',#11002);
#3139=VERTEX_POINT('',#11008);
#3140=VERTEX_POINT('',#11025);
#3141=VERTEX_POINT('',#11031);
#3142=VERTEX_POINT('',#11048);
#3143=VERTEX_POINT('',#11054);
#3144=VERTEX_POINT('',#11066);
#3145=VERTEX_POINT('',#11067);
#3146=VERTEX_POINT('',#11069);
#3147=VERTEX_POINT('',#11071);
#3148=VERTEX_POINT('',#11075);
#3149=VERTEX_POINT('',#11077);
#3150=VERTEX_POINT('',#11081);
#3151=VERTEX_POINT('',#11083);
#3152=VERTEX_POINT('',#11096);
#3153=VERTEX_POINT('',#11102);
#3154=VERTEX_POINT('',#11119);
#3155=VERTEX_POINT('',#11125);
#3156=VERTEX_POINT('',#11142);
#3157=VERTEX_POINT('',#11148);
#3158=VERTEX_POINT('',#11165);
#3159=VERTEX_POINT('',#11171);
#3160=VERTEX_POINT('',#11188);
#3161=VERTEX_POINT('',#11194);
#3162=VERTEX_POINT('',#11211);
#3163=VERTEX_POINT('',#11217);
#3164=VERTEX_POINT('',#11225);
#3165=VERTEX_POINT('',#11227);
#3166=VERTEX_POINT('',#11231);
#3167=VERTEX_POINT('',#11233);
#3168=VERTEX_POINT('',#11237);
#3169=VERTEX_POINT('',#11239);
#3170=VERTEX_POINT('',#11252);
#3171=VERTEX_POINT('',#11258);
#3172=VERTEX_POINT('',#11275);
#3173=VERTEX_POINT('',#11281);
#3174=VERTEX_POINT('',#11298);
#3175=VERTEX_POINT('',#11304);
#3176=VERTEX_POINT('',#11321);
#3177=VERTEX_POINT('',#11327);
#3178=VERTEX_POINT('',#11335);
#3179=VERTEX_POINT('',#11337);
#3180=VERTEX_POINT('',#11345);
#3181=VERTEX_POINT('',#11346);
#3182=VERTEX_POINT('',#11348);
#3183=VERTEX_POINT('',#11350);
#3184=VERTEX_POINT('',#11354);
#3185=VERTEX_POINT('',#11356);
#3186=VERTEX_POINT('',#11360);
#3187=VERTEX_POINT('',#11362);
#3188=VERTEX_POINT('',#11379);
#3189=VERTEX_POINT('',#11380);
#3190=VERTEX_POINT('',#11386);
#3191=VERTEX_POINT('',#11388);
#3192=VERTEX_POINT('',#11405);
#3193=VERTEX_POINT('',#11411);
#3194=VERTEX_POINT('',#11428);
#3195=VERTEX_POINT('',#11434);
#3196=VERTEX_POINT('',#11451);
#3197=VERTEX_POINT('',#11457);
#3198=VERTEX_POINT('',#11465);
#3199=VERTEX_POINT('',#11467);
#3200=VERTEX_POINT('',#11480);
#3201=VERTEX_POINT('',#11486);
#3202=VERTEX_POINT('',#11503);
#3203=VERTEX_POINT('',#11509);
#3204=VERTEX_POINT('',#11526);
#3205=VERTEX_POINT('',#11532);
#3206=VERTEX_POINT('',#11549);
#3207=VERTEX_POINT('',#11555);
#3208=VERTEX_POINT('',#11566);
#3209=VERTEX_POINT('',#11567);
#3210=VERTEX_POINT('',#11569);
#3211=VERTEX_POINT('',#11571);
#3212=VERTEX_POINT('',#11584);
#3213=VERTEX_POINT('',#11590);
#3214=VERTEX_POINT('',#11607);
#3215=VERTEX_POINT('',#11613);
#3216=VERTEX_POINT('',#11630);
#3217=VERTEX_POINT('',#11636);
#3218=VERTEX_POINT('',#11653);
#3219=VERTEX_POINT('',#11659);
#3220=VERTEX_POINT('',#11676);
#3221=VERTEX_POINT('',#11682);
#3222=VERTEX_POINT('',#11699);
#3223=VERTEX_POINT('',#11705);
#3224=VERTEX_POINT('',#11722);
#3225=VERTEX_POINT('',#11728);
#3226=VERTEX_POINT('',#11745);
#3227=VERTEX_POINT('',#11751);
#3228=VERTEX_POINT('',#11759);
#3229=VERTEX_POINT('',#11761);
#3230=VERTEX_POINT('',#11774);
#3231=VERTEX_POINT('',#11780);
#3232=VERTEX_POINT('',#11797);
#3233=VERTEX_POINT('',#11803);
#3234=VERTEX_POINT('',#11820);
#3235=VERTEX_POINT('',#11826);
#3236=VERTEX_POINT('',#11843);
#3237=VERTEX_POINT('',#11849);
#3238=VERTEX_POINT('',#11866);
#3239=VERTEX_POINT('',#11872);
#3240=VERTEX_POINT('',#11889);
#3241=VERTEX_POINT('',#11895);
#3242=VERTEX_POINT('',#11925);
#3243=VERTEX_POINT('',#11926);
#3244=VERTEX_POINT('',#11928);
#3245=VERTEX_POINT('',#11930);
#3246=VERTEX_POINT('',#11934);
#3247=VERTEX_POINT('',#11936);
#3248=VERTEX_POINT('',#11940);
#3249=VERTEX_POINT('',#11942);
#3250=VERTEX_POINT('',#11959);
#3251=VERTEX_POINT('',#11960);
#3252=VERTEX_POINT('',#11966);
#3253=VERTEX_POINT('',#11968);
#3254=VERTEX_POINT('',#11985);
#3255=VERTEX_POINT('',#11991);
#3256=VERTEX_POINT('',#12008);
#3257=VERTEX_POINT('',#12014);
#3258=VERTEX_POINT('',#12031);
#3259=VERTEX_POINT('',#12037);
#3260=VERTEX_POINT('',#12045);
#3261=VERTEX_POINT('',#12047);
#3262=VERTEX_POINT('',#12060);
#3263=VERTEX_POINT('',#12066);
#3264=VERTEX_POINT('',#12083);
#3265=VERTEX_POINT('',#12089);
#3266=VERTEX_POINT('',#12106);
#3267=VERTEX_POINT('',#12112);
#3268=VERTEX_POINT('',#12129);
#3269=VERTEX_POINT('',#12135);
#3270=VERTEX_POINT('',#12146);
#3271=VERTEX_POINT('',#12147);
#3272=VERTEX_POINT('',#12149);
#3273=VERTEX_POINT('',#12151);
#3274=VERTEX_POINT('',#12155);
#3275=VERTEX_POINT('',#12157);
#3276=VERTEX_POINT('',#12161);
#3277=VERTEX_POINT('',#12163);
#3278=VERTEX_POINT('',#12176);
#3279=VERTEX_POINT('',#12182);
#3280=VERTEX_POINT('',#12199);
#3281=VERTEX_POINT('',#12205);
#3282=VERTEX_POINT('',#12222);
#3283=VERTEX_POINT('',#12228);
#3284=VERTEX_POINT('',#12245);
#3285=VERTEX_POINT('',#12251);
#3286=VERTEX_POINT('',#12268);
#3287=VERTEX_POINT('',#12274);
#3288=VERTEX_POINT('',#12282);
#3289=VERTEX_POINT('',#12284);
#3290=VERTEX_POINT('',#12297);
#3291=VERTEX_POINT('',#12303);
#3292=VERTEX_POINT('',#12320);
#3293=VERTEX_POINT('',#12326);
#3294=VERTEX_POINT('',#12343);
#3295=VERTEX_POINT('',#12349);
#3296=VERTEX_POINT('',#12366);
#3297=VERTEX_POINT('',#12372);
#3298=VERTEX_POINT('',#12389);
#3299=VERTEX_POINT('',#12395);
#3300=VERTEX_POINT('',#12403);
#3301=VERTEX_POINT('',#12405);
#3302=VERTEX_POINT('',#12414);
#3303=VERTEX_POINT('',#12415);
#3304=VERTEX_POINT('',#12417);
#3305=VERTEX_POINT('',#12419);
#3306=VERTEX_POINT('',#12423);
#3307=VERTEX_POINT('',#12425);
#3308=VERTEX_POINT('',#12429);
#3309=VERTEX_POINT('',#12431);
#3310=VERTEX_POINT('',#12435);
#3311=VERTEX_POINT('',#12437);
#3312=VERTEX_POINT('',#12441);
#3313=VERTEX_POINT('',#12443);
#3314=VERTEX_POINT('',#12456);
#3315=VERTEX_POINT('',#12462);
#3316=VERTEX_POINT('',#12479);
#3317=VERTEX_POINT('',#12485);
#3318=VERTEX_POINT('',#12493);
#3319=VERTEX_POINT('',#12495);
#3320=VERTEX_POINT('',#12499);
#3321=VERTEX_POINT('',#12501);
#3322=VERTEX_POINT('',#12514);
#3323=VERTEX_POINT('',#12520);
#3324=VERTEX_POINT('',#12537);
#3325=VERTEX_POINT('',#12543);
#3326=VERTEX_POINT('',#12560);
#3327=VERTEX_POINT('',#12566);
#3328=VERTEX_POINT('',#12583);
#3329=VERTEX_POINT('',#12589);
#3330=VERTEX_POINT('',#12597);
#3331=VERTEX_POINT('',#12599);
#3332=VERTEX_POINT('',#12603);
#3333=VERTEX_POINT('',#12605);
#3334=VERTEX_POINT('',#12609);
#3335=VERTEX_POINT('',#12611);
#3336=VERTEX_POINT('',#12615);
#3337=VERTEX_POINT('',#12617);
#3338=VERTEX_POINT('',#12621);
#3339=VERTEX_POINT('',#12623);
#3340=VERTEX_POINT('',#12631);
#3341=VERTEX_POINT('',#12632);
#3342=VERTEX_POINT('',#12634);
#3343=VERTEX_POINT('',#12636);
#3344=VERTEX_POINT('',#12640);
#3345=VERTEX_POINT('',#12642);
#3346=VERTEX_POINT('',#12655);
#3347=VERTEX_POINT('',#12661);
#3348=VERTEX_POINT('',#12678);
#3349=VERTEX_POINT('',#12684);
#3350=VERTEX_POINT('',#12701);
#3351=VERTEX_POINT('',#12707);
#3352=VERTEX_POINT('',#12724);
#3353=VERTEX_POINT('',#12730);
#3354=VERTEX_POINT('',#12747);
#3355=VERTEX_POINT('',#12753);
#3356=VERTEX_POINT('',#12770);
#3357=VERTEX_POINT('',#12776);
#3358=VERTEX_POINT('',#12793);
#3359=VERTEX_POINT('',#12799);
#3360=VERTEX_POINT('',#12816);
#3361=VERTEX_POINT('',#12822);
#3362=VERTEX_POINT('',#12839);
#3363=VERTEX_POINT('',#12845);
#3364=VERTEX_POINT('',#12862);
#3365=VERTEX_POINT('',#12868);
#3366=VERTEX_POINT('',#12885);
#3367=VERTEX_POINT('',#12891);
#3368=VERTEX_POINT('',#12908);
#3369=VERTEX_POINT('',#12914);
#3370=VERTEX_POINT('',#12931);
#3371=VERTEX_POINT('',#12937);
#3372=VERTEX_POINT('',#12954);
#3373=VERTEX_POINT('',#12960);
#3374=VERTEX_POINT('',#12977);
#3375=VERTEX_POINT('',#12983);
#3376=VERTEX_POINT('',#12991);
#3377=VERTEX_POINT('',#12993);
#3378=VERTEX_POINT('',#12997);
#3379=VERTEX_POINT('',#12999);
#3380=VERTEX_POINT('',#13003);
#3381=VERTEX_POINT('',#13005);
#3382=VERTEX_POINT('',#13018);
#3383=VERTEX_POINT('',#13024);
#3384=VERTEX_POINT('',#13041);
#3385=VERTEX_POINT('',#13047);
#3386=VERTEX_POINT('',#13064);
#3387=VERTEX_POINT('',#13070);
#3388=VERTEX_POINT('',#13087);
#3389=VERTEX_POINT('',#13093);
#3390=VERTEX_POINT('',#13110);
#3391=VERTEX_POINT('',#13116);
#3392=VERTEX_POINT('',#13133);
#3393=VERTEX_POINT('',#13139);
#3394=VERTEX_POINT('',#13156);
#3395=VERTEX_POINT('',#13162);
#3396=VERTEX_POINT('',#13179);
#3397=VERTEX_POINT('',#13185);
#3398=VERTEX_POINT('',#13202);
#3399=VERTEX_POINT('',#13208);
#3400=VERTEX_POINT('',#13225);
#3401=VERTEX_POINT('',#13231);
#3402=VERTEX_POINT('',#13248);
#3403=VERTEX_POINT('',#13254);
#3404=VERTEX_POINT('',#13271);
#3405=VERTEX_POINT('',#13277);
#3406=VERTEX_POINT('',#13294);
#3407=VERTEX_POINT('',#13300);
#3408=VERTEX_POINT('',#13317);
#3409=VERTEX_POINT('',#13323);
#3410=VERTEX_POINT('',#13340);
#3411=VERTEX_POINT('',#13346);
#3412=VERTEX_POINT('',#13358);
#3413=VERTEX_POINT('',#13359);
#3414=VERTEX_POINT('',#13361);
#3415=VERTEX_POINT('',#13363);
#3416=VERTEX_POINT('',#13367);
#3417=VERTEX_POINT('',#13369);
#3418=VERTEX_POINT('',#13382);
#3419=VERTEX_POINT('',#13388);
#3420=VERTEX_POINT('',#13405);
#3421=VERTEX_POINT('',#13411);
#3422=VERTEX_POINT('',#13428);
#3423=VERTEX_POINT('',#13434);
#3424=VERTEX_POINT('',#13451);
#3425=VERTEX_POINT('',#13457);
#3426=VERTEX_POINT('',#13474);
#3427=VERTEX_POINT('',#13480);
#3428=VERTEX_POINT('',#13497);
#3429=VERTEX_POINT('',#13503);
#3430=VERTEX_POINT('',#13520);
#3431=VERTEX_POINT('',#13526);
#3432=VERTEX_POINT('',#13543);
#3433=VERTEX_POINT('',#13549);
#3434=VERTEX_POINT('',#13566);
#3435=VERTEX_POINT('',#13572);
#3436=VERTEX_POINT('',#13589);
#3437=VERTEX_POINT('',#13595);
#3438=VERTEX_POINT('',#13612);
#3439=VERTEX_POINT('',#13618);
#3440=VERTEX_POINT('',#13635);
#3441=VERTEX_POINT('',#13641);
#3442=VERTEX_POINT('',#13658);
#3443=VERTEX_POINT('',#13664);
#3444=VERTEX_POINT('',#13681);
#3445=VERTEX_POINT('',#13687);
#3446=VERTEX_POINT('',#13704);
#3447=VERTEX_POINT('',#13710);
#3448=VERTEX_POINT('',#13718);
#3449=VERTEX_POINT('',#13720);
#3450=VERTEX_POINT('',#13724);
#3451=VERTEX_POINT('',#13726);
#3452=VERTEX_POINT('',#13730);
#3453=VERTEX_POINT('',#13732);
#3454=VERTEX_POINT('',#13745);
#3455=VERTEX_POINT('',#13751);
#3456=VERTEX_POINT('',#13768);
#3457=VERTEX_POINT('',#13774);
#3458=VERTEX_POINT('',#13791);
#3459=VERTEX_POINT('',#13797);
#3460=VERTEX_POINT('',#13814);
#3461=VERTEX_POINT('',#13820);
#3462=VERTEX_POINT('',#13837);
#3463=VERTEX_POINT('',#13843);
#3464=VERTEX_POINT('',#13860);
#3465=VERTEX_POINT('',#13866);
#3466=VERTEX_POINT('',#13883);
#3467=VERTEX_POINT('',#13889);
#3468=VERTEX_POINT('',#13906);
#3469=VERTEX_POINT('',#13912);
#3470=VERTEX_POINT('',#13929);
#3471=VERTEX_POINT('',#13935);
#3472=VERTEX_POINT('',#13952);
#3473=VERTEX_POINT('',#13958);
#3474=VERTEX_POINT('',#13975);
#3475=VERTEX_POINT('',#13981);
#3476=VERTEX_POINT('',#13998);
#3477=VERTEX_POINT('',#14004);
#3478=VERTEX_POINT('',#14021);
#3479=VERTEX_POINT('',#14027);
#3480=VERTEX_POINT('',#14044);
#3481=VERTEX_POINT('',#14050);
#3482=VERTEX_POINT('',#14067);
#3483=VERTEX_POINT('',#14073);
#3484=VERTEX_POINT('',#14085);
#3485=VERTEX_POINT('',#14086);
#3486=VERTEX_POINT('',#14088);
#3487=VERTEX_POINT('',#14090);
#3488=VERTEX_POINT('',#14103);
#3489=VERTEX_POINT('',#14109);
#3490=VERTEX_POINT('',#14117);
#3491=VERTEX_POINT('',#14119);
#3492=VERTEX_POINT('',#14132);
#3493=VERTEX_POINT('',#14138);
#3494=VERTEX_POINT('',#14155);
#3495=VERTEX_POINT('',#14161);
#3496=VERTEX_POINT('',#14178);
#3497=VERTEX_POINT('',#14184);
#3498=VERTEX_POINT('',#14192);
#3499=VERTEX_POINT('',#14194);
#3500=VERTEX_POINT('',#14198);
#3501=VERTEX_POINT('',#14200);
#3502=VERTEX_POINT('',#14204);
#3503=VERTEX_POINT('',#14206);
#3504=VERTEX_POINT('',#14214);
#3505=VERTEX_POINT('',#14215);
#3506=VERTEX_POINT('',#14217);
#3507=VERTEX_POINT('',#14219);
#3508=VERTEX_POINT('',#14223);
#3509=VERTEX_POINT('',#14225);
#3510=VERTEX_POINT('',#14229);
#3511=VERTEX_POINT('',#14231);
#3512=VERTEX_POINT('',#14235);
#3513=VERTEX_POINT('',#14237);
#3514=VERTEX_POINT('',#14241);
#3515=VERTEX_POINT('',#14243);
#3516=VERTEX_POINT('',#14256);
#3517=VERTEX_POINT('',#14262);
#3518=VERTEX_POINT('',#14279);
#3519=VERTEX_POINT('',#14285);
#3520=VERTEX_POINT('',#14297);
#3521=VERTEX_POINT('',#14298);
#3522=VERTEX_POINT('',#14300);
#3523=VERTEX_POINT('',#14302);
#3524=VERTEX_POINT('',#14306);
#3525=VERTEX_POINT('',#14308);
#3526=VERTEX_POINT('',#14312);
#3527=VERTEX_POINT('',#14314);
#3528=VERTEX_POINT('',#14321);
#3529=VERTEX_POINT('',#14324);
#3530=VERTEX_POINT('',#14328);
#3531=VERTEX_POINT('',#14329);
#3532=VERTEX_POINT('',#14331);
#3533=VERTEX_POINT('',#14333);
#3534=VERTEX_POINT('',#14337);
#3535=VERTEX_POINT('',#14339);
#3536=VERTEX_POINT('',#14343);
#3537=VERTEX_POINT('',#14345);
#3538=VERTEX_POINT('',#14349);
#3539=VERTEX_POINT('',#14351);
#3540=VERTEX_POINT('',#14355);
#3541=VERTEX_POINT('',#14357);
#3542=VERTEX_POINT('',#14361);
#3543=VERTEX_POINT('',#14363);
#3544=VERTEX_POINT('',#14367);
#3545=VERTEX_POINT('',#14369);
#3546=VERTEX_POINT('',#14376);
#3547=VERTEX_POINT('',#14377);
#3548=VERTEX_POINT('',#14379);
#3549=VERTEX_POINT('',#14381);
#3550=VERTEX_POINT('',#14385);
#3551=VERTEX_POINT('',#14387);
#3552=VERTEX_POINT('',#14391);
#3553=VERTEX_POINT('',#14393);
#3554=VERTEX_POINT('',#14397);
#3555=VERTEX_POINT('',#14399);
#3556=VERTEX_POINT('',#14403);
#3557=VERTEX_POINT('',#14405);
#3558=VERTEX_POINT('',#14409);
#3559=VERTEX_POINT('',#14411);
#3560=VERTEX_POINT('',#14415);
#3561=VERTEX_POINT('',#14417);
#3562=VERTEX_POINT('',#14424);
#3563=VERTEX_POINT('',#14425);
#3564=VERTEX_POINT('',#14427);
#3565=VERTEX_POINT('',#14429);
#3566=VERTEX_POINT('',#14433);
#3567=VERTEX_POINT('',#14435);
#3568=VERTEX_POINT('',#14439);
#3569=VERTEX_POINT('',#14441);
#3570=VERTEX_POINT('',#14445);
#3571=VERTEX_POINT('',#14447);
#3572=VERTEX_POINT('',#14451);
#3573=VERTEX_POINT('',#14453);
#3574=VERTEX_POINT('',#14457);
#3575=VERTEX_POINT('',#14459);
#3576=VERTEX_POINT('',#14463);
#3577=VERTEX_POINT('',#14465);
#3578=VERTEX_POINT('',#14472);
#3579=VERTEX_POINT('',#14473);
#3580=VERTEX_POINT('',#14475);
#3581=VERTEX_POINT('',#14477);
#3582=VERTEX_POINT('',#14481);
#3583=VERTEX_POINT('',#14482);
#3584=VERTEX_POINT('',#14484);
#3585=VERTEX_POINT('',#14491);
#3586=VERTEX_POINT('',#14493);
#3587=VERTEX_POINT('',#14497);
#3588=VERTEX_POINT('',#14501);
#3589=VERTEX_POINT('',#14504);
#3590=VERTEX_POINT('',#14505);
#3591=VERTEX_POINT('',#14507);
#3592=VERTEX_POINT('',#14509);
#3593=VERTEX_POINT('',#14513);
#3594=VERTEX_POINT('',#14515);
#3595=VERTEX_POINT('',#14517);
#3596=VERTEX_POINT('',#14521);
#3597=VERTEX_POINT('',#14525);
#3598=VERTEX_POINT('',#14526);
#3599=VERTEX_POINT('',#14528);
#3600=VERTEX_POINT('',#14530);
#3601=VERTEX_POINT('',#14534);
#3602=VERTEX_POINT('',#14536);
#3603=VERTEX_POINT('',#14538);
#3604=VERTEX_POINT('',#14540);
#3605=VERTEX_POINT('',#14542);
#3606=VERTEX_POINT('',#14544);
#3607=VERTEX_POINT('',#14548);
#3608=VERTEX_POINT('',#14552);
#3609=VERTEX_POINT('',#14553);
#3610=VERTEX_POINT('',#14558);
#3611=VERTEX_POINT('',#14562);
#3612=VERTEX_POINT('',#14566);
#3613=VERTEX_POINT('',#14572);
#3614=VERTEX_POINT('',#14574);
#3615=VERTEX_POINT('',#14576);
#3616=VERTEX_POINT('',#14578);
#3617=VERTEX_POINT('',#14584);
#3618=VERTEX_POINT('',#14590);
#3619=VERTEX_POINT('',#14592);
#3620=VERTEX_POINT('',#14596);
#3621=VERTEX_POINT('',#14598);
#3622=VERTEX_POINT('',#14605);
#3623=VERTEX_POINT('',#14606);
#3624=VERTEX_POINT('',#14608);
#3625=VERTEX_POINT('',#14610);
#3626=EDGE_CURVE('',#2884,#2885,#1536,.T.);
#3627=EDGE_CURVE('',#2884,#2886,#1537,.T.);
#3628=EDGE_CURVE('',#2887,#2886,#1538,.T.);
#3629=EDGE_CURVE('',#2885,#2887,#1539,.T.);
#3630=EDGE_CURVE('',#2885,#2888,#1540,.T.);
#3631=EDGE_CURVE('',#2889,#2887,#1541,.T.);
#3632=EDGE_CURVE('',#2888,#2889,#1542,.T.);
#3633=EDGE_CURVE('',#2888,#2890,#1543,.T.);
#3634=EDGE_CURVE('',#2891,#2889,#1544,.T.);
#3635=EDGE_CURVE('',#2890,#2891,#1545,.T.);
#3636=EDGE_CURVE('',#2890,#2892,#1546,.T.);
#3637=EDGE_CURVE('',#2893,#2891,#1547,.T.);
#3638=EDGE_CURVE('',#2892,#2893,#1548,.T.);
#3639=EDGE_CURVE('',#2892,#2894,#1549,.T.);
#3640=EDGE_CURVE('',#2895,#2893,#1550,.T.);
#3641=EDGE_CURVE('',#2894,#2895,#1551,.T.);
#3642=EDGE_CURVE('',#2894,#2896,#1552,.T.);
#3643=EDGE_CURVE('',#2897,#2895,#1553,.T.);
#3644=EDGE_CURVE('',#2896,#2897,#1554,.T.);
#3645=EDGE_CURVE('',#2896,#2898,#1555,.T.);
#3646=EDGE_CURVE('',#2899,#2897,#1556,.T.);
#3647=EDGE_CURVE('',#2898,#2899,#1557,.T.);
#3648=EDGE_CURVE('',#2898,#2900,#1558,.T.);
#3649=EDGE_CURVE('',#2901,#2899,#1559,.T.);
#3650=EDGE_CURVE('',#2900,#2901,#1560,.T.);
#3651=EDGE_CURVE('',#2900,#2902,#1561,.T.);
#3652=EDGE_CURVE('',#2903,#2901,#1562,.T.);
#3653=EDGE_CURVE('',#2902,#2903,#1563,.T.);
#3654=EDGE_CURVE('',#2902,#2904,#1564,.T.);
#3655=EDGE_CURVE('',#2905,#2903,#1565,.T.);
#3656=EDGE_CURVE('',#2904,#2905,#1566,.T.);
#3657=EDGE_CURVE('',#2904,#2906,#1567,.T.);
#3658=EDGE_CURVE('',#2907,#2905,#1568,.T.);
#3659=EDGE_CURVE('',#2906,#2907,#1569,.T.);
#3660=EDGE_CURVE('',#2906,#2884,#1570,.T.);
#3661=EDGE_CURVE('',#2886,#2907,#1571,.T.);
#3662=EDGE_CURVE('',#2908,#2909,#1572,.T.);
#3663=EDGE_CURVE('',#2908,#2910,#1573,.T.);
#3664=EDGE_CURVE('',#2911,#2910,#1574,.T.);
#3665=EDGE_CURVE('',#2909,#2911,#1575,.T.);
#3666=EDGE_CURVE('',#2909,#2912,#105,.T.);
#3667=EDGE_CURVE('',#2913,#2911,#106,.T.);
#3668=EDGE_CURVE('',#2912,#2913,#1576,.T.);
#3669=EDGE_CURVE('',#2912,#2914,#107,.T.);
#3670=EDGE_CURVE('',#2915,#2913,#108,.T.);
#3671=EDGE_CURVE('',#2914,#2915,#1577,.T.);
#3672=EDGE_CURVE('',#2914,#2916,#109,.T.);
#3673=EDGE_CURVE('',#2917,#2915,#110,.T.);
#3674=EDGE_CURVE('',#2916,#2917,#1578,.T.);
#3675=EDGE_CURVE('',#2916,#2918,#111,.T.);
#3676=EDGE_CURVE('',#2919,#2917,#112,.T.);
#3677=EDGE_CURVE('',#2918,#2919,#1579,.T.);
#3678=EDGE_CURVE('',#2918,#2920,#1580,.T.);
#3679=EDGE_CURVE('',#2921,#2919,#1581,.T.);
#3680=EDGE_CURVE('',#2920,#2921,#1582,.T.);
#3681=EDGE_CURVE('',#2920,#2908,#1583,.T.);
#3682=EDGE_CURVE('',#2910,#2921,#1584,.T.);
#3683=EDGE_CURVE('',#2922,#2923,#1585,.T.);
#3684=EDGE_CURVE('',#2922,#2924,#1586,.T.);
#3685=EDGE_CURVE('',#2925,#2924,#1587,.T.);
#3686=EDGE_CURVE('',#2923,#2925,#1588,.T.);
#3687=EDGE_CURVE('',#2923,#2926,#1589,.T.);
#3688=EDGE_CURVE('',#2927,#2925,#1590,.T.);
#3689=EDGE_CURVE('',#2926,#2927,#1591,.T.);
#3690=EDGE_CURVE('',#2926,#2928,#113,.T.);
#3691=EDGE_CURVE('',#2929,#2927,#114,.T.);
#3692=EDGE_CURVE('',#2928,#2929,#1592,.T.);
#3693=EDGE_CURVE('',#2928,#2930,#115,.T.);
#3694=EDGE_CURVE('',#2931,#2929,#116,.T.);
#3695=EDGE_CURVE('',#2930,#2931,#1593,.T.);
#3696=EDGE_CURVE('',#2930,#2932,#117,.T.);
#3697=EDGE_CURVE('',#2933,#2931,#118,.T.);
#3698=EDGE_CURVE('',#2932,#2933,#1594,.T.);
#3699=EDGE_CURVE('',#2932,#2934,#119,.T.);
#3700=EDGE_CURVE('',#2935,#2933,#120,.T.);
#3701=EDGE_CURVE('',#2934,#2935,#1595,.T.);
#3702=EDGE_CURVE('',#2934,#2936,#1596,.T.);
#3703=EDGE_CURVE('',#2937,#2935,#1597,.T.);
#3704=EDGE_CURVE('',#2936,#2937,#1598,.T.);
#3705=EDGE_CURVE('',#2936,#2938,#1599,.T.);
#3706=EDGE_CURVE('',#2939,#2937,#1600,.T.);
#3707=EDGE_CURVE('',#2938,#2939,#1601,.T.);
#3708=EDGE_CURVE('',#2938,#2940,#1602,.T.);
#3709=EDGE_CURVE('',#2941,#2939,#1603,.T.);
#3710=EDGE_CURVE('',#2940,#2941,#1604,.T.);
#3711=EDGE_CURVE('',#2940,#2942,#121,.T.);
#3712=EDGE_CURVE('',#2943,#2941,#122,.T.);
#3713=EDGE_CURVE('',#2942,#2943,#1605,.T.);
#3714=EDGE_CURVE('',#2942,#2944,#123,.T.);
#3715=EDGE_CURVE('',#2945,#2943,#124,.T.);
#3716=EDGE_CURVE('',#2944,#2945,#1606,.T.);
#3717=EDGE_CURVE('',#2944,#2946,#125,.T.);
#3718=EDGE_CURVE('',#2947,#2945,#126,.T.);
#3719=EDGE_CURVE('',#2946,#2947,#1607,.T.);
#3720=EDGE_CURVE('',#2946,#2948,#127,.T.);
#3721=EDGE_CURVE('',#2949,#2947,#128,.T.);
#3722=EDGE_CURVE('',#2948,#2949,#1608,.T.);
#3723=EDGE_CURVE('',#2948,#2950,#129,.T.);
#3724=EDGE_CURVE('',#2951,#2949,#130,.T.);
#3725=EDGE_CURVE('',#2950,#2951,#1609,.T.);
#3726=EDGE_CURVE('',#2950,#2952,#131,.T.);
#3727=EDGE_CURVE('',#2953,#2951,#132,.T.);
#3728=EDGE_CURVE('',#2952,#2953,#1610,.T.);
#3729=EDGE_CURVE('',#2952,#2954,#133,.T.);
#3730=EDGE_CURVE('',#2955,#2953,#134,.T.);
#3731=EDGE_CURVE('',#2954,#2955,#1611,.T.);
#3732=EDGE_CURVE('',#2954,#2956,#135,.T.);
#3733=EDGE_CURVE('',#2957,#2955,#136,.T.);
#3734=EDGE_CURVE('',#2956,#2957,#1612,.T.);
#3735=EDGE_CURVE('',#2956,#2958,#1613,.T.);
#3736=EDGE_CURVE('',#2959,#2957,#1614,.T.);
#3737=EDGE_CURVE('',#2958,#2959,#1615,.T.);
#3738=EDGE_CURVE('',#2958,#2960,#137,.T.);
#3739=EDGE_CURVE('',#2961,#2959,#138,.T.);
#3740=EDGE_CURVE('',#2960,#2961,#1616,.T.);
#3741=EDGE_CURVE('',#2960,#2962,#139,.T.);
#3742=EDGE_CURVE('',#2963,#2961,#140,.T.);
#3743=EDGE_CURVE('',#2962,#2963,#1617,.T.);
#3744=EDGE_CURVE('',#2962,#2964,#141,.T.);
#3745=EDGE_CURVE('',#2965,#2963,#142,.T.);
#3746=EDGE_CURVE('',#2964,#2965,#1618,.T.);
#3747=EDGE_CURVE('',#2964,#2966,#143,.T.);
#3748=EDGE_CURVE('',#2967,#2965,#144,.T.);
#3749=EDGE_CURVE('',#2966,#2967,#1619,.T.);
#3750=EDGE_CURVE('',#2966,#2968,#145,.T.);
#3751=EDGE_CURVE('',#2969,#2967,#146,.T.);
#3752=EDGE_CURVE('',#2968,#2969,#1620,.T.);
#3753=EDGE_CURVE('',#2968,#2970,#147,.T.);
#3754=EDGE_CURVE('',#2971,#2969,#148,.T.);
#3755=EDGE_CURVE('',#2970,#2971,#1621,.T.);
#3756=EDGE_CURVE('',#2970,#2922,#1622,.T.);
#3757=EDGE_CURVE('',#2924,#2971,#1623,.T.);
#3758=EDGE_CURVE('',#2972,#2973,#1624,.T.);
#3759=EDGE_CURVE('',#2972,#2974,#1625,.T.);
#3760=EDGE_CURVE('',#2975,#2974,#1626,.T.);
#3761=EDGE_CURVE('',#2973,#2975,#1627,.T.);
#3762=EDGE_CURVE('',#2973,#2976,#149,.T.);
#3763=EDGE_CURVE('',#2977,#2975,#150,.T.);
#3764=EDGE_CURVE('',#2976,#2977,#1628,.T.);
#3765=EDGE_CURVE('',#2976,#2978,#151,.T.);
#3766=EDGE_CURVE('',#2979,#2977,#152,.T.);
#3767=EDGE_CURVE('',#2978,#2979,#1629,.T.);
#3768=EDGE_CURVE('',#2978,#2980,#153,.T.);
#3769=EDGE_CURVE('',#2981,#2979,#154,.T.);
#3770=EDGE_CURVE('',#2980,#2981,#1630,.T.);
#3771=EDGE_CURVE('',#2980,#2982,#155,.T.);
#3772=EDGE_CURVE('',#2983,#2981,#156,.T.);
#3773=EDGE_CURVE('',#2982,#2983,#1631,.T.);
#3774=EDGE_CURVE('',#2982,#2984,#1632,.T.);
#3775=EDGE_CURVE('',#2985,#2983,#1633,.T.);
#3776=EDGE_CURVE('',#2984,#2985,#1634,.T.);
#3777=EDGE_CURVE('',#2984,#2972,#1635,.T.);
#3778=EDGE_CURVE('',#2974,#2985,#1636,.T.);
#3779=EDGE_CURVE('',#2986,#2987,#1637,.T.);
#3780=EDGE_CURVE('',#2986,#2988,#1638,.T.);
#3781=EDGE_CURVE('',#2989,#2988,#1639,.T.);
#3782=EDGE_CURVE('',#2987,#2989,#1640,.T.);
#3783=EDGE_CURVE('',#2987,#2990,#1641,.T.);
#3784=EDGE_CURVE('',#2991,#2989,#1642,.T.);
#3785=EDGE_CURVE('',#2990,#2991,#1643,.T.);
#3786=EDGE_CURVE('',#2990,#2992,#157,.T.);
#3787=EDGE_CURVE('',#2993,#2991,#158,.T.);
#3788=EDGE_CURVE('',#2992,#2993,#1644,.T.);
#3789=EDGE_CURVE('',#2992,#2994,#159,.T.);
#3790=EDGE_CURVE('',#2995,#2993,#160,.T.);
#3791=EDGE_CURVE('',#2994,#2995,#1645,.T.);
#3792=EDGE_CURVE('',#2994,#2996,#161,.T.);
#3793=EDGE_CURVE('',#2997,#2995,#162,.T.);
#3794=EDGE_CURVE('',#2996,#2997,#1646,.T.);
#3795=EDGE_CURVE('',#2996,#2998,#163,.T.);
#3796=EDGE_CURVE('',#2999,#2997,#164,.T.);
#3797=EDGE_CURVE('',#2998,#2999,#1647,.T.);
#3798=EDGE_CURVE('',#2998,#3000,#1648,.T.);
#3799=EDGE_CURVE('',#3001,#2999,#1649,.T.);
#3800=EDGE_CURVE('',#3000,#3001,#1650,.T.);
#3801=EDGE_CURVE('',#3000,#3002,#1651,.T.);
#3802=EDGE_CURVE('',#3003,#3001,#1652,.T.);
#3803=EDGE_CURVE('',#3002,#3003,#1653,.T.);
#3804=EDGE_CURVE('',#3002,#3004,#1654,.T.);
#3805=EDGE_CURVE('',#3005,#3003,#1655,.T.);
#3806=EDGE_CURVE('',#3004,#3005,#1656,.T.);
#3807=EDGE_CURVE('',#3004,#3006,#165,.T.);
#3808=EDGE_CURVE('',#3007,#3005,#166,.T.);
#3809=EDGE_CURVE('',#3006,#3007,#1657,.T.);
#3810=EDGE_CURVE('',#3006,#3008,#167,.T.);
#3811=EDGE_CURVE('',#3009,#3007,#168,.T.);
#3812=EDGE_CURVE('',#3008,#3009,#1658,.T.);
#3813=EDGE_CURVE('',#3008,#3010,#169,.T.);
#3814=EDGE_CURVE('',#3011,#3009,#170,.T.);
#3815=EDGE_CURVE('',#3010,#3011,#1659,.T.);
#3816=EDGE_CURVE('',#3010,#3012,#171,.T.);
#3817=EDGE_CURVE('',#3013,#3011,#172,.T.);
#3818=EDGE_CURVE('',#3012,#3013,#1660,.T.);
#3819=EDGE_CURVE('',#3012,#3014,#173,.T.);
#3820=EDGE_CURVE('',#3015,#3013,#174,.T.);
#3821=EDGE_CURVE('',#3014,#3015,#1661,.T.);
#3822=EDGE_CURVE('',#3014,#3016,#175,.T.);
#3823=EDGE_CURVE('',#3017,#3015,#176,.T.);
#3824=EDGE_CURVE('',#3016,#3017,#1662,.T.);
#3825=EDGE_CURVE('',#3016,#3018,#177,.T.);
#3826=EDGE_CURVE('',#3019,#3017,#178,.T.);
#3827=EDGE_CURVE('',#3018,#3019,#1663,.T.);
#3828=EDGE_CURVE('',#3018,#3020,#179,.T.);
#3829=EDGE_CURVE('',#3021,#3019,#180,.T.);
#3830=EDGE_CURVE('',#3020,#3021,#1664,.T.);
#3831=EDGE_CURVE('',#3020,#3022,#1665,.T.);
#3832=EDGE_CURVE('',#3023,#3021,#1666,.T.);
#3833=EDGE_CURVE('',#3022,#3023,#1667,.T.);
#3834=EDGE_CURVE('',#3022,#3024,#181,.T.);
#3835=EDGE_CURVE('',#3025,#3023,#182,.T.);
#3836=EDGE_CURVE('',#3024,#3025,#1668,.T.);
#3837=EDGE_CURVE('',#3024,#3026,#183,.T.);
#3838=EDGE_CURVE('',#3027,#3025,#184,.T.);
#3839=EDGE_CURVE('',#3026,#3027,#1669,.T.);
#3840=EDGE_CURVE('',#3026,#3028,#185,.T.);
#3841=EDGE_CURVE('',#3029,#3027,#186,.T.);
#3842=EDGE_CURVE('',#3028,#3029,#1670,.T.);
#3843=EDGE_CURVE('',#3028,#3030,#187,.T.);
#3844=EDGE_CURVE('',#3031,#3029,#188,.T.);
#3845=EDGE_CURVE('',#3030,#3031,#1671,.T.);
#3846=EDGE_CURVE('',#3030,#3032,#189,.T.);
#3847=EDGE_CURVE('',#3033,#3031,#190,.T.);
#3848=EDGE_CURVE('',#3032,#3033,#1672,.T.);
#3849=EDGE_CURVE('',#3032,#3034,#191,.T.);
#3850=EDGE_CURVE('',#3035,#3033,#192,.T.);
#3851=EDGE_CURVE('',#3034,#3035,#1673,.T.);
#3852=EDGE_CURVE('',#3034,#2986,#1674,.T.);
#3853=EDGE_CURVE('',#2988,#3035,#1675,.T.);
#3854=EDGE_CURVE('',#3036,#3037,#1676,.T.);
#3855=EDGE_CURVE('',#3036,#3038,#1677,.T.);
#3856=EDGE_CURVE('',#3039,#3038,#1678,.T.);
#3857=EDGE_CURVE('',#3037,#3039,#1679,.T.);
#3858=EDGE_CURVE('',#3037,#3040,#1680,.T.);
#3859=EDGE_CURVE('',#3041,#3039,#1681,.T.);
#3860=EDGE_CURVE('',#3040,#3041,#1682,.T.);
#3861=EDGE_CURVE('',#3040,#3042,#1683,.T.);
#3862=EDGE_CURVE('',#3043,#3041,#1684,.T.);
#3863=EDGE_CURVE('',#3042,#3043,#1685,.T.);
#3864=EDGE_CURVE('',#3042,#3044,#1686,.T.);
#3865=EDGE_CURVE('',#3045,#3043,#1687,.T.);
#3866=EDGE_CURVE('',#3044,#3045,#1688,.T.);
#3867=EDGE_CURVE('',#3044,#3046,#1689,.T.);
#3868=EDGE_CURVE('',#3047,#3045,#1690,.T.);
#3869=EDGE_CURVE('',#3046,#3047,#1691,.T.);
#3870=EDGE_CURVE('',#3046,#3048,#193,.T.);
#3871=EDGE_CURVE('',#3049,#3047,#194,.T.);
#3872=EDGE_CURVE('',#3048,#3049,#1692,.T.);
#3873=EDGE_CURVE('',#3048,#3050,#195,.T.);
#3874=EDGE_CURVE('',#3051,#3049,#196,.T.);
#3875=EDGE_CURVE('',#3050,#3051,#1693,.T.);
#3876=EDGE_CURVE('',#3050,#3052,#1694,.T.);
#3877=EDGE_CURVE('',#3053,#3051,#1695,.T.);
#3878=EDGE_CURVE('',#3052,#3053,#1696,.T.);
#3879=EDGE_CURVE('',#3052,#3054,#1697,.T.);
#3880=EDGE_CURVE('',#3055,#3053,#1698,.T.);
#3881=EDGE_CURVE('',#3054,#3055,#1699,.T.);
#3882=EDGE_CURVE('',#3054,#3056,#197,.T.);
#3883=EDGE_CURVE('',#3057,#3055,#198,.T.);
#3884=EDGE_CURVE('',#3056,#3057,#1700,.T.);
#3885=EDGE_CURVE('',#3056,#3058,#199,.T.);
#3886=EDGE_CURVE('',#3059,#3057,#200,.T.);
#3887=EDGE_CURVE('',#3058,#3059,#1701,.T.);
#3888=EDGE_CURVE('',#3058,#3060,#201,.T.);
#3889=EDGE_CURVE('',#3061,#3059,#202,.T.);
#3890=EDGE_CURVE('',#3060,#3061,#1702,.T.);
#3891=EDGE_CURVE('',#3060,#3062,#203,.T.);
#3892=EDGE_CURVE('',#3063,#3061,#204,.T.);
#3893=EDGE_CURVE('',#3062,#3063,#1703,.T.);
#3894=EDGE_CURVE('',#3062,#3064,#1704,.T.);
#3895=EDGE_CURVE('',#3065,#3063,#1705,.T.);
#3896=EDGE_CURVE('',#3064,#3065,#1706,.T.);
#3897=EDGE_CURVE('',#3064,#3066,#1707,.T.);
#3898=EDGE_CURVE('',#3067,#3065,#1708,.T.);
#3899=EDGE_CURVE('',#3066,#3067,#1709,.T.);
#3900=EDGE_CURVE('',#3066,#3068,#1710,.T.);
#3901=EDGE_CURVE('',#3069,#3067,#1711,.T.);
#3902=EDGE_CURVE('',#3068,#3069,#1712,.T.);
#3903=EDGE_CURVE('',#3068,#3070,#1713,.T.);
#3904=EDGE_CURVE('',#3071,#3069,#1714,.T.);
#3905=EDGE_CURVE('',#3070,#3071,#1715,.T.);
#3906=EDGE_CURVE('',#3070,#3072,#1716,.T.);
#3907=EDGE_CURVE('',#3073,#3071,#1717,.T.);
#3908=EDGE_CURVE('',#3072,#3073,#1718,.T.);
#3909=EDGE_CURVE('',#3072,#3036,#1719,.T.);
#3910=EDGE_CURVE('',#3038,#3073,#1720,.T.);
#3911=EDGE_CURVE('',#3074,#3075,#1721,.T.);
#3912=EDGE_CURVE('',#3074,#3076,#1722,.T.);
#3913=EDGE_CURVE('',#3077,#3076,#1723,.T.);
#3914=EDGE_CURVE('',#3075,#3077,#1724,.T.);
#3915=EDGE_CURVE('',#3075,#3078,#1725,.T.);
#3916=EDGE_CURVE('',#3079,#3077,#1726,.T.);
#3917=EDGE_CURVE('',#3078,#3079,#1727,.T.);
#3918=EDGE_CURVE('',#3078,#3080,#205,.T.);
#3919=EDGE_CURVE('',#3081,#3079,#206,.T.);
#3920=EDGE_CURVE('',#3080,#3081,#1728,.T.);
#3921=EDGE_CURVE('',#3080,#3082,#207,.T.);
#3922=EDGE_CURVE('',#3083,#3081,#208,.T.);
#3923=EDGE_CURVE('',#3082,#3083,#1729,.T.);
#3924=EDGE_CURVE('',#3082,#3084,#209,.T.);
#3925=EDGE_CURVE('',#3085,#3083,#210,.T.);
#3926=EDGE_CURVE('',#3084,#3085,#1730,.T.);
#3927=EDGE_CURVE('',#3084,#3086,#211,.T.);
#3928=EDGE_CURVE('',#3087,#3085,#212,.T.);
#3929=EDGE_CURVE('',#3086,#3087,#1731,.T.);
#3930=EDGE_CURVE('',#3086,#3088,#213,.T.);
#3931=EDGE_CURVE('',#3089,#3087,#214,.T.);
#3932=EDGE_CURVE('',#3088,#3089,#1732,.T.);
#3933=EDGE_CURVE('',#3088,#3090,#215,.T.);
#3934=EDGE_CURVE('',#3091,#3089,#216,.T.);
#3935=EDGE_CURVE('',#3090,#3091,#1733,.T.);
#3936=EDGE_CURVE('',#3090,#3092,#217,.T.);
#3937=EDGE_CURVE('',#3093,#3091,#218,.T.);
#3938=EDGE_CURVE('',#3092,#3093,#1734,.T.);
#3939=EDGE_CURVE('',#3092,#3094,#219,.T.);
#3940=EDGE_CURVE('',#3095,#3093,#220,.T.);
#3941=EDGE_CURVE('',#3094,#3095,#1735,.T.);
#3942=EDGE_CURVE('',#3094,#3096,#221,.T.);
#3943=EDGE_CURVE('',#3097,#3095,#222,.T.);
#3944=EDGE_CURVE('',#3096,#3097,#1736,.T.);
#3945=EDGE_CURVE('',#3096,#3098,#223,.T.);
#3946=EDGE_CURVE('',#3099,#3097,#224,.T.);
#3947=EDGE_CURVE('',#3098,#3099,#1737,.T.);
#3948=EDGE_CURVE('',#3098,#3100,#225,.T.);
#3949=EDGE_CURVE('',#3101,#3099,#226,.T.);
#3950=EDGE_CURVE('',#3100,#3101,#1738,.T.);
#3951=EDGE_CURVE('',#3100,#3102,#227,.T.);
#3952=EDGE_CURVE('',#3103,#3101,#228,.T.);
#3953=EDGE_CURVE('',#3102,#3103,#1739,.T.);
#3954=EDGE_CURVE('',#3102,#3104,#229,.T.);
#3955=EDGE_CURVE('',#3105,#3103,#230,.T.);
#3956=EDGE_CURVE('',#3104,#3105,#1740,.T.);
#3957=EDGE_CURVE('',#3104,#3106,#231,.T.);
#3958=EDGE_CURVE('',#3107,#3105,#232,.T.);
#3959=EDGE_CURVE('',#3106,#3107,#1741,.T.);
#3960=EDGE_CURVE('',#3106,#3108,#1742,.T.);
#3961=EDGE_CURVE('',#3109,#3107,#1743,.T.);
#3962=EDGE_CURVE('',#3108,#3109,#1744,.T.);
#3963=EDGE_CURVE('',#3108,#3110,#1745,.T.);
#3964=EDGE_CURVE('',#3111,#3109,#1746,.T.);
#3965=EDGE_CURVE('',#3110,#3111,#1747,.T.);
#3966=EDGE_CURVE('',#3110,#3112,#1748,.T.);
#3967=EDGE_CURVE('',#3113,#3111,#1749,.T.);
#3968=EDGE_CURVE('',#3112,#3113,#1750,.T.);
#3969=EDGE_CURVE('',#3112,#3114,#233,.T.);
#3970=EDGE_CURVE('',#3115,#3113,#234,.T.);
#3971=EDGE_CURVE('',#3114,#3115,#1751,.T.);
#3972=EDGE_CURVE('',#3114,#3116,#235,.T.);
#3973=EDGE_CURVE('',#3117,#3115,#236,.T.);
#3974=EDGE_CURVE('',#3116,#3117,#1752,.T.);
#3975=EDGE_CURVE('',#3116,#3118,#237,.T.);
#3976=EDGE_CURVE('',#3119,#3117,#238,.T.);
#3977=EDGE_CURVE('',#3118,#3119,#1753,.T.);
#3978=EDGE_CURVE('',#3118,#3120,#239,.T.);
#3979=EDGE_CURVE('',#3121,#3119,#240,.T.);
#3980=EDGE_CURVE('',#3120,#3121,#1754,.T.);
#3981=EDGE_CURVE('',#3120,#3122,#241,.T.);
#3982=EDGE_CURVE('',#3123,#3121,#242,.T.);
#3983=EDGE_CURVE('',#3122,#3123,#1755,.T.);
#3984=EDGE_CURVE('',#3122,#3124,#243,.T.);
#3985=EDGE_CURVE('',#3125,#3123,#244,.T.);
#3986=EDGE_CURVE('',#3124,#3125,#1756,.T.);
#3987=EDGE_CURVE('',#3124,#3126,#245,.T.);
#3988=EDGE_CURVE('',#3127,#3125,#246,.T.);
#3989=EDGE_CURVE('',#3126,#3127,#1757,.T.);
#3990=EDGE_CURVE('',#3126,#3128,#247,.T.);
#3991=EDGE_CURVE('',#3129,#3127,#248,.T.);
#3992=EDGE_CURVE('',#3128,#3129,#1758,.T.);
#3993=EDGE_CURVE('',#3128,#3130,#249,.T.);
#3994=EDGE_CURVE('',#3131,#3129,#250,.T.);
#3995=EDGE_CURVE('',#3130,#3131,#1759,.T.);
#3996=EDGE_CURVE('',#3130,#3132,#251,.T.);
#3997=EDGE_CURVE('',#3133,#3131,#252,.T.);
#3998=EDGE_CURVE('',#3132,#3133,#1760,.T.);
#3999=EDGE_CURVE('',#3132,#3134,#253,.T.);
#4000=EDGE_CURVE('',#3135,#3133,#254,.T.);
#4001=EDGE_CURVE('',#3134,#3135,#1761,.T.);
#4002=EDGE_CURVE('',#3134,#3136,#255,.T.);
#4003=EDGE_CURVE('',#3137,#3135,#256,.T.);
#4004=EDGE_CURVE('',#3136,#3137,#1762,.T.);
#4005=EDGE_CURVE('',#3136,#3138,#257,.T.);
#4006=EDGE_CURVE('',#3139,#3137,#258,.T.);
#4007=EDGE_CURVE('',#3138,#3139,#1763,.T.);
#4008=EDGE_CURVE('',#3138,#3140,#259,.T.);
#4009=EDGE_CURVE('',#3141,#3139,#260,.T.);
#4010=EDGE_CURVE('',#3140,#3141,#1764,.T.);
#4011=EDGE_CURVE('',#3140,#3142,#261,.T.);
#4012=EDGE_CURVE('',#3143,#3141,#262,.T.);
#4013=EDGE_CURVE('',#3142,#3143,#1765,.T.);
#4014=EDGE_CURVE('',#3142,#3074,#1766,.T.);
#4015=EDGE_CURVE('',#3076,#3143,#1767,.T.);
#4016=EDGE_CURVE('',#3144,#3145,#1768,.T.);
#4017=EDGE_CURVE('',#3144,#3146,#1769,.T.);
#4018=EDGE_CURVE('',#3147,#3146,#1770,.T.);
#4019=EDGE_CURVE('',#3145,#3147,#1771,.T.);
#4020=EDGE_CURVE('',#3145,#3148,#1772,.T.);
#4021=EDGE_CURVE('',#3149,#3147,#1773,.T.);
#4022=EDGE_CURVE('',#3148,#3149,#1774,.T.);
#4023=EDGE_CURVE('',#3148,#3150,#1775,.T.);
#4024=EDGE_CURVE('',#3151,#3149,#1776,.T.);
#4025=EDGE_CURVE('',#3150,#3151,#1777,.T.);
#4026=EDGE_CURVE('',#3150,#3152,#263,.T.);
#4027=EDGE_CURVE('',#3153,#3151,#264,.T.);
#4028=EDGE_CURVE('',#3152,#3153,#1778,.T.);
#4029=EDGE_CURVE('',#3152,#3154,#265,.T.);
#4030=EDGE_CURVE('',#3155,#3153,#266,.T.);
#4031=EDGE_CURVE('',#3154,#3155,#1779,.T.);
#4032=EDGE_CURVE('',#3154,#3156,#267,.T.);
#4033=EDGE_CURVE('',#3157,#3155,#268,.T.);
#4034=EDGE_CURVE('',#3156,#3157,#1780,.T.);
#4035=EDGE_CURVE('',#3156,#3158,#269,.T.);
#4036=EDGE_CURVE('',#3159,#3157,#270,.T.);
#4037=EDGE_CURVE('',#3158,#3159,#1781,.T.);
#4038=EDGE_CURVE('',#3158,#3160,#271,.T.);
#4039=EDGE_CURVE('',#3161,#3159,#272,.T.);
#4040=EDGE_CURVE('',#3160,#3161,#1782,.T.);
#4041=EDGE_CURVE('',#3160,#3162,#273,.T.);
#4042=EDGE_CURVE('',#3163,#3161,#274,.T.);
#4043=EDGE_CURVE('',#3162,#3163,#1783,.T.);
#4044=EDGE_CURVE('',#3162,#3164,#1784,.T.);
#4045=EDGE_CURVE('',#3165,#3163,#1785,.T.);
#4046=EDGE_CURVE('',#3164,#3165,#1786,.T.);
#4047=EDGE_CURVE('',#3164,#3166,#1787,.T.);
#4048=EDGE_CURVE('',#3167,#3165,#1788,.T.);
#4049=EDGE_CURVE('',#3166,#3167,#1789,.T.);
#4050=EDGE_CURVE('',#3166,#3168,#1790,.T.);
#4051=EDGE_CURVE('',#3169,#3167,#1791,.T.);
#4052=EDGE_CURVE('',#3168,#3169,#1792,.T.);
#4053=EDGE_CURVE('',#3168,#3170,#275,.T.);
#4054=EDGE_CURVE('',#3171,#3169,#276,.T.);
#4055=EDGE_CURVE('',#3170,#3171,#1793,.T.);
#4056=EDGE_CURVE('',#3170,#3172,#277,.T.);
#4057=EDGE_CURVE('',#3173,#3171,#278,.T.);
#4058=EDGE_CURVE('',#3172,#3173,#1794,.T.);
#4059=EDGE_CURVE('',#3172,#3174,#279,.T.);
#4060=EDGE_CURVE('',#3175,#3173,#280,.T.);
#4061=EDGE_CURVE('',#3174,#3175,#1795,.T.);
#4062=EDGE_CURVE('',#3174,#3176,#281,.T.);
#4063=EDGE_CURVE('',#3177,#3175,#282,.T.);
#4064=EDGE_CURVE('',#3176,#3177,#1796,.T.);
#4065=EDGE_CURVE('',#3176,#3178,#1797,.T.);
#4066=EDGE_CURVE('',#3179,#3177,#1798,.T.);
#4067=EDGE_CURVE('',#3178,#3179,#1799,.T.);
#4068=EDGE_CURVE('',#3178,#3144,#1800,.T.);
#4069=EDGE_CURVE('',#3146,#3179,#1801,.T.);
#4070=EDGE_CURVE('',#3180,#3181,#1802,.T.);
#4071=EDGE_CURVE('',#3180,#3182,#1803,.T.);
#4072=EDGE_CURVE('',#3183,#3182,#1804,.T.);
#4073=EDGE_CURVE('',#3181,#3183,#1805,.T.);
#4074=EDGE_CURVE('',#3181,#3184,#1806,.T.);
#4075=EDGE_CURVE('',#3185,#3183,#1807,.T.);
#4076=EDGE_CURVE('',#3184,#3185,#1808,.T.);
#4077=EDGE_CURVE('',#3184,#3186,#1809,.T.);
#4078=EDGE_CURVE('',#3187,#3185,#1810,.T.);
#4079=EDGE_CURVE('',#3186,#3187,#1811,.T.);
#4080=EDGE_CURVE('',#3186,#3180,#1812,.T.);
#4081=EDGE_CURVE('',#3182,#3187,#1813,.T.);
#4082=EDGE_CURVE('',#3188,#3189,#283,.T.);
#4083=EDGE_CURVE('',#3188,#3190,#1814,.T.);
#4084=EDGE_CURVE('',#3191,#3190,#284,.T.);
#4085=EDGE_CURVE('',#3189,#3191,#1815,.T.);
#4086=EDGE_CURVE('',#3189,#3192,#285,.T.);
#4087=EDGE_CURVE('',#3193,#3191,#286,.T.);
#4088=EDGE_CURVE('',#3192,#3193,#1816,.T.);
#4089=EDGE_CURVE('',#3192,#3194,#287,.T.);
#4090=EDGE_CURVE('',#3195,#3193,#288,.T.);
#4091=EDGE_CURVE('',#3194,#3195,#1817,.T.);
#4092=EDGE_CURVE('',#3194,#3196,#289,.T.);
#4093=EDGE_CURVE('',#3197,#3195,#290,.T.);
#4094=EDGE_CURVE('',#3196,#3197,#1818,.T.);
#4095=EDGE_CURVE('',#3196,#3198,#1819,.T.);
#4096=EDGE_CURVE('',#3199,#3197,#1820,.T.);
#4097=EDGE_CURVE('',#3198,#3199,#1821,.T.);
#4098=EDGE_CURVE('',#3198,#3200,#291,.T.);
#4099=EDGE_CURVE('',#3201,#3199,#292,.T.);
#4100=EDGE_CURVE('',#3200,#3201,#1822,.T.);
#4101=EDGE_CURVE('',#3200,#3202,#293,.T.);
#4102=EDGE_CURVE('',#3203,#3201,#294,.T.);
#4103=EDGE_CURVE('',#3202,#3203,#1823,.T.);
#4104=EDGE_CURVE('',#3202,#3204,#295,.T.);
#4105=EDGE_CURVE('',#3205,#3203,#296,.T.);
#4106=EDGE_CURVE('',#3204,#3205,#1824,.T.);
#4107=EDGE_CURVE('',#3204,#3206,#297,.T.);
#4108=EDGE_CURVE('',#3207,#3205,#298,.T.);
#4109=EDGE_CURVE('',#3206,#3207,#1825,.T.);
#4110=EDGE_CURVE('',#3206,#3188,#1826,.T.);
#4111=EDGE_CURVE('',#3190,#3207,#1827,.T.);
#4112=EDGE_CURVE('',#3208,#3209,#1828,.T.);
#4113=EDGE_CURVE('',#3208,#3210,#1829,.T.);
#4114=EDGE_CURVE('',#3211,#3210,#1830,.T.);
#4115=EDGE_CURVE('',#3209,#3211,#1831,.T.);
#4116=EDGE_CURVE('',#3209,#3212,#299,.T.);
#4117=EDGE_CURVE('',#3213,#3211,#300,.T.);
#4118=EDGE_CURVE('',#3212,#3213,#1832,.T.);
#4119=EDGE_CURVE('',#3212,#3214,#301,.T.);
#4120=EDGE_CURVE('',#3215,#3213,#302,.T.);
#4121=EDGE_CURVE('',#3214,#3215,#1833,.T.);
#4122=EDGE_CURVE('',#3214,#3216,#303,.T.);
#4123=EDGE_CURVE('',#3217,#3215,#304,.T.);
#4124=EDGE_CURVE('',#3216,#3217,#1834,.T.);
#4125=EDGE_CURVE('',#3216,#3218,#305,.T.);
#4126=EDGE_CURVE('',#3219,#3217,#306,.T.);
#4127=EDGE_CURVE('',#3218,#3219,#1835,.T.);
#4128=EDGE_CURVE('',#3218,#3220,#307,.T.);
#4129=EDGE_CURVE('',#3221,#3219,#308,.T.);
#4130=EDGE_CURVE('',#3220,#3221,#1836,.T.);
#4131=EDGE_CURVE('',#3220,#3222,#309,.T.);
#4132=EDGE_CURVE('',#3223,#3221,#310,.T.);
#4133=EDGE_CURVE('',#3222,#3223,#1837,.T.);
#4134=EDGE_CURVE('',#3222,#3224,#311,.T.);
#4135=EDGE_CURVE('',#3225,#3223,#312,.T.);
#4136=EDGE_CURVE('',#3224,#3225,#1838,.T.);
#4137=EDGE_CURVE('',#3224,#3226,#313,.T.);
#4138=EDGE_CURVE('',#3227,#3225,#314,.T.);
#4139=EDGE_CURVE('',#3226,#3227,#1839,.T.);
#4140=EDGE_CURVE('',#3226,#3228,#1840,.T.);
#4141=EDGE_CURVE('',#3229,#3227,#1841,.T.);
#4142=EDGE_CURVE('',#3228,#3229,#1842,.T.);
#4143=EDGE_CURVE('',#3228,#3230,#315,.T.);
#4144=EDGE_CURVE('',#3231,#3229,#316,.T.);
#4145=EDGE_CURVE('',#3230,#3231,#1843,.T.);
#4146=EDGE_CURVE('',#3230,#3232,#317,.T.);
#4147=EDGE_CURVE('',#3233,#3231,#318,.T.);
#4148=EDGE_CURVE('',#3232,#3233,#1844,.T.);
#4149=EDGE_CURVE('',#3232,#3234,#319,.T.);
#4150=EDGE_CURVE('',#3235,#3233,#320,.T.);
#4151=EDGE_CURVE('',#3234,#3235,#1845,.T.);
#4152=EDGE_CURVE('',#3234,#3236,#321,.T.);
#4153=EDGE_CURVE('',#3237,#3235,#322,.T.);
#4154=EDGE_CURVE('',#3236,#3237,#1846,.T.);
#4155=EDGE_CURVE('',#3236,#3238,#323,.T.);
#4156=EDGE_CURVE('',#3239,#3237,#324,.T.);
#4157=EDGE_CURVE('',#3238,#3239,#1847,.T.);
#4158=EDGE_CURVE('',#3238,#3240,#325,.T.);
#4159=EDGE_CURVE('',#3241,#3239,#326,.T.);
#4160=EDGE_CURVE('',#3240,#3241,#1848,.T.);
#4161=EDGE_CURVE('',#3240,#3208,#327,.T.);
#4162=EDGE_CURVE('',#3210,#3241,#328,.T.);
#4163=EDGE_CURVE('',#3242,#3243,#1849,.T.);
#4164=EDGE_CURVE('',#3242,#3244,#1850,.T.);
#4165=EDGE_CURVE('',#3245,#3244,#1851,.T.);
#4166=EDGE_CURVE('',#3243,#3245,#1852,.T.);
#4167=EDGE_CURVE('',#3243,#3246,#1853,.T.);
#4168=EDGE_CURVE('',#3247,#3245,#1854,.T.);
#4169=EDGE_CURVE('',#3246,#3247,#1855,.T.);
#4170=EDGE_CURVE('',#3246,#3248,#1856,.T.);
#4171=EDGE_CURVE('',#3249,#3247,#1857,.T.);
#4172=EDGE_CURVE('',#3248,#3249,#1858,.T.);
#4173=EDGE_CURVE('',#3248,#3242,#1859,.T.);
#4174=EDGE_CURVE('',#3244,#3249,#1860,.T.);
#4175=EDGE_CURVE('',#3250,#3251,#329,.T.);
#4176=EDGE_CURVE('',#3250,#3252,#1861,.T.);
#4177=EDGE_CURVE('',#3253,#3252,#330,.T.);
#4178=EDGE_CURVE('',#3251,#3253,#1862,.T.);
#4179=EDGE_CURVE('',#3251,#3254,#331,.T.);
#4180=EDGE_CURVE('',#3255,#3253,#332,.T.);
#4181=EDGE_CURVE('',#3254,#3255,#1863,.T.);
#4182=EDGE_CURVE('',#3254,#3256,#333,.T.);
#4183=EDGE_CURVE('',#3257,#3255,#334,.T.);
#4184=EDGE_CURVE('',#3256,#3257,#1864,.T.);
#4185=EDGE_CURVE('',#3256,#3258,#335,.T.);
#4186=EDGE_CURVE('',#3259,#3257,#336,.T.);
#4187=EDGE_CURVE('',#3258,#3259,#1865,.T.);
#4188=EDGE_CURVE('',#3258,#3260,#1866,.T.);
#4189=EDGE_CURVE('',#3261,#3259,#1867,.T.);
#4190=EDGE_CURVE('',#3260,#3261,#1868,.T.);
#4191=EDGE_CURVE('',#3260,#3262,#337,.T.);
#4192=EDGE_CURVE('',#3263,#3261,#338,.T.);
#4193=EDGE_CURVE('',#3262,#3263,#1869,.T.);
#4194=EDGE_CURVE('',#3262,#3264,#339,.T.);
#4195=EDGE_CURVE('',#3265,#3263,#340,.T.);
#4196=EDGE_CURVE('',#3264,#3265,#1870,.T.);
#4197=EDGE_CURVE('',#3264,#3266,#341,.T.);
#4198=EDGE_CURVE('',#3267,#3265,#342,.T.);
#4199=EDGE_CURVE('',#3266,#3267,#1871,.T.);
#4200=EDGE_CURVE('',#3266,#3268,#343,.T.);
#4201=EDGE_CURVE('',#3269,#3267,#344,.T.);
#4202=EDGE_CURVE('',#3268,#3269,#1872,.T.);
#4203=EDGE_CURVE('',#3268,#3250,#1873,.T.);
#4204=EDGE_CURVE('',#3252,#3269,#1874,.T.);
#4205=EDGE_CURVE('',#3270,#3271,#1875,.T.);
#4206=EDGE_CURVE('',#3270,#3272,#1876,.T.);
#4207=EDGE_CURVE('',#3273,#3272,#1877,.T.);
#4208=EDGE_CURVE('',#3271,#3273,#1878,.T.);
#4209=EDGE_CURVE('',#3271,#3274,#1879,.T.);
#4210=EDGE_CURVE('',#3275,#3273,#1880,.T.);
#4211=EDGE_CURVE('',#3274,#3275,#1881,.T.);
#4212=EDGE_CURVE('',#3274,#3276,#1882,.T.);
#4213=EDGE_CURVE('',#3277,#3275,#1883,.T.);
#4214=EDGE_CURVE('',#3276,#3277,#1884,.T.);
#4215=EDGE_CURVE('',#3276,#3278,#345,.T.);
#4216=EDGE_CURVE('',#3279,#3277,#346,.T.);
#4217=EDGE_CURVE('',#3278,#3279,#1885,.T.);
#4218=EDGE_CURVE('',#3278,#3280,#347,.T.);
#4219=EDGE_CURVE('',#3281,#3279,#348,.T.);
#4220=EDGE_CURVE('',#3280,#3281,#1886,.T.);
#4221=EDGE_CURVE('',#3280,#3282,#349,.T.);
#4222=EDGE_CURVE('',#3283,#3281,#350,.T.);
#4223=EDGE_CURVE('',#3282,#3283,#1887,.T.);
#4224=EDGE_CURVE('',#3282,#3284,#351,.T.);
#4225=EDGE_CURVE('',#3285,#3283,#352,.T.);
#4226=EDGE_CURVE('',#3284,#3285,#1888,.T.);
#4227=EDGE_CURVE('',#3284,#3286,#353,.T.);
#4228=EDGE_CURVE('',#3287,#3285,#354,.T.);
#4229=EDGE_CURVE('',#3286,#3287,#1889,.T.);
#4230=EDGE_CURVE('',#3286,#3288,#1890,.T.);
#4231=EDGE_CURVE('',#3289,#3287,#1891,.T.);
#4232=EDGE_CURVE('',#3288,#3289,#1892,.T.);
#4233=EDGE_CURVE('',#3288,#3290,#355,.T.);
#4234=EDGE_CURVE('',#3291,#3289,#356,.T.);
#4235=EDGE_CURVE('',#3290,#3291,#1893,.T.);
#4236=EDGE_CURVE('',#3290,#3292,#357,.T.);
#4237=EDGE_CURVE('',#3293,#3291,#358,.T.);
#4238=EDGE_CURVE('',#3292,#3293,#1894,.T.);
#4239=EDGE_CURVE('',#3292,#3294,#359,.T.);
#4240=EDGE_CURVE('',#3295,#3293,#360,.T.);
#4241=EDGE_CURVE('',#3294,#3295,#1895,.T.);
#4242=EDGE_CURVE('',#3294,#3296,#361,.T.);
#4243=EDGE_CURVE('',#3297,#3295,#362,.T.);
#4244=EDGE_CURVE('',#3296,#3297,#1896,.T.);
#4245=EDGE_CURVE('',#3296,#3298,#363,.T.);
#4246=EDGE_CURVE('',#3299,#3297,#364,.T.);
#4247=EDGE_CURVE('',#3298,#3299,#1897,.T.);
#4248=EDGE_CURVE('',#3298,#3300,#1898,.T.);
#4249=EDGE_CURVE('',#3301,#3299,#1899,.T.);
#4250=EDGE_CURVE('',#3300,#3301,#1900,.T.);
#4251=EDGE_CURVE('',#3300,#3270,#1901,.T.);
#4252=EDGE_CURVE('',#3272,#3301,#1902,.T.);
#4253=EDGE_CURVE('',#3302,#3303,#1903,.T.);
#4254=EDGE_CURVE('',#3302,#3304,#1904,.T.);
#4255=EDGE_CURVE('',#3305,#3304,#1905,.T.);
#4256=EDGE_CURVE('',#3303,#3305,#1906,.T.);
#4257=EDGE_CURVE('',#3303,#3306,#1907,.T.);
#4258=EDGE_CURVE('',#3307,#3305,#1908,.T.);
#4259=EDGE_CURVE('',#3306,#3307,#1909,.T.);
#4260=EDGE_CURVE('',#3306,#3308,#1910,.T.);
#4261=EDGE_CURVE('',#3309,#3307,#1911,.T.);
#4262=EDGE_CURVE('',#3308,#3309,#1912,.T.);
#4263=EDGE_CURVE('',#3308,#3310,#1913,.T.);
#4264=EDGE_CURVE('',#3311,#3309,#1914,.T.);
#4265=EDGE_CURVE('',#3310,#3311,#1915,.T.);
#4266=EDGE_CURVE('',#3310,#3312,#1916,.T.);
#4267=EDGE_CURVE('',#3313,#3311,#1917,.T.);
#4268=EDGE_CURVE('',#3312,#3313,#1918,.T.);
#4269=EDGE_CURVE('',#3312,#3314,#365,.T.);
#4270=EDGE_CURVE('',#3315,#3313,#366,.T.);
#4271=EDGE_CURVE('',#3314,#3315,#1919,.T.);
#4272=EDGE_CURVE('',#3314,#3316,#367,.T.);
#4273=EDGE_CURVE('',#3317,#3315,#368,.T.);
#4274=EDGE_CURVE('',#3316,#3317,#1920,.T.);
#4275=EDGE_CURVE('',#3316,#3318,#1921,.T.);
#4276=EDGE_CURVE('',#3319,#3317,#1922,.T.);
#4277=EDGE_CURVE('',#3318,#3319,#1923,.T.);
#4278=EDGE_CURVE('',#3318,#3320,#1924,.T.);
#4279=EDGE_CURVE('',#3321,#3319,#1925,.T.);
#4280=EDGE_CURVE('',#3320,#3321,#1926,.T.);
#4281=EDGE_CURVE('',#3320,#3322,#369,.T.);
#4282=EDGE_CURVE('',#3323,#3321,#370,.T.);
#4283=EDGE_CURVE('',#3322,#3323,#1927,.T.);
#4284=EDGE_CURVE('',#3322,#3324,#371,.T.);
#4285=EDGE_CURVE('',#3325,#3323,#372,.T.);
#4286=EDGE_CURVE('',#3324,#3325,#1928,.T.);
#4287=EDGE_CURVE('',#3324,#3326,#373,.T.);
#4288=EDGE_CURVE('',#3327,#3325,#374,.T.);
#4289=EDGE_CURVE('',#3326,#3327,#1929,.T.);
#4290=EDGE_CURVE('',#3326,#3328,#375,.T.);
#4291=EDGE_CURVE('',#3329,#3327,#376,.T.);
#4292=EDGE_CURVE('',#3328,#3329,#1930,.T.);
#4293=EDGE_CURVE('',#3328,#3330,#1931,.T.);
#4294=EDGE_CURVE('',#3331,#3329,#1932,.T.);
#4295=EDGE_CURVE('',#3330,#3331,#1933,.T.);
#4296=EDGE_CURVE('',#3330,#3332,#1934,.T.);
#4297=EDGE_CURVE('',#3333,#3331,#1935,.T.);
#4298=EDGE_CURVE('',#3332,#3333,#1936,.T.);
#4299=EDGE_CURVE('',#3332,#3334,#1937,.T.);
#4300=EDGE_CURVE('',#3335,#3333,#1938,.T.);
#4301=EDGE_CURVE('',#3334,#3335,#1939,.T.);
#4302=EDGE_CURVE('',#3334,#3336,#1940,.T.);
#4303=EDGE_CURVE('',#3337,#3335,#1941,.T.);
#4304=EDGE_CURVE('',#3336,#3337,#1942,.T.);
#4305=EDGE_CURVE('',#3336,#3338,#1943,.T.);
#4306=EDGE_CURVE('',#3339,#3337,#1944,.T.);
#4307=EDGE_CURVE('',#3338,#3339,#1945,.T.);
#4308=EDGE_CURVE('',#3338,#3302,#1946,.T.);
#4309=EDGE_CURVE('',#3304,#3339,#1947,.T.);
#4310=EDGE_CURVE('',#3340,#3341,#1948,.T.);
#4311=EDGE_CURVE('',#3340,#3342,#1949,.T.);
#4312=EDGE_CURVE('',#3343,#3342,#1950,.T.);
#4313=EDGE_CURVE('',#3341,#3343,#1951,.T.);
#4314=EDGE_CURVE('',#3341,#3344,#1952,.T.);
#4315=EDGE_CURVE('',#3345,#3343,#1953,.T.);
#4316=EDGE_CURVE('',#3344,#3345,#1954,.T.);
#4317=EDGE_CURVE('',#3344,#3346,#377,.T.);
#4318=EDGE_CURVE('',#3347,#3345,#378,.T.);
#4319=EDGE_CURVE('',#3346,#3347,#1955,.T.);
#4320=EDGE_CURVE('',#3346,#3348,#379,.T.);
#4321=EDGE_CURVE('',#3349,#3347,#380,.T.);
#4322=EDGE_CURVE('',#3348,#3349,#1956,.T.);
#4323=EDGE_CURVE('',#3348,#3350,#381,.T.);
#4324=EDGE_CURVE('',#3351,#3349,#382,.T.);
#4325=EDGE_CURVE('',#3350,#3351,#1957,.T.);
#4326=EDGE_CURVE('',#3350,#3352,#383,.T.);
#4327=EDGE_CURVE('',#3353,#3351,#384,.T.);
#4328=EDGE_CURVE('',#3352,#3353,#1958,.T.);
#4329=EDGE_CURVE('',#3352,#3354,#385,.T.);
#4330=EDGE_CURVE('',#3355,#3353,#386,.T.);
#4331=EDGE_CURVE('',#3354,#3355,#1959,.T.);
#4332=EDGE_CURVE('',#3354,#3356,#387,.T.);
#4333=EDGE_CURVE('',#3357,#3355,#388,.T.);
#4334=EDGE_CURVE('',#3356,#3357,#1960,.T.);
#4335=EDGE_CURVE('',#3356,#3358,#389,.T.);
#4336=EDGE_CURVE('',#3359,#3357,#390,.T.);
#4337=EDGE_CURVE('',#3358,#3359,#1961,.T.);
#4338=EDGE_CURVE('',#3358,#3360,#391,.T.);
#4339=EDGE_CURVE('',#3361,#3359,#392,.T.);
#4340=EDGE_CURVE('',#3360,#3361,#1962,.T.);
#4341=EDGE_CURVE('',#3360,#3362,#393,.T.);
#4342=EDGE_CURVE('',#3363,#3361,#394,.T.);
#4343=EDGE_CURVE('',#3362,#3363,#1963,.T.);
#4344=EDGE_CURVE('',#3362,#3364,#395,.T.);
#4345=EDGE_CURVE('',#3365,#3363,#396,.T.);
#4346=EDGE_CURVE('',#3364,#3365,#1964,.T.);
#4347=EDGE_CURVE('',#3364,#3366,#397,.T.);
#4348=EDGE_CURVE('',#3367,#3365,#398,.T.);
#4349=EDGE_CURVE('',#3366,#3367,#1965,.T.);
#4350=EDGE_CURVE('',#3366,#3368,#399,.T.);
#4351=EDGE_CURVE('',#3369,#3367,#400,.T.);
#4352=EDGE_CURVE('',#3368,#3369,#1966,.T.);
#4353=EDGE_CURVE('',#3368,#3370,#401,.T.);
#4354=EDGE_CURVE('',#3371,#3369,#402,.T.);
#4355=EDGE_CURVE('',#3370,#3371,#1967,.T.);
#4356=EDGE_CURVE('',#3370,#3372,#403,.T.);
#4357=EDGE_CURVE('',#3373,#3371,#404,.T.);
#4358=EDGE_CURVE('',#3372,#3373,#1968,.T.);
#4359=EDGE_CURVE('',#3372,#3374,#405,.T.);
#4360=EDGE_CURVE('',#3375,#3373,#406,.T.);
#4361=EDGE_CURVE('',#3374,#3375,#1969,.T.);
#4362=EDGE_CURVE('',#3374,#3376,#1970,.T.);
#4363=EDGE_CURVE('',#3377,#3375,#1971,.T.);
#4364=EDGE_CURVE('',#3376,#3377,#1972,.T.);
#4365=EDGE_CURVE('',#3376,#3378,#1973,.T.);
#4366=EDGE_CURVE('',#3379,#3377,#1974,.T.);
#4367=EDGE_CURVE('',#3378,#3379,#1975,.T.);
#4368=EDGE_CURVE('',#3378,#3380,#1976,.T.);
#4369=EDGE_CURVE('',#3381,#3379,#1977,.T.);
#4370=EDGE_CURVE('',#3380,#3381,#1978,.T.);
#4371=EDGE_CURVE('',#3380,#3382,#407,.T.);
#4372=EDGE_CURVE('',#3383,#3381,#408,.T.);
#4373=EDGE_CURVE('',#3382,#3383,#1979,.T.);
#4374=EDGE_CURVE('',#3382,#3384,#409,.T.);
#4375=EDGE_CURVE('',#3385,#3383,#410,.T.);
#4376=EDGE_CURVE('',#3384,#3385,#1980,.T.);
#4377=EDGE_CURVE('',#3384,#3386,#411,.T.);
#4378=EDGE_CURVE('',#3387,#3385,#412,.T.);
#4379=EDGE_CURVE('',#3386,#3387,#1981,.T.);
#4380=EDGE_CURVE('',#3386,#3388,#413,.T.);
#4381=EDGE_CURVE('',#3389,#3387,#414,.T.);
#4382=EDGE_CURVE('',#3388,#3389,#1982,.T.);
#4383=EDGE_CURVE('',#3388,#3390,#415,.T.);
#4384=EDGE_CURVE('',#3391,#3389,#416,.T.);
#4385=EDGE_CURVE('',#3390,#3391,#1983,.T.);
#4386=EDGE_CURVE('',#3390,#3392,#417,.T.);
#4387=EDGE_CURVE('',#3393,#3391,#418,.T.);
#4388=EDGE_CURVE('',#3392,#3393,#1984,.T.);
#4389=EDGE_CURVE('',#3392,#3394,#419,.T.);
#4390=EDGE_CURVE('',#3395,#3393,#420,.T.);
#4391=EDGE_CURVE('',#3394,#3395,#1985,.T.);
#4392=EDGE_CURVE('',#3394,#3396,#421,.T.);
#4393=EDGE_CURVE('',#3397,#3395,#422,.T.);
#4394=EDGE_CURVE('',#3396,#3397,#1986,.T.);
#4395=EDGE_CURVE('',#3396,#3398,#423,.T.);
#4396=EDGE_CURVE('',#3399,#3397,#424,.T.);
#4397=EDGE_CURVE('',#3398,#3399,#1987,.T.);
#4398=EDGE_CURVE('',#3398,#3400,#425,.T.);
#4399=EDGE_CURVE('',#3401,#3399,#426,.T.);
#4400=EDGE_CURVE('',#3400,#3401,#1988,.T.);
#4401=EDGE_CURVE('',#3400,#3402,#427,.T.);
#4402=EDGE_CURVE('',#3403,#3401,#428,.T.);
#4403=EDGE_CURVE('',#3402,#3403,#1989,.T.);
#4404=EDGE_CURVE('',#3402,#3404,#429,.T.);
#4405=EDGE_CURVE('',#3405,#3403,#430,.T.);
#4406=EDGE_CURVE('',#3404,#3405,#1990,.T.);
#4407=EDGE_CURVE('',#3404,#3406,#431,.T.);
#4408=EDGE_CURVE('',#3407,#3405,#432,.T.);
#4409=EDGE_CURVE('',#3406,#3407,#1991,.T.);
#4410=EDGE_CURVE('',#3406,#3408,#433,.T.);
#4411=EDGE_CURVE('',#3409,#3407,#434,.T.);
#4412=EDGE_CURVE('',#3408,#3409,#1992,.T.);
#4413=EDGE_CURVE('',#3408,#3410,#435,.T.);
#4414=EDGE_CURVE('',#3411,#3409,#436,.T.);
#4415=EDGE_CURVE('',#3410,#3411,#1993,.T.);
#4416=EDGE_CURVE('',#3410,#3340,#1994,.T.);
#4417=EDGE_CURVE('',#3342,#3411,#1995,.T.);
#4418=EDGE_CURVE('',#3412,#3413,#1996,.T.);
#4419=EDGE_CURVE('',#3412,#3414,#1997,.T.);
#4420=EDGE_CURVE('',#3415,#3414,#1998,.T.);
#4421=EDGE_CURVE('',#3413,#3415,#1999,.T.);
#4422=EDGE_CURVE('',#3413,#3416,#2000,.T.);
#4423=EDGE_CURVE('',#3417,#3415,#2001,.T.);
#4424=EDGE_CURVE('',#3416,#3417,#2002,.T.);
#4425=EDGE_CURVE('',#3416,#3418,#437,.T.);
#4426=EDGE_CURVE('',#3419,#3417,#438,.T.);
#4427=EDGE_CURVE('',#3418,#3419,#2003,.T.);
#4428=EDGE_CURVE('',#3418,#3420,#439,.T.);
#4429=EDGE_CURVE('',#3421,#3419,#440,.T.);
#4430=EDGE_CURVE('',#3420,#3421,#2004,.T.);
#4431=EDGE_CURVE('',#3420,#3422,#441,.T.);
#4432=EDGE_CURVE('',#3423,#3421,#442,.T.);
#4433=EDGE_CURVE('',#3422,#3423,#2005,.T.);
#4434=EDGE_CURVE('',#3422,#3424,#443,.T.);
#4435=EDGE_CURVE('',#3425,#3423,#444,.T.);
#4436=EDGE_CURVE('',#3424,#3425,#2006,.T.);
#4437=EDGE_CURVE('',#3424,#3426,#445,.T.);
#4438=EDGE_CURVE('',#3427,#3425,#446,.T.);
#4439=EDGE_CURVE('',#3426,#3427,#2007,.T.);
#4440=EDGE_CURVE('',#3426,#3428,#447,.T.);
#4441=EDGE_CURVE('',#3429,#3427,#448,.T.);
#4442=EDGE_CURVE('',#3428,#3429,#2008,.T.);
#4443=EDGE_CURVE('',#3428,#3430,#449,.T.);
#4444=EDGE_CURVE('',#3431,#3429,#450,.T.);
#4445=EDGE_CURVE('',#3430,#3431,#2009,.T.);
#4446=EDGE_CURVE('',#3430,#3432,#451,.T.);
#4447=EDGE_CURVE('',#3433,#3431,#452,.T.);
#4448=EDGE_CURVE('',#3432,#3433,#2010,.T.);
#4449=EDGE_CURVE('',#3432,#3434,#453,.T.);
#4450=EDGE_CURVE('',#3435,#3433,#454,.T.);
#4451=EDGE_CURVE('',#3434,#3435,#2011,.T.);
#4452=EDGE_CURVE('',#3434,#3436,#455,.T.);
#4453=EDGE_CURVE('',#3437,#3435,#456,.T.);
#4454=EDGE_CURVE('',#3436,#3437,#2012,.T.);
#4455=EDGE_CURVE('',#3436,#3438,#457,.T.);
#4456=EDGE_CURVE('',#3439,#3437,#458,.T.);
#4457=EDGE_CURVE('',#3438,#3439,#2013,.T.);
#4458=EDGE_CURVE('',#3438,#3440,#459,.T.);
#4459=EDGE_CURVE('',#3441,#3439,#460,.T.);
#4460=EDGE_CURVE('',#3440,#3441,#2014,.T.);
#4461=EDGE_CURVE('',#3440,#3442,#461,.T.);
#4462=EDGE_CURVE('',#3443,#3441,#462,.T.);
#4463=EDGE_CURVE('',#3442,#3443,#2015,.T.);
#4464=EDGE_CURVE('',#3442,#3444,#463,.T.);
#4465=EDGE_CURVE('',#3445,#3443,#464,.T.);
#4466=EDGE_CURVE('',#3444,#3445,#2016,.T.);
#4467=EDGE_CURVE('',#3444,#3446,#465,.T.);
#4468=EDGE_CURVE('',#3447,#3445,#466,.T.);
#4469=EDGE_CURVE('',#3446,#3447,#2017,.T.);
#4470=EDGE_CURVE('',#3446,#3448,#2018,.T.);
#4471=EDGE_CURVE('',#3449,#3447,#2019,.T.);
#4472=EDGE_CURVE('',#3448,#3449,#2020,.T.);
#4473=EDGE_CURVE('',#3448,#3450,#2021,.T.);
#4474=EDGE_CURVE('',#3451,#3449,#2022,.T.);
#4475=EDGE_CURVE('',#3450,#3451,#2023,.T.);
#4476=EDGE_CURVE('',#3450,#3452,#2024,.T.);
#4477=EDGE_CURVE('',#3453,#3451,#2025,.T.);
#4478=EDGE_CURVE('',#3452,#3453,#2026,.T.);
#4479=EDGE_CURVE('',#3452,#3454,#467,.T.);
#4480=EDGE_CURVE('',#3455,#3453,#468,.T.);
#4481=EDGE_CURVE('',#3454,#3455,#2027,.T.);
#4482=EDGE_CURVE('',#3454,#3456,#469,.T.);
#4483=EDGE_CURVE('',#3457,#3455,#470,.T.);
#4484=EDGE_CURVE('',#3456,#3457,#2028,.T.);
#4485=EDGE_CURVE('',#3456,#3458,#471,.T.);
#4486=EDGE_CURVE('',#3459,#3457,#472,.T.);
#4487=EDGE_CURVE('',#3458,#3459,#2029,.T.);
#4488=EDGE_CURVE('',#3458,#3460,#473,.T.);
#4489=EDGE_CURVE('',#3461,#3459,#474,.T.);
#4490=EDGE_CURVE('',#3460,#3461,#2030,.T.);
#4491=EDGE_CURVE('',#3460,#3462,#475,.T.);
#4492=EDGE_CURVE('',#3463,#3461,#476,.T.);
#4493=EDGE_CURVE('',#3462,#3463,#2031,.T.);
#4494=EDGE_CURVE('',#3462,#3464,#477,.T.);
#4495=EDGE_CURVE('',#3465,#3463,#478,.T.);
#4496=EDGE_CURVE('',#3464,#3465,#2032,.T.);
#4497=EDGE_CURVE('',#3464,#3466,#479,.T.);
#4498=EDGE_CURVE('',#3467,#3465,#480,.T.);
#4499=EDGE_CURVE('',#3466,#3467,#2033,.T.);
#4500=EDGE_CURVE('',#3466,#3468,#481,.T.);
#4501=EDGE_CURVE('',#3469,#3467,#482,.T.);
#4502=EDGE_CURVE('',#3468,#3469,#2034,.T.);
#4503=EDGE_CURVE('',#3468,#3470,#483,.T.);
#4504=EDGE_CURVE('',#3471,#3469,#484,.T.);
#4505=EDGE_CURVE('',#3470,#3471,#2035,.T.);
#4506=EDGE_CURVE('',#3470,#3472,#485,.T.);
#4507=EDGE_CURVE('',#3473,#3471,#486,.T.);
#4508=EDGE_CURVE('',#3472,#3473,#2036,.T.);
#4509=EDGE_CURVE('',#3472,#3474,#487,.T.);
#4510=EDGE_CURVE('',#3475,#3473,#488,.T.);
#4511=EDGE_CURVE('',#3474,#3475,#2037,.T.);
#4512=EDGE_CURVE('',#3474,#3476,#489,.T.);
#4513=EDGE_CURVE('',#3477,#3475,#490,.T.);
#4514=EDGE_CURVE('',#3476,#3477,#2038,.T.);
#4515=EDGE_CURVE('',#3476,#3478,#491,.T.);
#4516=EDGE_CURVE('',#3479,#3477,#492,.T.);
#4517=EDGE_CURVE('',#3478,#3479,#2039,.T.);
#4518=EDGE_CURVE('',#3478,#3480,#493,.T.);
#4519=EDGE_CURVE('',#3481,#3479,#494,.T.);
#4520=EDGE_CURVE('',#3480,#3481,#2040,.T.);
#4521=EDGE_CURVE('',#3480,#3482,#495,.T.);
#4522=EDGE_CURVE('',#3483,#3481,#496,.T.);
#4523=EDGE_CURVE('',#3482,#3483,#2041,.T.);
#4524=EDGE_CURVE('',#3482,#3412,#2042,.T.);
#4525=EDGE_CURVE('',#3414,#3483,#2043,.T.);
#4526=EDGE_CURVE('',#3484,#3485,#2044,.T.);
#4527=EDGE_CURVE('',#3484,#3486,#2045,.T.);
#4528=EDGE_CURVE('',#3487,#3486,#2046,.T.);
#4529=EDGE_CURVE('',#3485,#3487,#2047,.T.);
#4530=EDGE_CURVE('',#3485,#3488,#497,.T.);
#4531=EDGE_CURVE('',#3489,#3487,#498,.T.);
#4532=EDGE_CURVE('',#3488,#3489,#2048,.T.);
#4533=EDGE_CURVE('',#3488,#3490,#2049,.T.);
#4534=EDGE_CURVE('',#3491,#3489,#2050,.T.);
#4535=EDGE_CURVE('',#3490,#3491,#2051,.T.);
#4536=EDGE_CURVE('',#3490,#3492,#499,.T.);
#4537=EDGE_CURVE('',#3493,#3491,#500,.T.);
#4538=EDGE_CURVE('',#3492,#3493,#2052,.T.);
#4539=EDGE_CURVE('',#3492,#3494,#501,.T.);
#4540=EDGE_CURVE('',#3495,#3493,#502,.T.);
#4541=EDGE_CURVE('',#3494,#3495,#2053,.T.);
#4542=EDGE_CURVE('',#3494,#3496,#503,.T.);
#4543=EDGE_CURVE('',#3497,#3495,#504,.T.);
#4544=EDGE_CURVE('',#3496,#3497,#2054,.T.);
#4545=EDGE_CURVE('',#3496,#3498,#2055,.T.);
#4546=EDGE_CURVE('',#3499,#3497,#2056,.T.);
#4547=EDGE_CURVE('',#3498,#3499,#2057,.T.);
#4548=EDGE_CURVE('',#3498,#3500,#2058,.T.);
#4549=EDGE_CURVE('',#3501,#3499,#2059,.T.);
#4550=EDGE_CURVE('',#3500,#3501,#2060,.T.);
#4551=EDGE_CURVE('',#3500,#3502,#2061,.T.);
#4552=EDGE_CURVE('',#3503,#3501,#2062,.T.);
#4553=EDGE_CURVE('',#3502,#3503,#2063,.T.);
#4554=EDGE_CURVE('',#3502,#3484,#2064,.T.);
#4555=EDGE_CURVE('',#3486,#3503,#2065,.T.);
#4556=EDGE_CURVE('',#3504,#3505,#2066,.T.);
#4557=EDGE_CURVE('',#3504,#3506,#2067,.T.);
#4558=EDGE_CURVE('',#3507,#3506,#2068,.T.);
#4559=EDGE_CURVE('',#3505,#3507,#2069,.T.);
#4560=EDGE_CURVE('',#3505,#3508,#2070,.T.);
#4561=EDGE_CURVE('',#3509,#3507,#2071,.T.);
#4562=EDGE_CURVE('',#3508,#3509,#2072,.T.);
#4563=EDGE_CURVE('',#3508,#3510,#2073,.T.);
#4564=EDGE_CURVE('',#3511,#3509,#2074,.T.);
#4565=EDGE_CURVE('',#3510,#3511,#2075,.T.);
#4566=EDGE_CURVE('',#3510,#3512,#2076,.T.);
#4567=EDGE_CURVE('',#3513,#3511,#2077,.T.);
#4568=EDGE_CURVE('',#3512,#3513,#2078,.T.);
#4569=EDGE_CURVE('',#3512,#3514,#2079,.T.);
#4570=EDGE_CURVE('',#3515,#3513,#2080,.T.);
#4571=EDGE_CURVE('',#3514,#3515,#2081,.T.);
#4572=EDGE_CURVE('',#3514,#3516,#505,.T.);
#4573=EDGE_CURVE('',#3517,#3515,#506,.T.);
#4574=EDGE_CURVE('',#3516,#3517,#2082,.T.);
#4575=EDGE_CURVE('',#3516,#3518,#507,.T.);
#4576=EDGE_CURVE('',#3519,#3517,#508,.T.);
#4577=EDGE_CURVE('',#3518,#3519,#2083,.T.);
#4578=EDGE_CURVE('',#3518,#3504,#2084,.T.);
#4579=EDGE_CURVE('',#3506,#3519,#2085,.T.);
#4580=EDGE_CURVE('',#3520,#3521,#2086,.T.);
#4581=EDGE_CURVE('',#3520,#3522,#2087,.T.);
#4582=EDGE_CURVE('',#3522,#3523,#2088,.T.);
#4583=EDGE_CURVE('',#3521,#3523,#2089,.T.);
#4584=EDGE_CURVE('',#3524,#3520,#2090,.T.);
#4585=EDGE_CURVE('',#3524,#3525,#2091,.T.);
#4586=EDGE_CURVE('',#3525,#3522,#2092,.T.);
#4587=EDGE_CURVE('',#3526,#3524,#2093,.T.);
#4588=EDGE_CURVE('',#3526,#3527,#2094,.T.);
#4589=EDGE_CURVE('',#3527,#3525,#2095,.T.);
#4590=EDGE_CURVE('',#3521,#3526,#2096,.T.);
#4591=EDGE_CURVE('',#3523,#3527,#2097,.T.);
#4592=EDGE_CURVE('',#3528,#3528,#36,.T.);
#4593=EDGE_CURVE('',#3529,#3529,#37,.T.);
#4594=EDGE_CURVE('',#3529,#3528,#2098,.T.);
#4595=EDGE_CURVE('',#3530,#3531,#2099,.T.);
#4596=EDGE_CURVE('',#3532,#3530,#2100,.T.);
#4597=EDGE_CURVE('',#3533,#3532,#2101,.T.);
#4598=EDGE_CURVE('',#3533,#3531,#2102,.T.);
#4599=EDGE_CURVE('',#3531,#3534,#38,.T.);
#4600=EDGE_CURVE('',#3535,#3533,#39,.T.);
#4601=EDGE_CURVE('',#3535,#3534,#2103,.T.);
#4602=EDGE_CURVE('',#3534,#3536,#2104,.T.);
#4603=EDGE_CURVE('',#3537,#3535,#2105,.T.);
#4604=EDGE_CURVE('',#3537,#3536,#2106,.T.);
#4605=EDGE_CURVE('',#3536,#3538,#40,.T.);
#4606=EDGE_CURVE('',#3539,#3537,#41,.T.);
#4607=EDGE_CURVE('',#3539,#3538,#2107,.T.);
#4608=EDGE_CURVE('',#3538,#3540,#2108,.T.);
#4609=EDGE_CURVE('',#3541,#3539,#2109,.T.);
#4610=EDGE_CURVE('',#3541,#3540,#2110,.T.);
#4611=EDGE_CURVE('',#3540,#3542,#42,.T.);
#4612=EDGE_CURVE('',#3543,#3541,#43,.T.);
#4613=EDGE_CURVE('',#3543,#3542,#2111,.T.);
#4614=EDGE_CURVE('',#3542,#3544,#2112,.T.);
#4615=EDGE_CURVE('',#3545,#3543,#2113,.T.);
#4616=EDGE_CURVE('',#3545,#3544,#2114,.T.);
#4617=EDGE_CURVE('',#3544,#3530,#44,.T.);
#4618=EDGE_CURVE('',#3532,#3545,#45,.T.);
#4619=EDGE_CURVE('',#3546,#3547,#2115,.T.);
#4620=EDGE_CURVE('',#3548,#3546,#2116,.T.);
#4621=EDGE_CURVE('',#3549,#3548,#2117,.T.);
#4622=EDGE_CURVE('',#3549,#3547,#2118,.T.);
#4623=EDGE_CURVE('',#3547,#3550,#46,.T.);
#4624=EDGE_CURVE('',#3551,#3549,#47,.T.);
#4625=EDGE_CURVE('',#3551,#3550,#2119,.T.);
#4626=EDGE_CURVE('',#3550,#3552,#2120,.T.);
#4627=EDGE_CURVE('',#3553,#3551,#2121,.T.);
#4628=EDGE_CURVE('',#3553,#3552,#2122,.T.);
#4629=EDGE_CURVE('',#3552,#3554,#48,.T.);
#4630=EDGE_CURVE('',#3555,#3553,#49,.T.);
#4631=EDGE_CURVE('',#3555,#3554,#2123,.T.);
#4632=EDGE_CURVE('',#3554,#3556,#2124,.T.);
#4633=EDGE_CURVE('',#3557,#3555,#2125,.T.);
#4634=EDGE_CURVE('',#3557,#3556,#2126,.T.);
#4635=EDGE_CURVE('',#3556,#3558,#50,.T.);
#4636=EDGE_CURVE('',#3559,#3557,#51,.T.);
#4637=EDGE_CURVE('',#3559,#3558,#2127,.T.);
#4638=EDGE_CURVE('',#3558,#3560,#2128,.T.);
#4639=EDGE_CURVE('',#3561,#3559,#2129,.T.);
#4640=EDGE_CURVE('',#3561,#3560,#2130,.T.);
#4641=EDGE_CURVE('',#3560,#3546,#52,.T.);
#4642=EDGE_CURVE('',#3548,#3561,#53,.T.);
#4643=EDGE_CURVE('',#3562,#3563,#2131,.T.);
#4644=EDGE_CURVE('',#3564,#3562,#2132,.T.);
#4645=EDGE_CURVE('',#3565,#3564,#2133,.T.);
#4646=EDGE_CURVE('',#3565,#3563,#2134,.T.);
#4647=EDGE_CURVE('',#3563,#3566,#54,.T.);
#4648=EDGE_CURVE('',#3567,#3565,#55,.T.);
#4649=EDGE_CURVE('',#3567,#3566,#2135,.T.);
#4650=EDGE_CURVE('',#3566,#3568,#2136,.T.);
#4651=EDGE_CURVE('',#3569,#3567,#2137,.T.);
#4652=EDGE_CURVE('',#3569,#3568,#2138,.T.);
#4653=EDGE_CURVE('',#3568,#3570,#56,.T.);
#4654=EDGE_CURVE('',#3571,#3569,#57,.T.);
#4655=EDGE_CURVE('',#3571,#3570,#2139,.T.);
#4656=EDGE_CURVE('',#3570,#3572,#2140,.T.);
#4657=EDGE_CURVE('',#3573,#3571,#2141,.T.);
#4658=EDGE_CURVE('',#3573,#3572,#2142,.T.);
#4659=EDGE_CURVE('',#3572,#3574,#58,.T.);
#4660=EDGE_CURVE('',#3575,#3573,#59,.T.);
#4661=EDGE_CURVE('',#3575,#3574,#2143,.T.);
#4662=EDGE_CURVE('',#3574,#3576,#2144,.T.);
#4663=EDGE_CURVE('',#3577,#3575,#2145,.T.);
#4664=EDGE_CURVE('',#3577,#3576,#2146,.T.);
#4665=EDGE_CURVE('',#3576,#3562,#60,.T.);
#4666=EDGE_CURVE('',#3564,#3577,#61,.T.);
#4667=EDGE_CURVE('',#3578,#3579,#62,.T.);
#4668=EDGE_CURVE('',#3579,#3580,#2147,.T.);
#4669=EDGE_CURVE('',#3580,#3581,#63,.T.);
#4670=EDGE_CURVE('',#3581,#3578,#2148,.T.);
#4671=EDGE_CURVE('',#3582,#3583,#64,.T.);
#4672=EDGE_CURVE('',#3583,#3584,#2149,.T.);
#4673=EDGE_CURVE('',#3584,#3580,#65,.T.);
#4674=EDGE_CURVE('',#3580,#3582,#2150,.T.);
#4675=EDGE_CURVE('',#3584,#3581,#66,.T.);
#4676=EDGE_CURVE('',#3585,#3581,#2151,.T.);
#4677=EDGE_CURVE('',#3586,#3585,#2152,.T.);
#4678=EDGE_CURVE('',#3578,#3586,#2153,.T.);
#4679=EDGE_CURVE('',#3584,#3587,#2154,.T.);
#4680=EDGE_CURVE('',#3587,#3585,#67,.F.);
#4681=EDGE_CURVE('',#3588,#3583,#2155,.T.);
#4682=EDGE_CURVE('',#3587,#3588,#2156,.T.);
#4683=EDGE_CURVE('',#3589,#3590,#2157,.T.);
#4684=EDGE_CURVE('',#3590,#3591,#2158,.T.);
#4685=EDGE_CURVE('',#3591,#3592,#2159,.T.);
#4686=EDGE_CURVE('',#3592,#3589,#2160,.T.);
#4687=EDGE_CURVE('',#3582,#3593,#2161,.T.);
#4688=EDGE_CURVE('',#3594,#3593,#2162,.T.);
#4689=EDGE_CURVE('',#3595,#3594,#2163,.T.);
#4690=EDGE_CURVE('',#3595,#3588,#68,.T.);
#4691=EDGE_CURVE('',#3595,#3596,#2164,.T.);
#4692=EDGE_CURVE('',#3596,#3587,#69,.F.);
#4693=EDGE_CURVE('',#3597,#3598,#70,.T.);
#4694=EDGE_CURVE('',#3598,#3599,#2165,.T.);
#4695=EDGE_CURVE('',#3599,#3600,#71,.T.);
#4696=EDGE_CURVE('',#3597,#3600,#2166,.T.);
#4697=EDGE_CURVE('',#3598,#3601,#2167,.T.);
#4698=EDGE_CURVE('',#3601,#3602,#2168,.T.);
#4699=EDGE_CURVE('',#3602,#3603,#2169,.T.);
#4700=EDGE_CURVE('',#3603,#3604,#2170,.T.);
#4701=EDGE_CURVE('',#3604,#3605,#2171,.T.);
#4702=EDGE_CURVE('',#3605,#3606,#2172,.T.);
#4703=EDGE_CURVE('',#3606,#3599,#2173,.T.);
#4704=EDGE_CURVE('',#3607,#3597,#2174,.T.);
#4705=EDGE_CURVE('',#3607,#3601,#2175,.T.);
#4706=EDGE_CURVE('',#3608,#3609,#2176,.T.);
#4707=EDGE_CURVE('',#3608,#3605,#2177,.T.);
#4708=EDGE_CURVE('',#3609,#3604,#2178,.T.);
#4709=EDGE_CURVE('',#3609,#3610,#2179,.T.);
#4710=EDGE_CURVE('',#3610,#3603,#2180,.T.);
#4711=EDGE_CURVE('',#3610,#3611,#2181,.T.);
#4712=EDGE_CURVE('',#3611,#3602,#2182,.T.);
#4713=EDGE_CURVE('',#3612,#3606,#2183,.T.);
#4714=EDGE_CURVE('',#3600,#3612,#2184,.T.);
#4715=EDGE_CURVE('',#3608,#3611,#2185,.T.);
#4716=EDGE_CURVE('',#3613,#3612,#2186,.T.);
#4717=EDGE_CURVE('',#3613,#3614,#2187,.T.);
#4718=EDGE_CURVE('',#3614,#3615,#2188,.T.);
#4719=EDGE_CURVE('',#3616,#3615,#2189,.T.);
#4720=EDGE_CURVE('',#3607,#3616,#2190,.T.);
#4721=EDGE_CURVE('',#3585,#3596,#72,.F.);
#4722=EDGE_CURVE('',#3617,#3586,#73,.T.);
#4723=EDGE_CURVE('',#3596,#3617,#2191,.T.);
#4724=EDGE_CURVE('',#3593,#3579,#2192,.T.);
#4725=EDGE_CURVE('',#3618,#3613,#2193,.T.);
#4726=EDGE_CURVE('',#3618,#3619,#2194,.T.);
#4727=EDGE_CURVE('',#3619,#3614,#2195,.T.);
#4728=EDGE_CURVE('',#3620,#3618,#2196,.T.);
#4729=EDGE_CURVE('',#3620,#3621,#2197,.T.);
#4730=EDGE_CURVE('',#3621,#3619,#2198,.T.);
#4731=EDGE_CURVE('',#3616,#3620,#2199,.T.);
#4732=EDGE_CURVE('',#3615,#3621,#2200,.T.);
#4733=EDGE_CURVE('',#3622,#3623,#2201,.T.);
#4734=EDGE_CURVE('',#3624,#3622,#2202,.T.);
#4735=EDGE_CURVE('',#3625,#3624,#2203,.T.);
#4736=EDGE_CURVE('',#3623,#3625,#2204,.T.);
#4737=EDGE_CURVE('',#3592,#3624,#2205,.T.);
#4738=EDGE_CURVE('',#3591,#3625,#2206,.T.);
#4739=EDGE_CURVE('',#3589,#3622,#2207,.T.);
#4740=EDGE_CURVE('',#3590,#3623,#2208,.T.);
#4741=EDGE_CURVE('',#3617,#3594,#2209,.T.);
#4742=ORIENTED_EDGE('',*,*,#3626,.F.);
#4743=ORIENTED_EDGE('',*,*,#3627,.T.);
#4744=ORIENTED_EDGE('',*,*,#3628,.F.);
#4745=ORIENTED_EDGE('',*,*,#3629,.F.);
#4746=ORIENTED_EDGE('',*,*,#3630,.F.);
#4747=ORIENTED_EDGE('',*,*,#3629,.T.);
#4748=ORIENTED_EDGE('',*,*,#3631,.F.);
#4749=ORIENTED_EDGE('',*,*,#3632,.F.);
#4750=ORIENTED_EDGE('',*,*,#3633,.F.);
#4751=ORIENTED_EDGE('',*,*,#3632,.T.);
#4752=ORIENTED_EDGE('',*,*,#3634,.F.);
#4753=ORIENTED_EDGE('',*,*,#3635,.F.);
#4754=ORIENTED_EDGE('',*,*,#3636,.F.);
#4755=ORIENTED_EDGE('',*,*,#3635,.T.);
#4756=ORIENTED_EDGE('',*,*,#3637,.F.);
#4757=ORIENTED_EDGE('',*,*,#3638,.F.);
#4758=ORIENTED_EDGE('',*,*,#3639,.F.);
#4759=ORIENTED_EDGE('',*,*,#3638,.T.);
#4760=ORIENTED_EDGE('',*,*,#3640,.F.);
#4761=ORIENTED_EDGE('',*,*,#3641,.F.);
#4762=ORIENTED_EDGE('',*,*,#3642,.F.);
#4763=ORIENTED_EDGE('',*,*,#3641,.T.);
#4764=ORIENTED_EDGE('',*,*,#3643,.F.);
#4765=ORIENTED_EDGE('',*,*,#3644,.F.);
#4766=ORIENTED_EDGE('',*,*,#3645,.F.);
#4767=ORIENTED_EDGE('',*,*,#3644,.T.);
#4768=ORIENTED_EDGE('',*,*,#3646,.F.);
#4769=ORIENTED_EDGE('',*,*,#3647,.F.);
#4770=ORIENTED_EDGE('',*,*,#3648,.F.);
#4771=ORIENTED_EDGE('',*,*,#3647,.T.);
#4772=ORIENTED_EDGE('',*,*,#3649,.F.);
#4773=ORIENTED_EDGE('',*,*,#3650,.F.);
#4774=ORIENTED_EDGE('',*,*,#3651,.F.);
#4775=ORIENTED_EDGE('',*,*,#3650,.T.);
#4776=ORIENTED_EDGE('',*,*,#3652,.F.);
#4777=ORIENTED_EDGE('',*,*,#3653,.F.);
#4778=ORIENTED_EDGE('',*,*,#3654,.F.);
#4779=ORIENTED_EDGE('',*,*,#3653,.T.);
#4780=ORIENTED_EDGE('',*,*,#3655,.F.);
#4781=ORIENTED_EDGE('',*,*,#3656,.F.);
#4782=ORIENTED_EDGE('',*,*,#3657,.F.);
#4783=ORIENTED_EDGE('',*,*,#3656,.T.);
#4784=ORIENTED_EDGE('',*,*,#3658,.F.);
#4785=ORIENTED_EDGE('',*,*,#3659,.F.);
#4786=ORIENTED_EDGE('',*,*,#3660,.F.);
#4787=ORIENTED_EDGE('',*,*,#3659,.T.);
#4788=ORIENTED_EDGE('',*,*,#3661,.F.);
#4789=ORIENTED_EDGE('',*,*,#3627,.F.);
#4790=ORIENTED_EDGE('',*,*,#3661,.T.);
#4791=ORIENTED_EDGE('',*,*,#3658,.T.);
#4792=ORIENTED_EDGE('',*,*,#3655,.T.);
#4793=ORIENTED_EDGE('',*,*,#3652,.T.);
#4794=ORIENTED_EDGE('',*,*,#3649,.T.);
#4795=ORIENTED_EDGE('',*,*,#3646,.T.);
#4796=ORIENTED_EDGE('',*,*,#3643,.T.);
#4797=ORIENTED_EDGE('',*,*,#3640,.T.);
#4798=ORIENTED_EDGE('',*,*,#3637,.T.);
#4799=ORIENTED_EDGE('',*,*,#3634,.T.);
#4800=ORIENTED_EDGE('',*,*,#3631,.T.);
#4801=ORIENTED_EDGE('',*,*,#3628,.T.);
#4802=ORIENTED_EDGE('',*,*,#3662,.F.);
#4803=ORIENTED_EDGE('',*,*,#3663,.T.);
#4804=ORIENTED_EDGE('',*,*,#3664,.F.);
#4805=ORIENTED_EDGE('',*,*,#3665,.F.);
#4806=ORIENTED_EDGE('',*,*,#3666,.F.);
#4807=ORIENTED_EDGE('',*,*,#3665,.T.);
#4808=ORIENTED_EDGE('',*,*,#3667,.F.);
#4809=ORIENTED_EDGE('',*,*,#3668,.F.);
#4810=ORIENTED_EDGE('',*,*,#3669,.F.);
#4811=ORIENTED_EDGE('',*,*,#3668,.T.);
#4812=ORIENTED_EDGE('',*,*,#3670,.F.);
#4813=ORIENTED_EDGE('',*,*,#3671,.F.);
#4814=ORIENTED_EDGE('',*,*,#3672,.F.);
#4815=ORIENTED_EDGE('',*,*,#3671,.T.);
#4816=ORIENTED_EDGE('',*,*,#3673,.F.);
#4817=ORIENTED_EDGE('',*,*,#3674,.F.);
#4818=ORIENTED_EDGE('',*,*,#3675,.F.);
#4819=ORIENTED_EDGE('',*,*,#3674,.T.);
#4820=ORIENTED_EDGE('',*,*,#3676,.F.);
#4821=ORIENTED_EDGE('',*,*,#3677,.F.);
#4822=ORIENTED_EDGE('',*,*,#3678,.F.);
#4823=ORIENTED_EDGE('',*,*,#3677,.T.);
#4824=ORIENTED_EDGE('',*,*,#3679,.F.);
#4825=ORIENTED_EDGE('',*,*,#3680,.F.);
#4826=ORIENTED_EDGE('',*,*,#3681,.F.);
#4827=ORIENTED_EDGE('',*,*,#3680,.T.);
#4828=ORIENTED_EDGE('',*,*,#3682,.F.);
#4829=ORIENTED_EDGE('',*,*,#3663,.F.);
#4830=ORIENTED_EDGE('',*,*,#3683,.F.);
#4831=ORIENTED_EDGE('',*,*,#3684,.T.);
#4832=ORIENTED_EDGE('',*,*,#3685,.F.);
#4833=ORIENTED_EDGE('',*,*,#3686,.F.);
#4834=ORIENTED_EDGE('',*,*,#3687,.F.);
#4835=ORIENTED_EDGE('',*,*,#3686,.T.);
#4836=ORIENTED_EDGE('',*,*,#3688,.F.);
#4837=ORIENTED_EDGE('',*,*,#3689,.F.);
#4838=ORIENTED_EDGE('',*,*,#3690,.F.);
#4839=ORIENTED_EDGE('',*,*,#3689,.T.);
#4840=ORIENTED_EDGE('',*,*,#3691,.F.);
#4841=ORIENTED_EDGE('',*,*,#3692,.F.);
#4842=ORIENTED_EDGE('',*,*,#3693,.F.);
#4843=ORIENTED_EDGE('',*,*,#3692,.T.);
#4844=ORIENTED_EDGE('',*,*,#3694,.F.);
#4845=ORIENTED_EDGE('',*,*,#3695,.F.);
#4846=ORIENTED_EDGE('',*,*,#3696,.F.);
#4847=ORIENTED_EDGE('',*,*,#3695,.T.);
#4848=ORIENTED_EDGE('',*,*,#3697,.F.);
#4849=ORIENTED_EDGE('',*,*,#3698,.F.);
#4850=ORIENTED_EDGE('',*,*,#3699,.F.);
#4851=ORIENTED_EDGE('',*,*,#3698,.T.);
#4852=ORIENTED_EDGE('',*,*,#3700,.F.);
#4853=ORIENTED_EDGE('',*,*,#3701,.F.);
#4854=ORIENTED_EDGE('',*,*,#3702,.F.);
#4855=ORIENTED_EDGE('',*,*,#3701,.T.);
#4856=ORIENTED_EDGE('',*,*,#3703,.F.);
#4857=ORIENTED_EDGE('',*,*,#3704,.F.);
#4858=ORIENTED_EDGE('',*,*,#3705,.F.);
#4859=ORIENTED_EDGE('',*,*,#3704,.T.);
#4860=ORIENTED_EDGE('',*,*,#3706,.F.);
#4861=ORIENTED_EDGE('',*,*,#3707,.F.);
#4862=ORIENTED_EDGE('',*,*,#3708,.F.);
#4863=ORIENTED_EDGE('',*,*,#3707,.T.);
#4864=ORIENTED_EDGE('',*,*,#3709,.F.);
#4865=ORIENTED_EDGE('',*,*,#3710,.F.);
#4866=ORIENTED_EDGE('',*,*,#3711,.F.);
#4867=ORIENTED_EDGE('',*,*,#3710,.T.);
#4868=ORIENTED_EDGE('',*,*,#3712,.F.);
#4869=ORIENTED_EDGE('',*,*,#3713,.F.);
#4870=ORIENTED_EDGE('',*,*,#3714,.F.);
#4871=ORIENTED_EDGE('',*,*,#3713,.T.);
#4872=ORIENTED_EDGE('',*,*,#3715,.F.);
#4873=ORIENTED_EDGE('',*,*,#3716,.F.);
#4874=ORIENTED_EDGE('',*,*,#3717,.F.);
#4875=ORIENTED_EDGE('',*,*,#3716,.T.);
#4876=ORIENTED_EDGE('',*,*,#3718,.F.);
#4877=ORIENTED_EDGE('',*,*,#3719,.F.);
#4878=ORIENTED_EDGE('',*,*,#3720,.F.);
#4879=ORIENTED_EDGE('',*,*,#3719,.T.);
#4880=ORIENTED_EDGE('',*,*,#3721,.F.);
#4881=ORIENTED_EDGE('',*,*,#3722,.F.);
#4882=ORIENTED_EDGE('',*,*,#3723,.F.);
#4883=ORIENTED_EDGE('',*,*,#3722,.T.);
#4884=ORIENTED_EDGE('',*,*,#3724,.F.);
#4885=ORIENTED_EDGE('',*,*,#3725,.F.);
#4886=ORIENTED_EDGE('',*,*,#3726,.F.);
#4887=ORIENTED_EDGE('',*,*,#3725,.T.);
#4888=ORIENTED_EDGE('',*,*,#3727,.F.);
#4889=ORIENTED_EDGE('',*,*,#3728,.F.);
#4890=ORIENTED_EDGE('',*,*,#3729,.F.);
#4891=ORIENTED_EDGE('',*,*,#3728,.T.);
#4892=ORIENTED_EDGE('',*,*,#3730,.F.);
#4893=ORIENTED_EDGE('',*,*,#3731,.F.);
#4894=ORIENTED_EDGE('',*,*,#3732,.F.);
#4895=ORIENTED_EDGE('',*,*,#3731,.T.);
#4896=ORIENTED_EDGE('',*,*,#3733,.F.);
#4897=ORIENTED_EDGE('',*,*,#3734,.F.);
#4898=ORIENTED_EDGE('',*,*,#3735,.F.);
#4899=ORIENTED_EDGE('',*,*,#3734,.T.);
#4900=ORIENTED_EDGE('',*,*,#3736,.F.);
#4901=ORIENTED_EDGE('',*,*,#3737,.F.);
#4902=ORIENTED_EDGE('',*,*,#3738,.F.);
#4903=ORIENTED_EDGE('',*,*,#3737,.T.);
#4904=ORIENTED_EDGE('',*,*,#3739,.F.);
#4905=ORIENTED_EDGE('',*,*,#3740,.F.);
#4906=ORIENTED_EDGE('',*,*,#3741,.F.);
#4907=ORIENTED_EDGE('',*,*,#3740,.T.);
#4908=ORIENTED_EDGE('',*,*,#3742,.F.);
#4909=ORIENTED_EDGE('',*,*,#3743,.F.);
#4910=ORIENTED_EDGE('',*,*,#3744,.F.);
#4911=ORIENTED_EDGE('',*,*,#3743,.T.);
#4912=ORIENTED_EDGE('',*,*,#3745,.F.);
#4913=ORIENTED_EDGE('',*,*,#3746,.F.);
#4914=ORIENTED_EDGE('',*,*,#3747,.F.);
#4915=ORIENTED_EDGE('',*,*,#3746,.T.);
#4916=ORIENTED_EDGE('',*,*,#3748,.F.);
#4917=ORIENTED_EDGE('',*,*,#3749,.F.);
#4918=ORIENTED_EDGE('',*,*,#3750,.F.);
#4919=ORIENTED_EDGE('',*,*,#3749,.T.);
#4920=ORIENTED_EDGE('',*,*,#3751,.F.);
#4921=ORIENTED_EDGE('',*,*,#3752,.F.);
#4922=ORIENTED_EDGE('',*,*,#3753,.F.);
#4923=ORIENTED_EDGE('',*,*,#3752,.T.);
#4924=ORIENTED_EDGE('',*,*,#3754,.F.);
#4925=ORIENTED_EDGE('',*,*,#3755,.F.);
#4926=ORIENTED_EDGE('',*,*,#3756,.F.);
#4927=ORIENTED_EDGE('',*,*,#3755,.T.);
#4928=ORIENTED_EDGE('',*,*,#3757,.F.);
#4929=ORIENTED_EDGE('',*,*,#3684,.F.);
#4930=ORIENTED_EDGE('',*,*,#3757,.T.);
#4931=ORIENTED_EDGE('',*,*,#3754,.T.);
#4932=ORIENTED_EDGE('',*,*,#3751,.T.);
#4933=ORIENTED_EDGE('',*,*,#3748,.T.);
#4934=ORIENTED_EDGE('',*,*,#3745,.T.);
#4935=ORIENTED_EDGE('',*,*,#3742,.T.);
#4936=ORIENTED_EDGE('',*,*,#3739,.T.);
#4937=ORIENTED_EDGE('',*,*,#3736,.T.);
#4938=ORIENTED_EDGE('',*,*,#3733,.T.);
#4939=ORIENTED_EDGE('',*,*,#3730,.T.);
#4940=ORIENTED_EDGE('',*,*,#3727,.T.);
#4941=ORIENTED_EDGE('',*,*,#3724,.T.);
#4942=ORIENTED_EDGE('',*,*,#3721,.T.);
#4943=ORIENTED_EDGE('',*,*,#3718,.T.);
#4944=ORIENTED_EDGE('',*,*,#3715,.T.);
#4945=ORIENTED_EDGE('',*,*,#3712,.T.);
#4946=ORIENTED_EDGE('',*,*,#3709,.T.);
#4947=ORIENTED_EDGE('',*,*,#3706,.T.);
#4948=ORIENTED_EDGE('',*,*,#3703,.T.);
#4949=ORIENTED_EDGE('',*,*,#3700,.T.);
#4950=ORIENTED_EDGE('',*,*,#3697,.T.);
#4951=ORIENTED_EDGE('',*,*,#3694,.T.);
#4952=ORIENTED_EDGE('',*,*,#3691,.T.);
#4953=ORIENTED_EDGE('',*,*,#3688,.T.);
#4954=ORIENTED_EDGE('',*,*,#3685,.T.);
#4955=ORIENTED_EDGE('',*,*,#3682,.T.);
#4956=ORIENTED_EDGE('',*,*,#3679,.T.);
#4957=ORIENTED_EDGE('',*,*,#3676,.T.);
#4958=ORIENTED_EDGE('',*,*,#3673,.T.);
#4959=ORIENTED_EDGE('',*,*,#3670,.T.);
#4960=ORIENTED_EDGE('',*,*,#3667,.T.);
#4961=ORIENTED_EDGE('',*,*,#3664,.T.);
#4962=ORIENTED_EDGE('',*,*,#3662,.T.);
#4963=ORIENTED_EDGE('',*,*,#3666,.T.);
#4964=ORIENTED_EDGE('',*,*,#3669,.T.);
#4965=ORIENTED_EDGE('',*,*,#3672,.T.);
#4966=ORIENTED_EDGE('',*,*,#3675,.T.);
#4967=ORIENTED_EDGE('',*,*,#3678,.T.);
#4968=ORIENTED_EDGE('',*,*,#3681,.T.);
#4969=ORIENTED_EDGE('',*,*,#3758,.F.);
#4970=ORIENTED_EDGE('',*,*,#3759,.T.);
#4971=ORIENTED_EDGE('',*,*,#3760,.F.);
#4972=ORIENTED_EDGE('',*,*,#3761,.F.);
#4973=ORIENTED_EDGE('',*,*,#3762,.F.);
#4974=ORIENTED_EDGE('',*,*,#3761,.T.);
#4975=ORIENTED_EDGE('',*,*,#3763,.F.);
#4976=ORIENTED_EDGE('',*,*,#3764,.F.);
#4977=ORIENTED_EDGE('',*,*,#3765,.F.);
#4978=ORIENTED_EDGE('',*,*,#3764,.T.);
#4979=ORIENTED_EDGE('',*,*,#3766,.F.);
#4980=ORIENTED_EDGE('',*,*,#3767,.F.);
#4981=ORIENTED_EDGE('',*,*,#3768,.F.);
#4982=ORIENTED_EDGE('',*,*,#3767,.T.);
#4983=ORIENTED_EDGE('',*,*,#3769,.F.);
#4984=ORIENTED_EDGE('',*,*,#3770,.F.);
#4985=ORIENTED_EDGE('',*,*,#3771,.F.);
#4986=ORIENTED_EDGE('',*,*,#3770,.T.);
#4987=ORIENTED_EDGE('',*,*,#3772,.F.);
#4988=ORIENTED_EDGE('',*,*,#3773,.F.);
#4989=ORIENTED_EDGE('',*,*,#3774,.F.);
#4990=ORIENTED_EDGE('',*,*,#3773,.T.);
#4991=ORIENTED_EDGE('',*,*,#3775,.F.);
#4992=ORIENTED_EDGE('',*,*,#3776,.F.);
#4993=ORIENTED_EDGE('',*,*,#3777,.F.);
#4994=ORIENTED_EDGE('',*,*,#3776,.T.);
#4995=ORIENTED_EDGE('',*,*,#3778,.F.);
#4996=ORIENTED_EDGE('',*,*,#3759,.F.);
#4997=ORIENTED_EDGE('',*,*,#3779,.F.);
#4998=ORIENTED_EDGE('',*,*,#3780,.T.);
#4999=ORIENTED_EDGE('',*,*,#3781,.F.);
#5000=ORIENTED_EDGE('',*,*,#3782,.F.);
#5001=ORIENTED_EDGE('',*,*,#3783,.F.);
#5002=ORIENTED_EDGE('',*,*,#3782,.T.);
#5003=ORIENTED_EDGE('',*,*,#3784,.F.);
#5004=ORIENTED_EDGE('',*,*,#3785,.F.);
#5005=ORIENTED_EDGE('',*,*,#3786,.F.);
#5006=ORIENTED_EDGE('',*,*,#3785,.T.);
#5007=ORIENTED_EDGE('',*,*,#3787,.F.);
#5008=ORIENTED_EDGE('',*,*,#3788,.F.);
#5009=ORIENTED_EDGE('',*,*,#3789,.F.);
#5010=ORIENTED_EDGE('',*,*,#3788,.T.);
#5011=ORIENTED_EDGE('',*,*,#3790,.F.);
#5012=ORIENTED_EDGE('',*,*,#3791,.F.);
#5013=ORIENTED_EDGE('',*,*,#3792,.F.);
#5014=ORIENTED_EDGE('',*,*,#3791,.T.);
#5015=ORIENTED_EDGE('',*,*,#3793,.F.);
#5016=ORIENTED_EDGE('',*,*,#3794,.F.);
#5017=ORIENTED_EDGE('',*,*,#3795,.F.);
#5018=ORIENTED_EDGE('',*,*,#3794,.T.);
#5019=ORIENTED_EDGE('',*,*,#3796,.F.);
#5020=ORIENTED_EDGE('',*,*,#3797,.F.);
#5021=ORIENTED_EDGE('',*,*,#3798,.F.);
#5022=ORIENTED_EDGE('',*,*,#3797,.T.);
#5023=ORIENTED_EDGE('',*,*,#3799,.F.);
#5024=ORIENTED_EDGE('',*,*,#3800,.F.);
#5025=ORIENTED_EDGE('',*,*,#3801,.F.);
#5026=ORIENTED_EDGE('',*,*,#3800,.T.);
#5027=ORIENTED_EDGE('',*,*,#3802,.F.);
#5028=ORIENTED_EDGE('',*,*,#3803,.F.);
#5029=ORIENTED_EDGE('',*,*,#3804,.F.);
#5030=ORIENTED_EDGE('',*,*,#3803,.T.);
#5031=ORIENTED_EDGE('',*,*,#3805,.F.);
#5032=ORIENTED_EDGE('',*,*,#3806,.F.);
#5033=ORIENTED_EDGE('',*,*,#3807,.F.);
#5034=ORIENTED_EDGE('',*,*,#3806,.T.);
#5035=ORIENTED_EDGE('',*,*,#3808,.F.);
#5036=ORIENTED_EDGE('',*,*,#3809,.F.);
#5037=ORIENTED_EDGE('',*,*,#3810,.F.);
#5038=ORIENTED_EDGE('',*,*,#3809,.T.);
#5039=ORIENTED_EDGE('',*,*,#3811,.F.);
#5040=ORIENTED_EDGE('',*,*,#3812,.F.);
#5041=ORIENTED_EDGE('',*,*,#3813,.F.);
#5042=ORIENTED_EDGE('',*,*,#3812,.T.);
#5043=ORIENTED_EDGE('',*,*,#3814,.F.);
#5044=ORIENTED_EDGE('',*,*,#3815,.F.);
#5045=ORIENTED_EDGE('',*,*,#3816,.F.);
#5046=ORIENTED_EDGE('',*,*,#3815,.T.);
#5047=ORIENTED_EDGE('',*,*,#3817,.F.);
#5048=ORIENTED_EDGE('',*,*,#3818,.F.);
#5049=ORIENTED_EDGE('',*,*,#3819,.F.);
#5050=ORIENTED_EDGE('',*,*,#3818,.T.);
#5051=ORIENTED_EDGE('',*,*,#3820,.F.);
#5052=ORIENTED_EDGE('',*,*,#3821,.F.);
#5053=ORIENTED_EDGE('',*,*,#3822,.F.);
#5054=ORIENTED_EDGE('',*,*,#3821,.T.);
#5055=ORIENTED_EDGE('',*,*,#3823,.F.);
#5056=ORIENTED_EDGE('',*,*,#3824,.F.);
#5057=ORIENTED_EDGE('',*,*,#3825,.F.);
#5058=ORIENTED_EDGE('',*,*,#3824,.T.);
#5059=ORIENTED_EDGE('',*,*,#3826,.F.);
#5060=ORIENTED_EDGE('',*,*,#3827,.F.);
#5061=ORIENTED_EDGE('',*,*,#3828,.F.);
#5062=ORIENTED_EDGE('',*,*,#3827,.T.);
#5063=ORIENTED_EDGE('',*,*,#3829,.F.);
#5064=ORIENTED_EDGE('',*,*,#3830,.F.);
#5065=ORIENTED_EDGE('',*,*,#3831,.F.);
#5066=ORIENTED_EDGE('',*,*,#3830,.T.);
#5067=ORIENTED_EDGE('',*,*,#3832,.F.);
#5068=ORIENTED_EDGE('',*,*,#3833,.F.);
#5069=ORIENTED_EDGE('',*,*,#3834,.F.);
#5070=ORIENTED_EDGE('',*,*,#3833,.T.);
#5071=ORIENTED_EDGE('',*,*,#3835,.F.);
#5072=ORIENTED_EDGE('',*,*,#3836,.F.);
#5073=ORIENTED_EDGE('',*,*,#3837,.F.);
#5074=ORIENTED_EDGE('',*,*,#3836,.T.);
#5075=ORIENTED_EDGE('',*,*,#3838,.F.);
#5076=ORIENTED_EDGE('',*,*,#3839,.F.);
#5077=ORIENTED_EDGE('',*,*,#3840,.F.);
#5078=ORIENTED_EDGE('',*,*,#3839,.T.);
#5079=ORIENTED_EDGE('',*,*,#3841,.F.);
#5080=ORIENTED_EDGE('',*,*,#3842,.F.);
#5081=ORIENTED_EDGE('',*,*,#3843,.F.);
#5082=ORIENTED_EDGE('',*,*,#3842,.T.);
#5083=ORIENTED_EDGE('',*,*,#3844,.F.);
#5084=ORIENTED_EDGE('',*,*,#3845,.F.);
#5085=ORIENTED_EDGE('',*,*,#3846,.F.);
#5086=ORIENTED_EDGE('',*,*,#3845,.T.);
#5087=ORIENTED_EDGE('',*,*,#3847,.F.);
#5088=ORIENTED_EDGE('',*,*,#3848,.F.);
#5089=ORIENTED_EDGE('',*,*,#3849,.F.);
#5090=ORIENTED_EDGE('',*,*,#3848,.T.);
#5091=ORIENTED_EDGE('',*,*,#3850,.F.);
#5092=ORIENTED_EDGE('',*,*,#3851,.F.);
#5093=ORIENTED_EDGE('',*,*,#3852,.F.);
#5094=ORIENTED_EDGE('',*,*,#3851,.T.);
#5095=ORIENTED_EDGE('',*,*,#3853,.F.);
#5096=ORIENTED_EDGE('',*,*,#3780,.F.);
#5097=ORIENTED_EDGE('',*,*,#3853,.T.);
#5098=ORIENTED_EDGE('',*,*,#3850,.T.);
#5099=ORIENTED_EDGE('',*,*,#3847,.T.);
#5100=ORIENTED_EDGE('',*,*,#3844,.T.);
#5101=ORIENTED_EDGE('',*,*,#3841,.T.);
#5102=ORIENTED_EDGE('',*,*,#3838,.T.);
#5103=ORIENTED_EDGE('',*,*,#3835,.T.);
#5104=ORIENTED_EDGE('',*,*,#3832,.T.);
#5105=ORIENTED_EDGE('',*,*,#3829,.T.);
#5106=ORIENTED_EDGE('',*,*,#3826,.T.);
#5107=ORIENTED_EDGE('',*,*,#3823,.T.);
#5108=ORIENTED_EDGE('',*,*,#3820,.T.);
#5109=ORIENTED_EDGE('',*,*,#3817,.T.);
#5110=ORIENTED_EDGE('',*,*,#3814,.T.);
#5111=ORIENTED_EDGE('',*,*,#3811,.T.);
#5112=ORIENTED_EDGE('',*,*,#3808,.T.);
#5113=ORIENTED_EDGE('',*,*,#3805,.T.);
#5114=ORIENTED_EDGE('',*,*,#3802,.T.);
#5115=ORIENTED_EDGE('',*,*,#3799,.T.);
#5116=ORIENTED_EDGE('',*,*,#3796,.T.);
#5117=ORIENTED_EDGE('',*,*,#3793,.T.);
#5118=ORIENTED_EDGE('',*,*,#3790,.T.);
#5119=ORIENTED_EDGE('',*,*,#3787,.T.);
#5120=ORIENTED_EDGE('',*,*,#3784,.T.);
#5121=ORIENTED_EDGE('',*,*,#3781,.T.);
#5122=ORIENTED_EDGE('',*,*,#3778,.T.);
#5123=ORIENTED_EDGE('',*,*,#3775,.T.);
#5124=ORIENTED_EDGE('',*,*,#3772,.T.);
#5125=ORIENTED_EDGE('',*,*,#3769,.T.);
#5126=ORIENTED_EDGE('',*,*,#3766,.T.);
#5127=ORIENTED_EDGE('',*,*,#3763,.T.);
#5128=ORIENTED_EDGE('',*,*,#3760,.T.);
#5129=ORIENTED_EDGE('',*,*,#3758,.T.);
#5130=ORIENTED_EDGE('',*,*,#3762,.T.);
#5131=ORIENTED_EDGE('',*,*,#3765,.T.);
#5132=ORIENTED_EDGE('',*,*,#3768,.T.);
#5133=ORIENTED_EDGE('',*,*,#3771,.T.);
#5134=ORIENTED_EDGE('',*,*,#3774,.T.);
#5135=ORIENTED_EDGE('',*,*,#3777,.T.);
#5136=ORIENTED_EDGE('',*,*,#3854,.F.);
#5137=ORIENTED_EDGE('',*,*,#3855,.T.);
#5138=ORIENTED_EDGE('',*,*,#3856,.F.);
#5139=ORIENTED_EDGE('',*,*,#3857,.F.);
#5140=ORIENTED_EDGE('',*,*,#3858,.F.);
#5141=ORIENTED_EDGE('',*,*,#3857,.T.);
#5142=ORIENTED_EDGE('',*,*,#3859,.F.);
#5143=ORIENTED_EDGE('',*,*,#3860,.F.);
#5144=ORIENTED_EDGE('',*,*,#3861,.F.);
#5145=ORIENTED_EDGE('',*,*,#3860,.T.);
#5146=ORIENTED_EDGE('',*,*,#3862,.F.);
#5147=ORIENTED_EDGE('',*,*,#3863,.F.);
#5148=ORIENTED_EDGE('',*,*,#3864,.F.);
#5149=ORIENTED_EDGE('',*,*,#3863,.T.);
#5150=ORIENTED_EDGE('',*,*,#3865,.F.);
#5151=ORIENTED_EDGE('',*,*,#3866,.F.);
#5152=ORIENTED_EDGE('',*,*,#3867,.F.);
#5153=ORIENTED_EDGE('',*,*,#3866,.T.);
#5154=ORIENTED_EDGE('',*,*,#3868,.F.);
#5155=ORIENTED_EDGE('',*,*,#3869,.F.);
#5156=ORIENTED_EDGE('',*,*,#3870,.F.);
#5157=ORIENTED_EDGE('',*,*,#3869,.T.);
#5158=ORIENTED_EDGE('',*,*,#3871,.F.);
#5159=ORIENTED_EDGE('',*,*,#3872,.F.);
#5160=ORIENTED_EDGE('',*,*,#3873,.F.);
#5161=ORIENTED_EDGE('',*,*,#3872,.T.);
#5162=ORIENTED_EDGE('',*,*,#3874,.F.);
#5163=ORIENTED_EDGE('',*,*,#3875,.F.);
#5164=ORIENTED_EDGE('',*,*,#3876,.F.);
#5165=ORIENTED_EDGE('',*,*,#3875,.T.);
#5166=ORIENTED_EDGE('',*,*,#3877,.F.);
#5167=ORIENTED_EDGE('',*,*,#3878,.F.);
#5168=ORIENTED_EDGE('',*,*,#3879,.F.);
#5169=ORIENTED_EDGE('',*,*,#3878,.T.);
#5170=ORIENTED_EDGE('',*,*,#3880,.F.);
#5171=ORIENTED_EDGE('',*,*,#3881,.F.);
#5172=ORIENTED_EDGE('',*,*,#3882,.F.);
#5173=ORIENTED_EDGE('',*,*,#3881,.T.);
#5174=ORIENTED_EDGE('',*,*,#3883,.F.);
#5175=ORIENTED_EDGE('',*,*,#3884,.F.);
#5176=ORIENTED_EDGE('',*,*,#3885,.F.);
#5177=ORIENTED_EDGE('',*,*,#3884,.T.);
#5178=ORIENTED_EDGE('',*,*,#3886,.F.);
#5179=ORIENTED_EDGE('',*,*,#3887,.F.);
#5180=ORIENTED_EDGE('',*,*,#3888,.F.);
#5181=ORIENTED_EDGE('',*,*,#3887,.T.);
#5182=ORIENTED_EDGE('',*,*,#3889,.F.);
#5183=ORIENTED_EDGE('',*,*,#3890,.F.);
#5184=ORIENTED_EDGE('',*,*,#3891,.F.);
#5185=ORIENTED_EDGE('',*,*,#3890,.T.);
#5186=ORIENTED_EDGE('',*,*,#3892,.F.);
#5187=ORIENTED_EDGE('',*,*,#3893,.F.);
#5188=ORIENTED_EDGE('',*,*,#3894,.F.);
#5189=ORIENTED_EDGE('',*,*,#3893,.T.);
#5190=ORIENTED_EDGE('',*,*,#3895,.F.);
#5191=ORIENTED_EDGE('',*,*,#3896,.F.);
#5192=ORIENTED_EDGE('',*,*,#3897,.F.);
#5193=ORIENTED_EDGE('',*,*,#3896,.T.);
#5194=ORIENTED_EDGE('',*,*,#3898,.F.);
#5195=ORIENTED_EDGE('',*,*,#3899,.F.);
#5196=ORIENTED_EDGE('',*,*,#3900,.F.);
#5197=ORIENTED_EDGE('',*,*,#3899,.T.);
#5198=ORIENTED_EDGE('',*,*,#3901,.F.);
#5199=ORIENTED_EDGE('',*,*,#3902,.F.);
#5200=ORIENTED_EDGE('',*,*,#3903,.F.);
#5201=ORIENTED_EDGE('',*,*,#3902,.T.);
#5202=ORIENTED_EDGE('',*,*,#3904,.F.);
#5203=ORIENTED_EDGE('',*,*,#3905,.F.);
#5204=ORIENTED_EDGE('',*,*,#3906,.F.);
#5205=ORIENTED_EDGE('',*,*,#3905,.T.);
#5206=ORIENTED_EDGE('',*,*,#3907,.F.);
#5207=ORIENTED_EDGE('',*,*,#3908,.F.);
#5208=ORIENTED_EDGE('',*,*,#3909,.F.);
#5209=ORIENTED_EDGE('',*,*,#3908,.T.);
#5210=ORIENTED_EDGE('',*,*,#3910,.F.);
#5211=ORIENTED_EDGE('',*,*,#3855,.F.);
#5212=ORIENTED_EDGE('',*,*,#3910,.T.);
#5213=ORIENTED_EDGE('',*,*,#3907,.T.);
#5214=ORIENTED_EDGE('',*,*,#3904,.T.);
#5215=ORIENTED_EDGE('',*,*,#3901,.T.);
#5216=ORIENTED_EDGE('',*,*,#3898,.T.);
#5217=ORIENTED_EDGE('',*,*,#3895,.T.);
#5218=ORIENTED_EDGE('',*,*,#3892,.T.);
#5219=ORIENTED_EDGE('',*,*,#3889,.T.);
#5220=ORIENTED_EDGE('',*,*,#3886,.T.);
#5221=ORIENTED_EDGE('',*,*,#3883,.T.);
#5222=ORIENTED_EDGE('',*,*,#3880,.T.);
#5223=ORIENTED_EDGE('',*,*,#3877,.T.);
#5224=ORIENTED_EDGE('',*,*,#3874,.T.);
#5225=ORIENTED_EDGE('',*,*,#3871,.T.);
#5226=ORIENTED_EDGE('',*,*,#3868,.T.);
#5227=ORIENTED_EDGE('',*,*,#3865,.T.);
#5228=ORIENTED_EDGE('',*,*,#3862,.T.);
#5229=ORIENTED_EDGE('',*,*,#3859,.T.);
#5230=ORIENTED_EDGE('',*,*,#3856,.T.);
#5231=ORIENTED_EDGE('',*,*,#3911,.F.);
#5232=ORIENTED_EDGE('',*,*,#3912,.T.);
#5233=ORIENTED_EDGE('',*,*,#3913,.F.);
#5234=ORIENTED_EDGE('',*,*,#3914,.F.);
#5235=ORIENTED_EDGE('',*,*,#3915,.F.);
#5236=ORIENTED_EDGE('',*,*,#3914,.T.);
#5237=ORIENTED_EDGE('',*,*,#3916,.F.);
#5238=ORIENTED_EDGE('',*,*,#3917,.F.);
#5239=ORIENTED_EDGE('',*,*,#3918,.F.);
#5240=ORIENTED_EDGE('',*,*,#3917,.T.);
#5241=ORIENTED_EDGE('',*,*,#3919,.F.);
#5242=ORIENTED_EDGE('',*,*,#3920,.F.);
#5243=ORIENTED_EDGE('',*,*,#3921,.F.);
#5244=ORIENTED_EDGE('',*,*,#3920,.T.);
#5245=ORIENTED_EDGE('',*,*,#3922,.F.);
#5246=ORIENTED_EDGE('',*,*,#3923,.F.);
#5247=ORIENTED_EDGE('',*,*,#3924,.F.);
#5248=ORIENTED_EDGE('',*,*,#3923,.T.);
#5249=ORIENTED_EDGE('',*,*,#3925,.F.);
#5250=ORIENTED_EDGE('',*,*,#3926,.F.);
#5251=ORIENTED_EDGE('',*,*,#3927,.F.);
#5252=ORIENTED_EDGE('',*,*,#3926,.T.);
#5253=ORIENTED_EDGE('',*,*,#3928,.F.);
#5254=ORIENTED_EDGE('',*,*,#3929,.F.);
#5255=ORIENTED_EDGE('',*,*,#3930,.F.);
#5256=ORIENTED_EDGE('',*,*,#3929,.T.);
#5257=ORIENTED_EDGE('',*,*,#3931,.F.);
#5258=ORIENTED_EDGE('',*,*,#3932,.F.);
#5259=ORIENTED_EDGE('',*,*,#3933,.F.);
#5260=ORIENTED_EDGE('',*,*,#3932,.T.);
#5261=ORIENTED_EDGE('',*,*,#3934,.F.);
#5262=ORIENTED_EDGE('',*,*,#3935,.F.);
#5263=ORIENTED_EDGE('',*,*,#3936,.F.);
#5264=ORIENTED_EDGE('',*,*,#3935,.T.);
#5265=ORIENTED_EDGE('',*,*,#3937,.F.);
#5266=ORIENTED_EDGE('',*,*,#3938,.F.);
#5267=ORIENTED_EDGE('',*,*,#3939,.F.);
#5268=ORIENTED_EDGE('',*,*,#3938,.T.);
#5269=ORIENTED_EDGE('',*,*,#3940,.F.);
#5270=ORIENTED_EDGE('',*,*,#3941,.F.);
#5271=ORIENTED_EDGE('',*,*,#3942,.F.);
#5272=ORIENTED_EDGE('',*,*,#3941,.T.);
#5273=ORIENTED_EDGE('',*,*,#3943,.F.);
#5274=ORIENTED_EDGE('',*,*,#3944,.F.);
#5275=ORIENTED_EDGE('',*,*,#3945,.F.);
#5276=ORIENTED_EDGE('',*,*,#3944,.T.);
#5277=ORIENTED_EDGE('',*,*,#3946,.F.);
#5278=ORIENTED_EDGE('',*,*,#3947,.F.);
#5279=ORIENTED_EDGE('',*,*,#3948,.F.);
#5280=ORIENTED_EDGE('',*,*,#3947,.T.);
#5281=ORIENTED_EDGE('',*,*,#3949,.F.);
#5282=ORIENTED_EDGE('',*,*,#3950,.F.);
#5283=ORIENTED_EDGE('',*,*,#3951,.F.);
#5284=ORIENTED_EDGE('',*,*,#3950,.T.);
#5285=ORIENTED_EDGE('',*,*,#3952,.F.);
#5286=ORIENTED_EDGE('',*,*,#3953,.F.);
#5287=ORIENTED_EDGE('',*,*,#3954,.F.);
#5288=ORIENTED_EDGE('',*,*,#3953,.T.);
#5289=ORIENTED_EDGE('',*,*,#3955,.F.);
#5290=ORIENTED_EDGE('',*,*,#3956,.F.);
#5291=ORIENTED_EDGE('',*,*,#3957,.F.);
#5292=ORIENTED_EDGE('',*,*,#3956,.T.);
#5293=ORIENTED_EDGE('',*,*,#3958,.F.);
#5294=ORIENTED_EDGE('',*,*,#3959,.F.);
#5295=ORIENTED_EDGE('',*,*,#3960,.F.);
#5296=ORIENTED_EDGE('',*,*,#3959,.T.);
#5297=ORIENTED_EDGE('',*,*,#3961,.F.);
#5298=ORIENTED_EDGE('',*,*,#3962,.F.);
#5299=ORIENTED_EDGE('',*,*,#3963,.F.);
#5300=ORIENTED_EDGE('',*,*,#3962,.T.);
#5301=ORIENTED_EDGE('',*,*,#3964,.F.);
#5302=ORIENTED_EDGE('',*,*,#3965,.F.);
#5303=ORIENTED_EDGE('',*,*,#3966,.F.);
#5304=ORIENTED_EDGE('',*,*,#3965,.T.);
#5305=ORIENTED_EDGE('',*,*,#3967,.F.);
#5306=ORIENTED_EDGE('',*,*,#3968,.F.);
#5307=ORIENTED_EDGE('',*,*,#3969,.F.);
#5308=ORIENTED_EDGE('',*,*,#3968,.T.);
#5309=ORIENTED_EDGE('',*,*,#3970,.F.);
#5310=ORIENTED_EDGE('',*,*,#3971,.F.);
#5311=ORIENTED_EDGE('',*,*,#3972,.F.);
#5312=ORIENTED_EDGE('',*,*,#3971,.T.);
#5313=ORIENTED_EDGE('',*,*,#3973,.F.);
#5314=ORIENTED_EDGE('',*,*,#3974,.F.);
#5315=ORIENTED_EDGE('',*,*,#3975,.F.);
#5316=ORIENTED_EDGE('',*,*,#3974,.T.);
#5317=ORIENTED_EDGE('',*,*,#3976,.F.);
#5318=ORIENTED_EDGE('',*,*,#3977,.F.);
#5319=ORIENTED_EDGE('',*,*,#3978,.F.);
#5320=ORIENTED_EDGE('',*,*,#3977,.T.);
#5321=ORIENTED_EDGE('',*,*,#3979,.F.);
#5322=ORIENTED_EDGE('',*,*,#3980,.F.);
#5323=ORIENTED_EDGE('',*,*,#3981,.F.);
#5324=ORIENTED_EDGE('',*,*,#3980,.T.);
#5325=ORIENTED_EDGE('',*,*,#3982,.F.);
#5326=ORIENTED_EDGE('',*,*,#3983,.F.);
#5327=ORIENTED_EDGE('',*,*,#3984,.F.);
#5328=ORIENTED_EDGE('',*,*,#3983,.T.);
#5329=ORIENTED_EDGE('',*,*,#3985,.F.);
#5330=ORIENTED_EDGE('',*,*,#3986,.F.);
#5331=ORIENTED_EDGE('',*,*,#3987,.F.);
#5332=ORIENTED_EDGE('',*,*,#3986,.T.);
#5333=ORIENTED_EDGE('',*,*,#3988,.F.);
#5334=ORIENTED_EDGE('',*,*,#3989,.F.);
#5335=ORIENTED_EDGE('',*,*,#3990,.F.);
#5336=ORIENTED_EDGE('',*,*,#3989,.T.);
#5337=ORIENTED_EDGE('',*,*,#3991,.F.);
#5338=ORIENTED_EDGE('',*,*,#3992,.F.);
#5339=ORIENTED_EDGE('',*,*,#3993,.F.);
#5340=ORIENTED_EDGE('',*,*,#3992,.T.);
#5341=ORIENTED_EDGE('',*,*,#3994,.F.);
#5342=ORIENTED_EDGE('',*,*,#3995,.F.);
#5343=ORIENTED_EDGE('',*,*,#3996,.F.);
#5344=ORIENTED_EDGE('',*,*,#3995,.T.);
#5345=ORIENTED_EDGE('',*,*,#3997,.F.);
#5346=ORIENTED_EDGE('',*,*,#3998,.F.);
#5347=ORIENTED_EDGE('',*,*,#3999,.F.);
#5348=ORIENTED_EDGE('',*,*,#3998,.T.);
#5349=ORIENTED_EDGE('',*,*,#4000,.F.);
#5350=ORIENTED_EDGE('',*,*,#4001,.F.);
#5351=ORIENTED_EDGE('',*,*,#4002,.F.);
#5352=ORIENTED_EDGE('',*,*,#4001,.T.);
#5353=ORIENTED_EDGE('',*,*,#4003,.F.);
#5354=ORIENTED_EDGE('',*,*,#4004,.F.);
#5355=ORIENTED_EDGE('',*,*,#4005,.F.);
#5356=ORIENTED_EDGE('',*,*,#4004,.T.);
#5357=ORIENTED_EDGE('',*,*,#4006,.F.);
#5358=ORIENTED_EDGE('',*,*,#4007,.F.);
#5359=ORIENTED_EDGE('',*,*,#4008,.F.);
#5360=ORIENTED_EDGE('',*,*,#4007,.T.);
#5361=ORIENTED_EDGE('',*,*,#4009,.F.);
#5362=ORIENTED_EDGE('',*,*,#4010,.F.);
#5363=ORIENTED_EDGE('',*,*,#4011,.F.);
#5364=ORIENTED_EDGE('',*,*,#4010,.T.);
#5365=ORIENTED_EDGE('',*,*,#4012,.F.);
#5366=ORIENTED_EDGE('',*,*,#4013,.F.);
#5367=ORIENTED_EDGE('',*,*,#4014,.F.);
#5368=ORIENTED_EDGE('',*,*,#4013,.T.);
#5369=ORIENTED_EDGE('',*,*,#4015,.F.);
#5370=ORIENTED_EDGE('',*,*,#3912,.F.);
#5371=ORIENTED_EDGE('',*,*,#4015,.T.);
#5372=ORIENTED_EDGE('',*,*,#4012,.T.);
#5373=ORIENTED_EDGE('',*,*,#4009,.T.);
#5374=ORIENTED_EDGE('',*,*,#4006,.T.);
#5375=ORIENTED_EDGE('',*,*,#4003,.T.);
#5376=ORIENTED_EDGE('',*,*,#4000,.T.);
#5377=ORIENTED_EDGE('',*,*,#3997,.T.);
#5378=ORIENTED_EDGE('',*,*,#3994,.T.);
#5379=ORIENTED_EDGE('',*,*,#3991,.T.);
#5380=ORIENTED_EDGE('',*,*,#3988,.T.);
#5381=ORIENTED_EDGE('',*,*,#3985,.T.);
#5382=ORIENTED_EDGE('',*,*,#3982,.T.);
#5383=ORIENTED_EDGE('',*,*,#3979,.T.);
#5384=ORIENTED_EDGE('',*,*,#3976,.T.);
#5385=ORIENTED_EDGE('',*,*,#3973,.T.);
#5386=ORIENTED_EDGE('',*,*,#3970,.T.);
#5387=ORIENTED_EDGE('',*,*,#3967,.T.);
#5388=ORIENTED_EDGE('',*,*,#3964,.T.);
#5389=ORIENTED_EDGE('',*,*,#3961,.T.);
#5390=ORIENTED_EDGE('',*,*,#3958,.T.);
#5391=ORIENTED_EDGE('',*,*,#3955,.T.);
#5392=ORIENTED_EDGE('',*,*,#3952,.T.);
#5393=ORIENTED_EDGE('',*,*,#3949,.T.);
#5394=ORIENTED_EDGE('',*,*,#3946,.T.);
#5395=ORIENTED_EDGE('',*,*,#3943,.T.);
#5396=ORIENTED_EDGE('',*,*,#3940,.T.);
#5397=ORIENTED_EDGE('',*,*,#3937,.T.);
#5398=ORIENTED_EDGE('',*,*,#3934,.T.);
#5399=ORIENTED_EDGE('',*,*,#3931,.T.);
#5400=ORIENTED_EDGE('',*,*,#3928,.T.);
#5401=ORIENTED_EDGE('',*,*,#3925,.T.);
#5402=ORIENTED_EDGE('',*,*,#3922,.T.);
#5403=ORIENTED_EDGE('',*,*,#3919,.T.);
#5404=ORIENTED_EDGE('',*,*,#3916,.T.);
#5405=ORIENTED_EDGE('',*,*,#3913,.T.);
#5406=ORIENTED_EDGE('',*,*,#4016,.F.);
#5407=ORIENTED_EDGE('',*,*,#4017,.T.);
#5408=ORIENTED_EDGE('',*,*,#4018,.F.);
#5409=ORIENTED_EDGE('',*,*,#4019,.F.);
#5410=ORIENTED_EDGE('',*,*,#4020,.F.);
#5411=ORIENTED_EDGE('',*,*,#4019,.T.);
#5412=ORIENTED_EDGE('',*,*,#4021,.F.);
#5413=ORIENTED_EDGE('',*,*,#4022,.F.);
#5414=ORIENTED_EDGE('',*,*,#4023,.F.);
#5415=ORIENTED_EDGE('',*,*,#4022,.T.);
#5416=ORIENTED_EDGE('',*,*,#4024,.F.);
#5417=ORIENTED_EDGE('',*,*,#4025,.F.);
#5418=ORIENTED_EDGE('',*,*,#4026,.F.);
#5419=ORIENTED_EDGE('',*,*,#4025,.T.);
#5420=ORIENTED_EDGE('',*,*,#4027,.F.);
#5421=ORIENTED_EDGE('',*,*,#4028,.F.);
#5422=ORIENTED_EDGE('',*,*,#4029,.F.);
#5423=ORIENTED_EDGE('',*,*,#4028,.T.);
#5424=ORIENTED_EDGE('',*,*,#4030,.F.);
#5425=ORIENTED_EDGE('',*,*,#4031,.F.);
#5426=ORIENTED_EDGE('',*,*,#4032,.F.);
#5427=ORIENTED_EDGE('',*,*,#4031,.T.);
#5428=ORIENTED_EDGE('',*,*,#4033,.F.);
#5429=ORIENTED_EDGE('',*,*,#4034,.F.);
#5430=ORIENTED_EDGE('',*,*,#4035,.F.);
#5431=ORIENTED_EDGE('',*,*,#4034,.T.);
#5432=ORIENTED_EDGE('',*,*,#4036,.F.);
#5433=ORIENTED_EDGE('',*,*,#4037,.F.);
#5434=ORIENTED_EDGE('',*,*,#4038,.F.);
#5435=ORIENTED_EDGE('',*,*,#4037,.T.);
#5436=ORIENTED_EDGE('',*,*,#4039,.F.);
#5437=ORIENTED_EDGE('',*,*,#4040,.F.);
#5438=ORIENTED_EDGE('',*,*,#4041,.F.);
#5439=ORIENTED_EDGE('',*,*,#4040,.T.);
#5440=ORIENTED_EDGE('',*,*,#4042,.F.);
#5441=ORIENTED_EDGE('',*,*,#4043,.F.);
#5442=ORIENTED_EDGE('',*,*,#4044,.F.);
#5443=ORIENTED_EDGE('',*,*,#4043,.T.);
#5444=ORIENTED_EDGE('',*,*,#4045,.F.);
#5445=ORIENTED_EDGE('',*,*,#4046,.F.);
#5446=ORIENTED_EDGE('',*,*,#4047,.F.);
#5447=ORIENTED_EDGE('',*,*,#4046,.T.);
#5448=ORIENTED_EDGE('',*,*,#4048,.F.);
#5449=ORIENTED_EDGE('',*,*,#4049,.F.);
#5450=ORIENTED_EDGE('',*,*,#4050,.F.);
#5451=ORIENTED_EDGE('',*,*,#4049,.T.);
#5452=ORIENTED_EDGE('',*,*,#4051,.F.);
#5453=ORIENTED_EDGE('',*,*,#4052,.F.);
#5454=ORIENTED_EDGE('',*,*,#4053,.F.);
#5455=ORIENTED_EDGE('',*,*,#4052,.T.);
#5456=ORIENTED_EDGE('',*,*,#4054,.F.);
#5457=ORIENTED_EDGE('',*,*,#4055,.F.);
#5458=ORIENTED_EDGE('',*,*,#4056,.F.);
#5459=ORIENTED_EDGE('',*,*,#4055,.T.);
#5460=ORIENTED_EDGE('',*,*,#4057,.F.);
#5461=ORIENTED_EDGE('',*,*,#4058,.F.);
#5462=ORIENTED_EDGE('',*,*,#4059,.F.);
#5463=ORIENTED_EDGE('',*,*,#4058,.T.);
#5464=ORIENTED_EDGE('',*,*,#4060,.F.);
#5465=ORIENTED_EDGE('',*,*,#4061,.F.);
#5466=ORIENTED_EDGE('',*,*,#4062,.F.);
#5467=ORIENTED_EDGE('',*,*,#4061,.T.);
#5468=ORIENTED_EDGE('',*,*,#4063,.F.);
#5469=ORIENTED_EDGE('',*,*,#4064,.F.);
#5470=ORIENTED_EDGE('',*,*,#4065,.F.);
#5471=ORIENTED_EDGE('',*,*,#4064,.T.);
#5472=ORIENTED_EDGE('',*,*,#4066,.F.);
#5473=ORIENTED_EDGE('',*,*,#4067,.F.);
#5474=ORIENTED_EDGE('',*,*,#4068,.F.);
#5475=ORIENTED_EDGE('',*,*,#4067,.T.);
#5476=ORIENTED_EDGE('',*,*,#4069,.F.);
#5477=ORIENTED_EDGE('',*,*,#4017,.F.);
#5478=ORIENTED_EDGE('',*,*,#4069,.T.);
#5479=ORIENTED_EDGE('',*,*,#4066,.T.);
#5480=ORIENTED_EDGE('',*,*,#4063,.T.);
#5481=ORIENTED_EDGE('',*,*,#4060,.T.);
#5482=ORIENTED_EDGE('',*,*,#4057,.T.);
#5483=ORIENTED_EDGE('',*,*,#4054,.T.);
#5484=ORIENTED_EDGE('',*,*,#4051,.T.);
#5485=ORIENTED_EDGE('',*,*,#4048,.T.);
#5486=ORIENTED_EDGE('',*,*,#4045,.T.);
#5487=ORIENTED_EDGE('',*,*,#4042,.T.);
#5488=ORIENTED_EDGE('',*,*,#4039,.T.);
#5489=ORIENTED_EDGE('',*,*,#4036,.T.);
#5490=ORIENTED_EDGE('',*,*,#4033,.T.);
#5491=ORIENTED_EDGE('',*,*,#4030,.T.);
#5492=ORIENTED_EDGE('',*,*,#4027,.T.);
#5493=ORIENTED_EDGE('',*,*,#4024,.T.);
#5494=ORIENTED_EDGE('',*,*,#4021,.T.);
#5495=ORIENTED_EDGE('',*,*,#4018,.T.);
#5496=ORIENTED_EDGE('',*,*,#4070,.F.);
#5497=ORIENTED_EDGE('',*,*,#4071,.T.);
#5498=ORIENTED_EDGE('',*,*,#4072,.F.);
#5499=ORIENTED_EDGE('',*,*,#4073,.F.);
#5500=ORIENTED_EDGE('',*,*,#4074,.F.);
#5501=ORIENTED_EDGE('',*,*,#4073,.T.);
#5502=ORIENTED_EDGE('',*,*,#4075,.F.);
#5503=ORIENTED_EDGE('',*,*,#4076,.F.);
#5504=ORIENTED_EDGE('',*,*,#4077,.F.);
#5505=ORIENTED_EDGE('',*,*,#4076,.T.);
#5506=ORIENTED_EDGE('',*,*,#4078,.F.);
#5507=ORIENTED_EDGE('',*,*,#4079,.F.);
#5508=ORIENTED_EDGE('',*,*,#4080,.F.);
#5509=ORIENTED_EDGE('',*,*,#4079,.T.);
#5510=ORIENTED_EDGE('',*,*,#4081,.F.);
#5511=ORIENTED_EDGE('',*,*,#4071,.F.);
#5512=ORIENTED_EDGE('',*,*,#4081,.T.);
#5513=ORIENTED_EDGE('',*,*,#4078,.T.);
#5514=ORIENTED_EDGE('',*,*,#4075,.T.);
#5515=ORIENTED_EDGE('',*,*,#4072,.T.);
#5516=ORIENTED_EDGE('',*,*,#4082,.F.);
#5517=ORIENTED_EDGE('',*,*,#4083,.T.);
#5518=ORIENTED_EDGE('',*,*,#4084,.F.);
#5519=ORIENTED_EDGE('',*,*,#4085,.F.);
#5520=ORIENTED_EDGE('',*,*,#4086,.F.);
#5521=ORIENTED_EDGE('',*,*,#4085,.T.);
#5522=ORIENTED_EDGE('',*,*,#4087,.F.);
#5523=ORIENTED_EDGE('',*,*,#4088,.F.);
#5524=ORIENTED_EDGE('',*,*,#4089,.F.);
#5525=ORIENTED_EDGE('',*,*,#4088,.T.);
#5526=ORIENTED_EDGE('',*,*,#4090,.F.);
#5527=ORIENTED_EDGE('',*,*,#4091,.F.);
#5528=ORIENTED_EDGE('',*,*,#4092,.F.);
#5529=ORIENTED_EDGE('',*,*,#4091,.T.);
#5530=ORIENTED_EDGE('',*,*,#4093,.F.);
#5531=ORIENTED_EDGE('',*,*,#4094,.F.);
#5532=ORIENTED_EDGE('',*,*,#4095,.F.);
#5533=ORIENTED_EDGE('',*,*,#4094,.T.);
#5534=ORIENTED_EDGE('',*,*,#4096,.F.);
#5535=ORIENTED_EDGE('',*,*,#4097,.F.);
#5536=ORIENTED_EDGE('',*,*,#4098,.F.);
#5537=ORIENTED_EDGE('',*,*,#4097,.T.);
#5538=ORIENTED_EDGE('',*,*,#4099,.F.);
#5539=ORIENTED_EDGE('',*,*,#4100,.F.);
#5540=ORIENTED_EDGE('',*,*,#4101,.F.);
#5541=ORIENTED_EDGE('',*,*,#4100,.T.);
#5542=ORIENTED_EDGE('',*,*,#4102,.F.);
#5543=ORIENTED_EDGE('',*,*,#4103,.F.);
#5544=ORIENTED_EDGE('',*,*,#4104,.F.);
#5545=ORIENTED_EDGE('',*,*,#4103,.T.);
#5546=ORIENTED_EDGE('',*,*,#4105,.F.);
#5547=ORIENTED_EDGE('',*,*,#4106,.F.);
#5548=ORIENTED_EDGE('',*,*,#4107,.F.);
#5549=ORIENTED_EDGE('',*,*,#4106,.T.);
#5550=ORIENTED_EDGE('',*,*,#4108,.F.);
#5551=ORIENTED_EDGE('',*,*,#4109,.F.);
#5552=ORIENTED_EDGE('',*,*,#4110,.F.);
#5553=ORIENTED_EDGE('',*,*,#4109,.T.);
#5554=ORIENTED_EDGE('',*,*,#4111,.F.);
#5555=ORIENTED_EDGE('',*,*,#4083,.F.);
#5556=ORIENTED_EDGE('',*,*,#4112,.F.);
#5557=ORIENTED_EDGE('',*,*,#4113,.T.);
#5558=ORIENTED_EDGE('',*,*,#4114,.F.);
#5559=ORIENTED_EDGE('',*,*,#4115,.F.);
#5560=ORIENTED_EDGE('',*,*,#4116,.F.);
#5561=ORIENTED_EDGE('',*,*,#4115,.T.);
#5562=ORIENTED_EDGE('',*,*,#4117,.F.);
#5563=ORIENTED_EDGE('',*,*,#4118,.F.);
#5564=ORIENTED_EDGE('',*,*,#4119,.F.);
#5565=ORIENTED_EDGE('',*,*,#4118,.T.);
#5566=ORIENTED_EDGE('',*,*,#4120,.F.);
#5567=ORIENTED_EDGE('',*,*,#4121,.F.);
#5568=ORIENTED_EDGE('',*,*,#4122,.F.);
#5569=ORIENTED_EDGE('',*,*,#4121,.T.);
#5570=ORIENTED_EDGE('',*,*,#4123,.F.);
#5571=ORIENTED_EDGE('',*,*,#4124,.F.);
#5572=ORIENTED_EDGE('',*,*,#4125,.F.);
#5573=ORIENTED_EDGE('',*,*,#4124,.T.);
#5574=ORIENTED_EDGE('',*,*,#4126,.F.);
#5575=ORIENTED_EDGE('',*,*,#4127,.F.);
#5576=ORIENTED_EDGE('',*,*,#4128,.F.);
#5577=ORIENTED_EDGE('',*,*,#4127,.T.);
#5578=ORIENTED_EDGE('',*,*,#4129,.F.);
#5579=ORIENTED_EDGE('',*,*,#4130,.F.);
#5580=ORIENTED_EDGE('',*,*,#4131,.F.);
#5581=ORIENTED_EDGE('',*,*,#4130,.T.);
#5582=ORIENTED_EDGE('',*,*,#4132,.F.);
#5583=ORIENTED_EDGE('',*,*,#4133,.F.);
#5584=ORIENTED_EDGE('',*,*,#4134,.F.);
#5585=ORIENTED_EDGE('',*,*,#4133,.T.);
#5586=ORIENTED_EDGE('',*,*,#4135,.F.);
#5587=ORIENTED_EDGE('',*,*,#4136,.F.);
#5588=ORIENTED_EDGE('',*,*,#4137,.F.);
#5589=ORIENTED_EDGE('',*,*,#4136,.T.);
#5590=ORIENTED_EDGE('',*,*,#4138,.F.);
#5591=ORIENTED_EDGE('',*,*,#4139,.F.);
#5592=ORIENTED_EDGE('',*,*,#4140,.F.);
#5593=ORIENTED_EDGE('',*,*,#4139,.T.);
#5594=ORIENTED_EDGE('',*,*,#4141,.F.);
#5595=ORIENTED_EDGE('',*,*,#4142,.F.);
#5596=ORIENTED_EDGE('',*,*,#4143,.F.);
#5597=ORIENTED_EDGE('',*,*,#4142,.T.);
#5598=ORIENTED_EDGE('',*,*,#4144,.F.);
#5599=ORIENTED_EDGE('',*,*,#4145,.F.);
#5600=ORIENTED_EDGE('',*,*,#4146,.F.);
#5601=ORIENTED_EDGE('',*,*,#4145,.T.);
#5602=ORIENTED_EDGE('',*,*,#4147,.F.);
#5603=ORIENTED_EDGE('',*,*,#4148,.F.);
#5604=ORIENTED_EDGE('',*,*,#4149,.F.);
#5605=ORIENTED_EDGE('',*,*,#4148,.T.);
#5606=ORIENTED_EDGE('',*,*,#4150,.F.);
#5607=ORIENTED_EDGE('',*,*,#4151,.F.);
#5608=ORIENTED_EDGE('',*,*,#4152,.F.);
#5609=ORIENTED_EDGE('',*,*,#4151,.T.);
#5610=ORIENTED_EDGE('',*,*,#4153,.F.);
#5611=ORIENTED_EDGE('',*,*,#4154,.F.);
#5612=ORIENTED_EDGE('',*,*,#4155,.F.);
#5613=ORIENTED_EDGE('',*,*,#4154,.T.);
#5614=ORIENTED_EDGE('',*,*,#4156,.F.);
#5615=ORIENTED_EDGE('',*,*,#4157,.F.);
#5616=ORIENTED_EDGE('',*,*,#4158,.F.);
#5617=ORIENTED_EDGE('',*,*,#4157,.T.);
#5618=ORIENTED_EDGE('',*,*,#4159,.F.);
#5619=ORIENTED_EDGE('',*,*,#4160,.F.);
#5620=ORIENTED_EDGE('',*,*,#4161,.F.);
#5621=ORIENTED_EDGE('',*,*,#4160,.T.);
#5622=ORIENTED_EDGE('',*,*,#4162,.F.);
#5623=ORIENTED_EDGE('',*,*,#4113,.F.);
#5624=ORIENTED_EDGE('',*,*,#4162,.T.);
#5625=ORIENTED_EDGE('',*,*,#4159,.T.);
#5626=ORIENTED_EDGE('',*,*,#4156,.T.);
#5627=ORIENTED_EDGE('',*,*,#4153,.T.);
#5628=ORIENTED_EDGE('',*,*,#4150,.T.);
#5629=ORIENTED_EDGE('',*,*,#4147,.T.);
#5630=ORIENTED_EDGE('',*,*,#4144,.T.);
#5631=ORIENTED_EDGE('',*,*,#4141,.T.);
#5632=ORIENTED_EDGE('',*,*,#4138,.T.);
#5633=ORIENTED_EDGE('',*,*,#4135,.T.);
#5634=ORIENTED_EDGE('',*,*,#4132,.T.);
#5635=ORIENTED_EDGE('',*,*,#4129,.T.);
#5636=ORIENTED_EDGE('',*,*,#4126,.T.);
#5637=ORIENTED_EDGE('',*,*,#4123,.T.);
#5638=ORIENTED_EDGE('',*,*,#4120,.T.);
#5639=ORIENTED_EDGE('',*,*,#4117,.T.);
#5640=ORIENTED_EDGE('',*,*,#4114,.T.);
#5641=ORIENTED_EDGE('',*,*,#4111,.T.);
#5642=ORIENTED_EDGE('',*,*,#4108,.T.);
#5643=ORIENTED_EDGE('',*,*,#4105,.T.);
#5644=ORIENTED_EDGE('',*,*,#4102,.T.);
#5645=ORIENTED_EDGE('',*,*,#4099,.T.);
#5646=ORIENTED_EDGE('',*,*,#4096,.T.);
#5647=ORIENTED_EDGE('',*,*,#4093,.T.);
#5648=ORIENTED_EDGE('',*,*,#4090,.T.);
#5649=ORIENTED_EDGE('',*,*,#4087,.T.);
#5650=ORIENTED_EDGE('',*,*,#4084,.T.);
#5651=ORIENTED_EDGE('',*,*,#4082,.T.);
#5652=ORIENTED_EDGE('',*,*,#4086,.T.);
#5653=ORIENTED_EDGE('',*,*,#4089,.T.);
#5654=ORIENTED_EDGE('',*,*,#4092,.T.);
#5655=ORIENTED_EDGE('',*,*,#4095,.T.);
#5656=ORIENTED_EDGE('',*,*,#4098,.T.);
#5657=ORIENTED_EDGE('',*,*,#4101,.T.);
#5658=ORIENTED_EDGE('',*,*,#4104,.T.);
#5659=ORIENTED_EDGE('',*,*,#4107,.T.);
#5660=ORIENTED_EDGE('',*,*,#4110,.T.);
#5661=ORIENTED_EDGE('',*,*,#4163,.F.);
#5662=ORIENTED_EDGE('',*,*,#4164,.T.);
#5663=ORIENTED_EDGE('',*,*,#4165,.F.);
#5664=ORIENTED_EDGE('',*,*,#4166,.F.);
#5665=ORIENTED_EDGE('',*,*,#4167,.F.);
#5666=ORIENTED_EDGE('',*,*,#4166,.T.);
#5667=ORIENTED_EDGE('',*,*,#4168,.F.);
#5668=ORIENTED_EDGE('',*,*,#4169,.F.);
#5669=ORIENTED_EDGE('',*,*,#4170,.F.);
#5670=ORIENTED_EDGE('',*,*,#4169,.T.);
#5671=ORIENTED_EDGE('',*,*,#4171,.F.);
#5672=ORIENTED_EDGE('',*,*,#4172,.F.);
#5673=ORIENTED_EDGE('',*,*,#4173,.F.);
#5674=ORIENTED_EDGE('',*,*,#4172,.T.);
#5675=ORIENTED_EDGE('',*,*,#4174,.F.);
#5676=ORIENTED_EDGE('',*,*,#4164,.F.);
#5677=ORIENTED_EDGE('',*,*,#4174,.T.);
#5678=ORIENTED_EDGE('',*,*,#4171,.T.);
#5679=ORIENTED_EDGE('',*,*,#4168,.T.);
#5680=ORIENTED_EDGE('',*,*,#4165,.T.);
#5681=ORIENTED_EDGE('',*,*,#4175,.F.);
#5682=ORIENTED_EDGE('',*,*,#4176,.T.);
#5683=ORIENTED_EDGE('',*,*,#4177,.F.);
#5684=ORIENTED_EDGE('',*,*,#4178,.F.);
#5685=ORIENTED_EDGE('',*,*,#4179,.F.);
#5686=ORIENTED_EDGE('',*,*,#4178,.T.);
#5687=ORIENTED_EDGE('',*,*,#4180,.F.);
#5688=ORIENTED_EDGE('',*,*,#4181,.F.);
#5689=ORIENTED_EDGE('',*,*,#4182,.F.);
#5690=ORIENTED_EDGE('',*,*,#4181,.T.);
#5691=ORIENTED_EDGE('',*,*,#4183,.F.);
#5692=ORIENTED_EDGE('',*,*,#4184,.F.);
#5693=ORIENTED_EDGE('',*,*,#4185,.F.);
#5694=ORIENTED_EDGE('',*,*,#4184,.T.);
#5695=ORIENTED_EDGE('',*,*,#4186,.F.);
#5696=ORIENTED_EDGE('',*,*,#4187,.F.);
#5697=ORIENTED_EDGE('',*,*,#4188,.F.);
#5698=ORIENTED_EDGE('',*,*,#4187,.T.);
#5699=ORIENTED_EDGE('',*,*,#4189,.F.);
#5700=ORIENTED_EDGE('',*,*,#4190,.F.);
#5701=ORIENTED_EDGE('',*,*,#4191,.F.);
#5702=ORIENTED_EDGE('',*,*,#4190,.T.);
#5703=ORIENTED_EDGE('',*,*,#4192,.F.);
#5704=ORIENTED_EDGE('',*,*,#4193,.F.);
#5705=ORIENTED_EDGE('',*,*,#4194,.F.);
#5706=ORIENTED_EDGE('',*,*,#4193,.T.);
#5707=ORIENTED_EDGE('',*,*,#4195,.F.);
#5708=ORIENTED_EDGE('',*,*,#4196,.F.);
#5709=ORIENTED_EDGE('',*,*,#4197,.F.);
#5710=ORIENTED_EDGE('',*,*,#4196,.T.);
#5711=ORIENTED_EDGE('',*,*,#4198,.F.);
#5712=ORIENTED_EDGE('',*,*,#4199,.F.);
#5713=ORIENTED_EDGE('',*,*,#4200,.F.);
#5714=ORIENTED_EDGE('',*,*,#4199,.T.);
#5715=ORIENTED_EDGE('',*,*,#4201,.F.);
#5716=ORIENTED_EDGE('',*,*,#4202,.F.);
#5717=ORIENTED_EDGE('',*,*,#4203,.F.);
#5718=ORIENTED_EDGE('',*,*,#4202,.T.);
#5719=ORIENTED_EDGE('',*,*,#4204,.F.);
#5720=ORIENTED_EDGE('',*,*,#4176,.F.);
#5721=ORIENTED_EDGE('',*,*,#4205,.F.);
#5722=ORIENTED_EDGE('',*,*,#4206,.T.);
#5723=ORIENTED_EDGE('',*,*,#4207,.F.);
#5724=ORIENTED_EDGE('',*,*,#4208,.F.);
#5725=ORIENTED_EDGE('',*,*,#4209,.F.);
#5726=ORIENTED_EDGE('',*,*,#4208,.T.);
#5727=ORIENTED_EDGE('',*,*,#4210,.F.);
#5728=ORIENTED_EDGE('',*,*,#4211,.F.);
#5729=ORIENTED_EDGE('',*,*,#4212,.F.);
#5730=ORIENTED_EDGE('',*,*,#4211,.T.);
#5731=ORIENTED_EDGE('',*,*,#4213,.F.);
#5732=ORIENTED_EDGE('',*,*,#4214,.F.);
#5733=ORIENTED_EDGE('',*,*,#4215,.F.);
#5734=ORIENTED_EDGE('',*,*,#4214,.T.);
#5735=ORIENTED_EDGE('',*,*,#4216,.F.);
#5736=ORIENTED_EDGE('',*,*,#4217,.F.);
#5737=ORIENTED_EDGE('',*,*,#4218,.F.);
#5738=ORIENTED_EDGE('',*,*,#4217,.T.);
#5739=ORIENTED_EDGE('',*,*,#4219,.F.);
#5740=ORIENTED_EDGE('',*,*,#4220,.F.);
#5741=ORIENTED_EDGE('',*,*,#4221,.F.);
#5742=ORIENTED_EDGE('',*,*,#4220,.T.);
#5743=ORIENTED_EDGE('',*,*,#4222,.F.);
#5744=ORIENTED_EDGE('',*,*,#4223,.F.);
#5745=ORIENTED_EDGE('',*,*,#4224,.F.);
#5746=ORIENTED_EDGE('',*,*,#4223,.T.);
#5747=ORIENTED_EDGE('',*,*,#4225,.F.);
#5748=ORIENTED_EDGE('',*,*,#4226,.F.);
#5749=ORIENTED_EDGE('',*,*,#4227,.F.);
#5750=ORIENTED_EDGE('',*,*,#4226,.T.);
#5751=ORIENTED_EDGE('',*,*,#4228,.F.);
#5752=ORIENTED_EDGE('',*,*,#4229,.F.);
#5753=ORIENTED_EDGE('',*,*,#4230,.F.);
#5754=ORIENTED_EDGE('',*,*,#4229,.T.);
#5755=ORIENTED_EDGE('',*,*,#4231,.F.);
#5756=ORIENTED_EDGE('',*,*,#4232,.F.);
#5757=ORIENTED_EDGE('',*,*,#4233,.F.);
#5758=ORIENTED_EDGE('',*,*,#4232,.T.);
#5759=ORIENTED_EDGE('',*,*,#4234,.F.);
#5760=ORIENTED_EDGE('',*,*,#4235,.F.);
#5761=ORIENTED_EDGE('',*,*,#4236,.F.);
#5762=ORIENTED_EDGE('',*,*,#4235,.T.);
#5763=ORIENTED_EDGE('',*,*,#4237,.F.);
#5764=ORIENTED_EDGE('',*,*,#4238,.F.);
#5765=ORIENTED_EDGE('',*,*,#4239,.F.);
#5766=ORIENTED_EDGE('',*,*,#4238,.T.);
#5767=ORIENTED_EDGE('',*,*,#4240,.F.);
#5768=ORIENTED_EDGE('',*,*,#4241,.F.);
#5769=ORIENTED_EDGE('',*,*,#4242,.F.);
#5770=ORIENTED_EDGE('',*,*,#4241,.T.);
#5771=ORIENTED_EDGE('',*,*,#4243,.F.);
#5772=ORIENTED_EDGE('',*,*,#4244,.F.);
#5773=ORIENTED_EDGE('',*,*,#4245,.F.);
#5774=ORIENTED_EDGE('',*,*,#4244,.T.);
#5775=ORIENTED_EDGE('',*,*,#4246,.F.);
#5776=ORIENTED_EDGE('',*,*,#4247,.F.);
#5777=ORIENTED_EDGE('',*,*,#4248,.F.);
#5778=ORIENTED_EDGE('',*,*,#4247,.T.);
#5779=ORIENTED_EDGE('',*,*,#4249,.F.);
#5780=ORIENTED_EDGE('',*,*,#4250,.F.);
#5781=ORIENTED_EDGE('',*,*,#4251,.F.);
#5782=ORIENTED_EDGE('',*,*,#4250,.T.);
#5783=ORIENTED_EDGE('',*,*,#4252,.F.);
#5784=ORIENTED_EDGE('',*,*,#4206,.F.);
#5785=ORIENTED_EDGE('',*,*,#4252,.T.);
#5786=ORIENTED_EDGE('',*,*,#4249,.T.);
#5787=ORIENTED_EDGE('',*,*,#4246,.T.);
#5788=ORIENTED_EDGE('',*,*,#4243,.T.);
#5789=ORIENTED_EDGE('',*,*,#4240,.T.);
#5790=ORIENTED_EDGE('',*,*,#4237,.T.);
#5791=ORIENTED_EDGE('',*,*,#4234,.T.);
#5792=ORIENTED_EDGE('',*,*,#4231,.T.);
#5793=ORIENTED_EDGE('',*,*,#4228,.T.);
#5794=ORIENTED_EDGE('',*,*,#4225,.T.);
#5795=ORIENTED_EDGE('',*,*,#4222,.T.);
#5796=ORIENTED_EDGE('',*,*,#4219,.T.);
#5797=ORIENTED_EDGE('',*,*,#4216,.T.);
#5798=ORIENTED_EDGE('',*,*,#4213,.T.);
#5799=ORIENTED_EDGE('',*,*,#4210,.T.);
#5800=ORIENTED_EDGE('',*,*,#4207,.T.);
#5801=ORIENTED_EDGE('',*,*,#4204,.T.);
#5802=ORIENTED_EDGE('',*,*,#4201,.T.);
#5803=ORIENTED_EDGE('',*,*,#4198,.T.);
#5804=ORIENTED_EDGE('',*,*,#4195,.T.);
#5805=ORIENTED_EDGE('',*,*,#4192,.T.);
#5806=ORIENTED_EDGE('',*,*,#4189,.T.);
#5807=ORIENTED_EDGE('',*,*,#4186,.T.);
#5808=ORIENTED_EDGE('',*,*,#4183,.T.);
#5809=ORIENTED_EDGE('',*,*,#4180,.T.);
#5810=ORIENTED_EDGE('',*,*,#4177,.T.);
#5811=ORIENTED_EDGE('',*,*,#4175,.T.);
#5812=ORIENTED_EDGE('',*,*,#4179,.T.);
#5813=ORIENTED_EDGE('',*,*,#4182,.T.);
#5814=ORIENTED_EDGE('',*,*,#4185,.T.);
#5815=ORIENTED_EDGE('',*,*,#4188,.T.);
#5816=ORIENTED_EDGE('',*,*,#4191,.T.);
#5817=ORIENTED_EDGE('',*,*,#4194,.T.);
#5818=ORIENTED_EDGE('',*,*,#4197,.T.);
#5819=ORIENTED_EDGE('',*,*,#4200,.T.);
#5820=ORIENTED_EDGE('',*,*,#4203,.T.);
#5821=ORIENTED_EDGE('',*,*,#4253,.F.);
#5822=ORIENTED_EDGE('',*,*,#4254,.T.);
#5823=ORIENTED_EDGE('',*,*,#4255,.F.);
#5824=ORIENTED_EDGE('',*,*,#4256,.F.);
#5825=ORIENTED_EDGE('',*,*,#4257,.F.);
#5826=ORIENTED_EDGE('',*,*,#4256,.T.);
#5827=ORIENTED_EDGE('',*,*,#4258,.F.);
#5828=ORIENTED_EDGE('',*,*,#4259,.F.);
#5829=ORIENTED_EDGE('',*,*,#4260,.F.);
#5830=ORIENTED_EDGE('',*,*,#4259,.T.);
#5831=ORIENTED_EDGE('',*,*,#4261,.F.);
#5832=ORIENTED_EDGE('',*,*,#4262,.F.);
#5833=ORIENTED_EDGE('',*,*,#4263,.F.);
#5834=ORIENTED_EDGE('',*,*,#4262,.T.);
#5835=ORIENTED_EDGE('',*,*,#4264,.F.);
#5836=ORIENTED_EDGE('',*,*,#4265,.F.);
#5837=ORIENTED_EDGE('',*,*,#4266,.F.);
#5838=ORIENTED_EDGE('',*,*,#4265,.T.);
#5839=ORIENTED_EDGE('',*,*,#4267,.F.);
#5840=ORIENTED_EDGE('',*,*,#4268,.F.);
#5841=ORIENTED_EDGE('',*,*,#4269,.F.);
#5842=ORIENTED_EDGE('',*,*,#4268,.T.);
#5843=ORIENTED_EDGE('',*,*,#4270,.F.);
#5844=ORIENTED_EDGE('',*,*,#4271,.F.);
#5845=ORIENTED_EDGE('',*,*,#4272,.F.);
#5846=ORIENTED_EDGE('',*,*,#4271,.T.);
#5847=ORIENTED_EDGE('',*,*,#4273,.F.);
#5848=ORIENTED_EDGE('',*,*,#4274,.F.);
#5849=ORIENTED_EDGE('',*,*,#4275,.F.);
#5850=ORIENTED_EDGE('',*,*,#4274,.T.);
#5851=ORIENTED_EDGE('',*,*,#4276,.F.);
#5852=ORIENTED_EDGE('',*,*,#4277,.F.);
#5853=ORIENTED_EDGE('',*,*,#4278,.F.);
#5854=ORIENTED_EDGE('',*,*,#4277,.T.);
#5855=ORIENTED_EDGE('',*,*,#4279,.F.);
#5856=ORIENTED_EDGE('',*,*,#4280,.F.);
#5857=ORIENTED_EDGE('',*,*,#4281,.F.);
#5858=ORIENTED_EDGE('',*,*,#4280,.T.);
#5859=ORIENTED_EDGE('',*,*,#4282,.F.);
#5860=ORIENTED_EDGE('',*,*,#4283,.F.);
#5861=ORIENTED_EDGE('',*,*,#4284,.F.);
#5862=ORIENTED_EDGE('',*,*,#4283,.T.);
#5863=ORIENTED_EDGE('',*,*,#4285,.F.);
#5864=ORIENTED_EDGE('',*,*,#4286,.F.);
#5865=ORIENTED_EDGE('',*,*,#4287,.F.);
#5866=ORIENTED_EDGE('',*,*,#4286,.T.);
#5867=ORIENTED_EDGE('',*,*,#4288,.F.);
#5868=ORIENTED_EDGE('',*,*,#4289,.F.);
#5869=ORIENTED_EDGE('',*,*,#4290,.F.);
#5870=ORIENTED_EDGE('',*,*,#4289,.T.);
#5871=ORIENTED_EDGE('',*,*,#4291,.F.);
#5872=ORIENTED_EDGE('',*,*,#4292,.F.);
#5873=ORIENTED_EDGE('',*,*,#4293,.F.);
#5874=ORIENTED_EDGE('',*,*,#4292,.T.);
#5875=ORIENTED_EDGE('',*,*,#4294,.F.);
#5876=ORIENTED_EDGE('',*,*,#4295,.F.);
#5877=ORIENTED_EDGE('',*,*,#4296,.F.);
#5878=ORIENTED_EDGE('',*,*,#4295,.T.);
#5879=ORIENTED_EDGE('',*,*,#4297,.F.);
#5880=ORIENTED_EDGE('',*,*,#4298,.F.);
#5881=ORIENTED_EDGE('',*,*,#4299,.F.);
#5882=ORIENTED_EDGE('',*,*,#4298,.T.);
#5883=ORIENTED_EDGE('',*,*,#4300,.F.);
#5884=ORIENTED_EDGE('',*,*,#4301,.F.);
#5885=ORIENTED_EDGE('',*,*,#4302,.F.);
#5886=ORIENTED_EDGE('',*,*,#4301,.T.);
#5887=ORIENTED_EDGE('',*,*,#4303,.F.);
#5888=ORIENTED_EDGE('',*,*,#4304,.F.);
#5889=ORIENTED_EDGE('',*,*,#4305,.F.);
#5890=ORIENTED_EDGE('',*,*,#4304,.T.);
#5891=ORIENTED_EDGE('',*,*,#4306,.F.);
#5892=ORIENTED_EDGE('',*,*,#4307,.F.);
#5893=ORIENTED_EDGE('',*,*,#4308,.F.);
#5894=ORIENTED_EDGE('',*,*,#4307,.T.);
#5895=ORIENTED_EDGE('',*,*,#4309,.F.);
#5896=ORIENTED_EDGE('',*,*,#4254,.F.);
#5897=ORIENTED_EDGE('',*,*,#4309,.T.);
#5898=ORIENTED_EDGE('',*,*,#4306,.T.);
#5899=ORIENTED_EDGE('',*,*,#4303,.T.);
#5900=ORIENTED_EDGE('',*,*,#4300,.T.);
#5901=ORIENTED_EDGE('',*,*,#4297,.T.);
#5902=ORIENTED_EDGE('',*,*,#4294,.T.);
#5903=ORIENTED_EDGE('',*,*,#4291,.T.);
#5904=ORIENTED_EDGE('',*,*,#4288,.T.);
#5905=ORIENTED_EDGE('',*,*,#4285,.T.);
#5906=ORIENTED_EDGE('',*,*,#4282,.T.);
#5907=ORIENTED_EDGE('',*,*,#4279,.T.);
#5908=ORIENTED_EDGE('',*,*,#4276,.T.);
#5909=ORIENTED_EDGE('',*,*,#4273,.T.);
#5910=ORIENTED_EDGE('',*,*,#4270,.T.);
#5911=ORIENTED_EDGE('',*,*,#4267,.T.);
#5912=ORIENTED_EDGE('',*,*,#4264,.T.);
#5913=ORIENTED_EDGE('',*,*,#4261,.T.);
#5914=ORIENTED_EDGE('',*,*,#4258,.T.);
#5915=ORIENTED_EDGE('',*,*,#4255,.T.);
#5916=ORIENTED_EDGE('',*,*,#4310,.F.);
#5917=ORIENTED_EDGE('',*,*,#4311,.T.);
#5918=ORIENTED_EDGE('',*,*,#4312,.F.);
#5919=ORIENTED_EDGE('',*,*,#4313,.F.);
#5920=ORIENTED_EDGE('',*,*,#4314,.F.);
#5921=ORIENTED_EDGE('',*,*,#4313,.T.);
#5922=ORIENTED_EDGE('',*,*,#4315,.F.);
#5923=ORIENTED_EDGE('',*,*,#4316,.F.);
#5924=ORIENTED_EDGE('',*,*,#4317,.F.);
#5925=ORIENTED_EDGE('',*,*,#4316,.T.);
#5926=ORIENTED_EDGE('',*,*,#4318,.F.);
#5927=ORIENTED_EDGE('',*,*,#4319,.F.);
#5928=ORIENTED_EDGE('',*,*,#4320,.F.);
#5929=ORIENTED_EDGE('',*,*,#4319,.T.);
#5930=ORIENTED_EDGE('',*,*,#4321,.F.);
#5931=ORIENTED_EDGE('',*,*,#4322,.F.);
#5932=ORIENTED_EDGE('',*,*,#4323,.F.);
#5933=ORIENTED_EDGE('',*,*,#4322,.T.);
#5934=ORIENTED_EDGE('',*,*,#4324,.F.);
#5935=ORIENTED_EDGE('',*,*,#4325,.F.);
#5936=ORIENTED_EDGE('',*,*,#4326,.F.);
#5937=ORIENTED_EDGE('',*,*,#4325,.T.);
#5938=ORIENTED_EDGE('',*,*,#4327,.F.);
#5939=ORIENTED_EDGE('',*,*,#4328,.F.);
#5940=ORIENTED_EDGE('',*,*,#4329,.F.);
#5941=ORIENTED_EDGE('',*,*,#4328,.T.);
#5942=ORIENTED_EDGE('',*,*,#4330,.F.);
#5943=ORIENTED_EDGE('',*,*,#4331,.F.);
#5944=ORIENTED_EDGE('',*,*,#4332,.F.);
#5945=ORIENTED_EDGE('',*,*,#4331,.T.);
#5946=ORIENTED_EDGE('',*,*,#4333,.F.);
#5947=ORIENTED_EDGE('',*,*,#4334,.F.);
#5948=ORIENTED_EDGE('',*,*,#4335,.F.);
#5949=ORIENTED_EDGE('',*,*,#4334,.T.);
#5950=ORIENTED_EDGE('',*,*,#4336,.F.);
#5951=ORIENTED_EDGE('',*,*,#4337,.F.);
#5952=ORIENTED_EDGE('',*,*,#4338,.F.);
#5953=ORIENTED_EDGE('',*,*,#4337,.T.);
#5954=ORIENTED_EDGE('',*,*,#4339,.F.);
#5955=ORIENTED_EDGE('',*,*,#4340,.F.);
#5956=ORIENTED_EDGE('',*,*,#4341,.F.);
#5957=ORIENTED_EDGE('',*,*,#4340,.T.);
#5958=ORIENTED_EDGE('',*,*,#4342,.F.);
#5959=ORIENTED_EDGE('',*,*,#4343,.F.);
#5960=ORIENTED_EDGE('',*,*,#4344,.F.);
#5961=ORIENTED_EDGE('',*,*,#4343,.T.);
#5962=ORIENTED_EDGE('',*,*,#4345,.F.);
#5963=ORIENTED_EDGE('',*,*,#4346,.F.);
#5964=ORIENTED_EDGE('',*,*,#4347,.F.);
#5965=ORIENTED_EDGE('',*,*,#4346,.T.);
#5966=ORIENTED_EDGE('',*,*,#4348,.F.);
#5967=ORIENTED_EDGE('',*,*,#4349,.F.);
#5968=ORIENTED_EDGE('',*,*,#4350,.F.);
#5969=ORIENTED_EDGE('',*,*,#4349,.T.);
#5970=ORIENTED_EDGE('',*,*,#4351,.F.);
#5971=ORIENTED_EDGE('',*,*,#4352,.F.);
#5972=ORIENTED_EDGE('',*,*,#4353,.F.);
#5973=ORIENTED_EDGE('',*,*,#4352,.T.);
#5974=ORIENTED_EDGE('',*,*,#4354,.F.);
#5975=ORIENTED_EDGE('',*,*,#4355,.F.);
#5976=ORIENTED_EDGE('',*,*,#4356,.F.);
#5977=ORIENTED_EDGE('',*,*,#4355,.T.);
#5978=ORIENTED_EDGE('',*,*,#4357,.F.);
#5979=ORIENTED_EDGE('',*,*,#4358,.F.);
#5980=ORIENTED_EDGE('',*,*,#4359,.F.);
#5981=ORIENTED_EDGE('',*,*,#4358,.T.);
#5982=ORIENTED_EDGE('',*,*,#4360,.F.);
#5983=ORIENTED_EDGE('',*,*,#4361,.F.);
#5984=ORIENTED_EDGE('',*,*,#4362,.F.);
#5985=ORIENTED_EDGE('',*,*,#4361,.T.);
#5986=ORIENTED_EDGE('',*,*,#4363,.F.);
#5987=ORIENTED_EDGE('',*,*,#4364,.F.);
#5988=ORIENTED_EDGE('',*,*,#4365,.F.);
#5989=ORIENTED_EDGE('',*,*,#4364,.T.);
#5990=ORIENTED_EDGE('',*,*,#4366,.F.);
#5991=ORIENTED_EDGE('',*,*,#4367,.F.);
#5992=ORIENTED_EDGE('',*,*,#4368,.F.);
#5993=ORIENTED_EDGE('',*,*,#4367,.T.);
#5994=ORIENTED_EDGE('',*,*,#4369,.F.);
#5995=ORIENTED_EDGE('',*,*,#4370,.F.);
#5996=ORIENTED_EDGE('',*,*,#4371,.F.);
#5997=ORIENTED_EDGE('',*,*,#4370,.T.);
#5998=ORIENTED_EDGE('',*,*,#4372,.F.);
#5999=ORIENTED_EDGE('',*,*,#4373,.F.);
#6000=ORIENTED_EDGE('',*,*,#4374,.F.);
#6001=ORIENTED_EDGE('',*,*,#4373,.T.);
#6002=ORIENTED_EDGE('',*,*,#4375,.F.);
#6003=ORIENTED_EDGE('',*,*,#4376,.F.);
#6004=ORIENTED_EDGE('',*,*,#4377,.F.);
#6005=ORIENTED_EDGE('',*,*,#4376,.T.);
#6006=ORIENTED_EDGE('',*,*,#4378,.F.);
#6007=ORIENTED_EDGE('',*,*,#4379,.F.);
#6008=ORIENTED_EDGE('',*,*,#4380,.F.);
#6009=ORIENTED_EDGE('',*,*,#4379,.T.);
#6010=ORIENTED_EDGE('',*,*,#4381,.F.);
#6011=ORIENTED_EDGE('',*,*,#4382,.F.);
#6012=ORIENTED_EDGE('',*,*,#4383,.F.);
#6013=ORIENTED_EDGE('',*,*,#4382,.T.);
#6014=ORIENTED_EDGE('',*,*,#4384,.F.);
#6015=ORIENTED_EDGE('',*,*,#4385,.F.);
#6016=ORIENTED_EDGE('',*,*,#4386,.F.);
#6017=ORIENTED_EDGE('',*,*,#4385,.T.);
#6018=ORIENTED_EDGE('',*,*,#4387,.F.);
#6019=ORIENTED_EDGE('',*,*,#4388,.F.);
#6020=ORIENTED_EDGE('',*,*,#4389,.F.);
#6021=ORIENTED_EDGE('',*,*,#4388,.T.);
#6022=ORIENTED_EDGE('',*,*,#4390,.F.);
#6023=ORIENTED_EDGE('',*,*,#4391,.F.);
#6024=ORIENTED_EDGE('',*,*,#4392,.F.);
#6025=ORIENTED_EDGE('',*,*,#4391,.T.);
#6026=ORIENTED_EDGE('',*,*,#4393,.F.);
#6027=ORIENTED_EDGE('',*,*,#4394,.F.);
#6028=ORIENTED_EDGE('',*,*,#4395,.F.);
#6029=ORIENTED_EDGE('',*,*,#4394,.T.);
#6030=ORIENTED_EDGE('',*,*,#4396,.F.);
#6031=ORIENTED_EDGE('',*,*,#4397,.F.);
#6032=ORIENTED_EDGE('',*,*,#4398,.F.);
#6033=ORIENTED_EDGE('',*,*,#4397,.T.);
#6034=ORIENTED_EDGE('',*,*,#4399,.F.);
#6035=ORIENTED_EDGE('',*,*,#4400,.F.);
#6036=ORIENTED_EDGE('',*,*,#4401,.F.);
#6037=ORIENTED_EDGE('',*,*,#4400,.T.);
#6038=ORIENTED_EDGE('',*,*,#4402,.F.);
#6039=ORIENTED_EDGE('',*,*,#4403,.F.);
#6040=ORIENTED_EDGE('',*,*,#4404,.F.);
#6041=ORIENTED_EDGE('',*,*,#4403,.T.);
#6042=ORIENTED_EDGE('',*,*,#4405,.F.);
#6043=ORIENTED_EDGE('',*,*,#4406,.F.);
#6044=ORIENTED_EDGE('',*,*,#4407,.F.);
#6045=ORIENTED_EDGE('',*,*,#4406,.T.);
#6046=ORIENTED_EDGE('',*,*,#4408,.F.);
#6047=ORIENTED_EDGE('',*,*,#4409,.F.);
#6048=ORIENTED_EDGE('',*,*,#4410,.F.);
#6049=ORIENTED_EDGE('',*,*,#4409,.T.);
#6050=ORIENTED_EDGE('',*,*,#4411,.F.);
#6051=ORIENTED_EDGE('',*,*,#4412,.F.);
#6052=ORIENTED_EDGE('',*,*,#4413,.F.);
#6053=ORIENTED_EDGE('',*,*,#4412,.T.);
#6054=ORIENTED_EDGE('',*,*,#4414,.F.);
#6055=ORIENTED_EDGE('',*,*,#4415,.F.);
#6056=ORIENTED_EDGE('',*,*,#4416,.F.);
#6057=ORIENTED_EDGE('',*,*,#4415,.T.);
#6058=ORIENTED_EDGE('',*,*,#4417,.F.);
#6059=ORIENTED_EDGE('',*,*,#4311,.F.);
#6060=ORIENTED_EDGE('',*,*,#4417,.T.);
#6061=ORIENTED_EDGE('',*,*,#4414,.T.);
#6062=ORIENTED_EDGE('',*,*,#4411,.T.);
#6063=ORIENTED_EDGE('',*,*,#4408,.T.);
#6064=ORIENTED_EDGE('',*,*,#4405,.T.);
#6065=ORIENTED_EDGE('',*,*,#4402,.T.);
#6066=ORIENTED_EDGE('',*,*,#4399,.T.);
#6067=ORIENTED_EDGE('',*,*,#4396,.T.);
#6068=ORIENTED_EDGE('',*,*,#4393,.T.);
#6069=ORIENTED_EDGE('',*,*,#4390,.T.);
#6070=ORIENTED_EDGE('',*,*,#4387,.T.);
#6071=ORIENTED_EDGE('',*,*,#4384,.T.);
#6072=ORIENTED_EDGE('',*,*,#4381,.T.);
#6073=ORIENTED_EDGE('',*,*,#4378,.T.);
#6074=ORIENTED_EDGE('',*,*,#4375,.T.);
#6075=ORIENTED_EDGE('',*,*,#4372,.T.);
#6076=ORIENTED_EDGE('',*,*,#4369,.T.);
#6077=ORIENTED_EDGE('',*,*,#4366,.T.);
#6078=ORIENTED_EDGE('',*,*,#4363,.T.);
#6079=ORIENTED_EDGE('',*,*,#4360,.T.);
#6080=ORIENTED_EDGE('',*,*,#4357,.T.);
#6081=ORIENTED_EDGE('',*,*,#4354,.T.);
#6082=ORIENTED_EDGE('',*,*,#4351,.T.);
#6083=ORIENTED_EDGE('',*,*,#4348,.T.);
#6084=ORIENTED_EDGE('',*,*,#4345,.T.);
#6085=ORIENTED_EDGE('',*,*,#4342,.T.);
#6086=ORIENTED_EDGE('',*,*,#4339,.T.);
#6087=ORIENTED_EDGE('',*,*,#4336,.T.);
#6088=ORIENTED_EDGE('',*,*,#4333,.T.);
#6089=ORIENTED_EDGE('',*,*,#4330,.T.);
#6090=ORIENTED_EDGE('',*,*,#4327,.T.);
#6091=ORIENTED_EDGE('',*,*,#4324,.T.);
#6092=ORIENTED_EDGE('',*,*,#4321,.T.);
#6093=ORIENTED_EDGE('',*,*,#4318,.T.);
#6094=ORIENTED_EDGE('',*,*,#4315,.T.);
#6095=ORIENTED_EDGE('',*,*,#4312,.T.);
#6096=ORIENTED_EDGE('',*,*,#4418,.F.);
#6097=ORIENTED_EDGE('',*,*,#4419,.T.);
#6098=ORIENTED_EDGE('',*,*,#4420,.F.);
#6099=ORIENTED_EDGE('',*,*,#4421,.F.);
#6100=ORIENTED_EDGE('',*,*,#4422,.F.);
#6101=ORIENTED_EDGE('',*,*,#4421,.T.);
#6102=ORIENTED_EDGE('',*,*,#4423,.F.);
#6103=ORIENTED_EDGE('',*,*,#4424,.F.);
#6104=ORIENTED_EDGE('',*,*,#4425,.F.);
#6105=ORIENTED_EDGE('',*,*,#4424,.T.);
#6106=ORIENTED_EDGE('',*,*,#4426,.F.);
#6107=ORIENTED_EDGE('',*,*,#4427,.F.);
#6108=ORIENTED_EDGE('',*,*,#4428,.F.);
#6109=ORIENTED_EDGE('',*,*,#4427,.T.);
#6110=ORIENTED_EDGE('',*,*,#4429,.F.);
#6111=ORIENTED_EDGE('',*,*,#4430,.F.);
#6112=ORIENTED_EDGE('',*,*,#4431,.F.);
#6113=ORIENTED_EDGE('',*,*,#4430,.T.);
#6114=ORIENTED_EDGE('',*,*,#4432,.F.);
#6115=ORIENTED_EDGE('',*,*,#4433,.F.);
#6116=ORIENTED_EDGE('',*,*,#4434,.F.);
#6117=ORIENTED_EDGE('',*,*,#4433,.T.);
#6118=ORIENTED_EDGE('',*,*,#4435,.F.);
#6119=ORIENTED_EDGE('',*,*,#4436,.F.);
#6120=ORIENTED_EDGE('',*,*,#4437,.F.);
#6121=ORIENTED_EDGE('',*,*,#4436,.T.);
#6122=ORIENTED_EDGE('',*,*,#4438,.F.);
#6123=ORIENTED_EDGE('',*,*,#4439,.F.);
#6124=ORIENTED_EDGE('',*,*,#4440,.F.);
#6125=ORIENTED_EDGE('',*,*,#4439,.T.);
#6126=ORIENTED_EDGE('',*,*,#4441,.F.);
#6127=ORIENTED_EDGE('',*,*,#4442,.F.);
#6128=ORIENTED_EDGE('',*,*,#4443,.F.);
#6129=ORIENTED_EDGE('',*,*,#4442,.T.);
#6130=ORIENTED_EDGE('',*,*,#4444,.F.);
#6131=ORIENTED_EDGE('',*,*,#4445,.F.);
#6132=ORIENTED_EDGE('',*,*,#4446,.F.);
#6133=ORIENTED_EDGE('',*,*,#4445,.T.);
#6134=ORIENTED_EDGE('',*,*,#4447,.F.);
#6135=ORIENTED_EDGE('',*,*,#4448,.F.);
#6136=ORIENTED_EDGE('',*,*,#4449,.F.);
#6137=ORIENTED_EDGE('',*,*,#4448,.T.);
#6138=ORIENTED_EDGE('',*,*,#4450,.F.);
#6139=ORIENTED_EDGE('',*,*,#4451,.F.);
#6140=ORIENTED_EDGE('',*,*,#4452,.F.);
#6141=ORIENTED_EDGE('',*,*,#4451,.T.);
#6142=ORIENTED_EDGE('',*,*,#4453,.F.);
#6143=ORIENTED_EDGE('',*,*,#4454,.F.);
#6144=ORIENTED_EDGE('',*,*,#4455,.F.);
#6145=ORIENTED_EDGE('',*,*,#4454,.T.);
#6146=ORIENTED_EDGE('',*,*,#4456,.F.);
#6147=ORIENTED_EDGE('',*,*,#4457,.F.);
#6148=ORIENTED_EDGE('',*,*,#4458,.F.);
#6149=ORIENTED_EDGE('',*,*,#4457,.T.);
#6150=ORIENTED_EDGE('',*,*,#4459,.F.);
#6151=ORIENTED_EDGE('',*,*,#4460,.F.);
#6152=ORIENTED_EDGE('',*,*,#4461,.F.);
#6153=ORIENTED_EDGE('',*,*,#4460,.T.);
#6154=ORIENTED_EDGE('',*,*,#4462,.F.);
#6155=ORIENTED_EDGE('',*,*,#4463,.F.);
#6156=ORIENTED_EDGE('',*,*,#4464,.F.);
#6157=ORIENTED_EDGE('',*,*,#4463,.T.);
#6158=ORIENTED_EDGE('',*,*,#4465,.F.);
#6159=ORIENTED_EDGE('',*,*,#4466,.F.);
#6160=ORIENTED_EDGE('',*,*,#4467,.F.);
#6161=ORIENTED_EDGE('',*,*,#4466,.T.);
#6162=ORIENTED_EDGE('',*,*,#4468,.F.);
#6163=ORIENTED_EDGE('',*,*,#4469,.F.);
#6164=ORIENTED_EDGE('',*,*,#4470,.F.);
#6165=ORIENTED_EDGE('',*,*,#4469,.T.);
#6166=ORIENTED_EDGE('',*,*,#4471,.F.);
#6167=ORIENTED_EDGE('',*,*,#4472,.F.);
#6168=ORIENTED_EDGE('',*,*,#4473,.F.);
#6169=ORIENTED_EDGE('',*,*,#4472,.T.);
#6170=ORIENTED_EDGE('',*,*,#4474,.F.);
#6171=ORIENTED_EDGE('',*,*,#4475,.F.);
#6172=ORIENTED_EDGE('',*,*,#4476,.F.);
#6173=ORIENTED_EDGE('',*,*,#4475,.T.);
#6174=ORIENTED_EDGE('',*,*,#4477,.F.);
#6175=ORIENTED_EDGE('',*,*,#4478,.F.);
#6176=ORIENTED_EDGE('',*,*,#4479,.F.);
#6177=ORIENTED_EDGE('',*,*,#4478,.T.);
#6178=ORIENTED_EDGE('',*,*,#4480,.F.);
#6179=ORIENTED_EDGE('',*,*,#4481,.F.);
#6180=ORIENTED_EDGE('',*,*,#4482,.F.);
#6181=ORIENTED_EDGE('',*,*,#4481,.T.);
#6182=ORIENTED_EDGE('',*,*,#4483,.F.);
#6183=ORIENTED_EDGE('',*,*,#4484,.F.);
#6184=ORIENTED_EDGE('',*,*,#4485,.F.);
#6185=ORIENTED_EDGE('',*,*,#4484,.T.);
#6186=ORIENTED_EDGE('',*,*,#4486,.F.);
#6187=ORIENTED_EDGE('',*,*,#4487,.F.);
#6188=ORIENTED_EDGE('',*,*,#4488,.F.);
#6189=ORIENTED_EDGE('',*,*,#4487,.T.);
#6190=ORIENTED_EDGE('',*,*,#4489,.F.);
#6191=ORIENTED_EDGE('',*,*,#4490,.F.);
#6192=ORIENTED_EDGE('',*,*,#4491,.F.);
#6193=ORIENTED_EDGE('',*,*,#4490,.T.);
#6194=ORIENTED_EDGE('',*,*,#4492,.F.);
#6195=ORIENTED_EDGE('',*,*,#4493,.F.);
#6196=ORIENTED_EDGE('',*,*,#4494,.F.);
#6197=ORIENTED_EDGE('',*,*,#4493,.T.);
#6198=ORIENTED_EDGE('',*,*,#4495,.F.);
#6199=ORIENTED_EDGE('',*,*,#4496,.F.);
#6200=ORIENTED_EDGE('',*,*,#4497,.F.);
#6201=ORIENTED_EDGE('',*,*,#4496,.T.);
#6202=ORIENTED_EDGE('',*,*,#4498,.F.);
#6203=ORIENTED_EDGE('',*,*,#4499,.F.);
#6204=ORIENTED_EDGE('',*,*,#4500,.F.);
#6205=ORIENTED_EDGE('',*,*,#4499,.T.);
#6206=ORIENTED_EDGE('',*,*,#4501,.F.);
#6207=ORIENTED_EDGE('',*,*,#4502,.F.);
#6208=ORIENTED_EDGE('',*,*,#4503,.F.);
#6209=ORIENTED_EDGE('',*,*,#4502,.T.);
#6210=ORIENTED_EDGE('',*,*,#4504,.F.);
#6211=ORIENTED_EDGE('',*,*,#4505,.F.);
#6212=ORIENTED_EDGE('',*,*,#4506,.F.);
#6213=ORIENTED_EDGE('',*,*,#4505,.T.);
#6214=ORIENTED_EDGE('',*,*,#4507,.F.);
#6215=ORIENTED_EDGE('',*,*,#4508,.F.);
#6216=ORIENTED_EDGE('',*,*,#4509,.F.);
#6217=ORIENTED_EDGE('',*,*,#4508,.T.);
#6218=ORIENTED_EDGE('',*,*,#4510,.F.);
#6219=ORIENTED_EDGE('',*,*,#4511,.F.);
#6220=ORIENTED_EDGE('',*,*,#4512,.F.);
#6221=ORIENTED_EDGE('',*,*,#4511,.T.);
#6222=ORIENTED_EDGE('',*,*,#4513,.F.);
#6223=ORIENTED_EDGE('',*,*,#4514,.F.);
#6224=ORIENTED_EDGE('',*,*,#4515,.F.);
#6225=ORIENTED_EDGE('',*,*,#4514,.T.);
#6226=ORIENTED_EDGE('',*,*,#4516,.F.);
#6227=ORIENTED_EDGE('',*,*,#4517,.F.);
#6228=ORIENTED_EDGE('',*,*,#4518,.F.);
#6229=ORIENTED_EDGE('',*,*,#4517,.T.);
#6230=ORIENTED_EDGE('',*,*,#4519,.F.);
#6231=ORIENTED_EDGE('',*,*,#4520,.F.);
#6232=ORIENTED_EDGE('',*,*,#4521,.F.);
#6233=ORIENTED_EDGE('',*,*,#4520,.T.);
#6234=ORIENTED_EDGE('',*,*,#4522,.F.);
#6235=ORIENTED_EDGE('',*,*,#4523,.F.);
#6236=ORIENTED_EDGE('',*,*,#4524,.F.);
#6237=ORIENTED_EDGE('',*,*,#4523,.T.);
#6238=ORIENTED_EDGE('',*,*,#4525,.F.);
#6239=ORIENTED_EDGE('',*,*,#4419,.F.);
#6240=ORIENTED_EDGE('',*,*,#4525,.T.);
#6241=ORIENTED_EDGE('',*,*,#4522,.T.);
#6242=ORIENTED_EDGE('',*,*,#4519,.T.);
#6243=ORIENTED_EDGE('',*,*,#4516,.T.);
#6244=ORIENTED_EDGE('',*,*,#4513,.T.);
#6245=ORIENTED_EDGE('',*,*,#4510,.T.);
#6246=ORIENTED_EDGE('',*,*,#4507,.T.);
#6247=ORIENTED_EDGE('',*,*,#4504,.T.);
#6248=ORIENTED_EDGE('',*,*,#4501,.T.);
#6249=ORIENTED_EDGE('',*,*,#4498,.T.);
#6250=ORIENTED_EDGE('',*,*,#4495,.T.);
#6251=ORIENTED_EDGE('',*,*,#4492,.T.);
#6252=ORIENTED_EDGE('',*,*,#4489,.T.);
#6253=ORIENTED_EDGE('',*,*,#4486,.T.);
#6254=ORIENTED_EDGE('',*,*,#4483,.T.);
#6255=ORIENTED_EDGE('',*,*,#4480,.T.);
#6256=ORIENTED_EDGE('',*,*,#4477,.T.);
#6257=ORIENTED_EDGE('',*,*,#4474,.T.);
#6258=ORIENTED_EDGE('',*,*,#4471,.T.);
#6259=ORIENTED_EDGE('',*,*,#4468,.T.);
#6260=ORIENTED_EDGE('',*,*,#4465,.T.);
#6261=ORIENTED_EDGE('',*,*,#4462,.T.);
#6262=ORIENTED_EDGE('',*,*,#4459,.T.);
#6263=ORIENTED_EDGE('',*,*,#4456,.T.);
#6264=ORIENTED_EDGE('',*,*,#4453,.T.);
#6265=ORIENTED_EDGE('',*,*,#4450,.T.);
#6266=ORIENTED_EDGE('',*,*,#4447,.T.);
#6267=ORIENTED_EDGE('',*,*,#4444,.T.);
#6268=ORIENTED_EDGE('',*,*,#4441,.T.);
#6269=ORIENTED_EDGE('',*,*,#4438,.T.);
#6270=ORIENTED_EDGE('',*,*,#4435,.T.);
#6271=ORIENTED_EDGE('',*,*,#4432,.T.);
#6272=ORIENTED_EDGE('',*,*,#4429,.T.);
#6273=ORIENTED_EDGE('',*,*,#4426,.T.);
#6274=ORIENTED_EDGE('',*,*,#4423,.T.);
#6275=ORIENTED_EDGE('',*,*,#4420,.T.);
#6276=ORIENTED_EDGE('',*,*,#4526,.F.);
#6277=ORIENTED_EDGE('',*,*,#4527,.T.);
#6278=ORIENTED_EDGE('',*,*,#4528,.F.);
#6279=ORIENTED_EDGE('',*,*,#4529,.F.);
#6280=ORIENTED_EDGE('',*,*,#4530,.F.);
#6281=ORIENTED_EDGE('',*,*,#4529,.T.);
#6282=ORIENTED_EDGE('',*,*,#4531,.F.);
#6283=ORIENTED_EDGE('',*,*,#4532,.F.);
#6284=ORIENTED_EDGE('',*,*,#4533,.F.);
#6285=ORIENTED_EDGE('',*,*,#4532,.T.);
#6286=ORIENTED_EDGE('',*,*,#4534,.F.);
#6287=ORIENTED_EDGE('',*,*,#4535,.F.);
#6288=ORIENTED_EDGE('',*,*,#4536,.F.);
#6289=ORIENTED_EDGE('',*,*,#4535,.T.);
#6290=ORIENTED_EDGE('',*,*,#4537,.F.);
#6291=ORIENTED_EDGE('',*,*,#4538,.F.);
#6292=ORIENTED_EDGE('',*,*,#4539,.F.);
#6293=ORIENTED_EDGE('',*,*,#4538,.T.);
#6294=ORIENTED_EDGE('',*,*,#4540,.F.);
#6295=ORIENTED_EDGE('',*,*,#4541,.F.);
#6296=ORIENTED_EDGE('',*,*,#4542,.F.);
#6297=ORIENTED_EDGE('',*,*,#4541,.T.);
#6298=ORIENTED_EDGE('',*,*,#4543,.F.);
#6299=ORIENTED_EDGE('',*,*,#4544,.F.);
#6300=ORIENTED_EDGE('',*,*,#4545,.F.);
#6301=ORIENTED_EDGE('',*,*,#4544,.T.);
#6302=ORIENTED_EDGE('',*,*,#4546,.F.);
#6303=ORIENTED_EDGE('',*,*,#4547,.F.);
#6304=ORIENTED_EDGE('',*,*,#4548,.F.);
#6305=ORIENTED_EDGE('',*,*,#4547,.T.);
#6306=ORIENTED_EDGE('',*,*,#4549,.F.);
#6307=ORIENTED_EDGE('',*,*,#4550,.F.);
#6308=ORIENTED_EDGE('',*,*,#4551,.F.);
#6309=ORIENTED_EDGE('',*,*,#4550,.T.);
#6310=ORIENTED_EDGE('',*,*,#4552,.F.);
#6311=ORIENTED_EDGE('',*,*,#4553,.F.);
#6312=ORIENTED_EDGE('',*,*,#4554,.F.);
#6313=ORIENTED_EDGE('',*,*,#4553,.T.);
#6314=ORIENTED_EDGE('',*,*,#4555,.F.);
#6315=ORIENTED_EDGE('',*,*,#4527,.F.);
#6316=ORIENTED_EDGE('',*,*,#4555,.T.);
#6317=ORIENTED_EDGE('',*,*,#4552,.T.);
#6318=ORIENTED_EDGE('',*,*,#4549,.T.);
#6319=ORIENTED_EDGE('',*,*,#4546,.T.);
#6320=ORIENTED_EDGE('',*,*,#4543,.T.);
#6321=ORIENTED_EDGE('',*,*,#4540,.T.);
#6322=ORIENTED_EDGE('',*,*,#4537,.T.);
#6323=ORIENTED_EDGE('',*,*,#4534,.T.);
#6324=ORIENTED_EDGE('',*,*,#4531,.T.);
#6325=ORIENTED_EDGE('',*,*,#4528,.T.);
#6326=ORIENTED_EDGE('',*,*,#4556,.F.);
#6327=ORIENTED_EDGE('',*,*,#4557,.T.);
#6328=ORIENTED_EDGE('',*,*,#4558,.F.);
#6329=ORIENTED_EDGE('',*,*,#4559,.F.);
#6330=ORIENTED_EDGE('',*,*,#4560,.F.);
#6331=ORIENTED_EDGE('',*,*,#4559,.T.);
#6332=ORIENTED_EDGE('',*,*,#4561,.F.);
#6333=ORIENTED_EDGE('',*,*,#4562,.F.);
#6334=ORIENTED_EDGE('',*,*,#4563,.F.);
#6335=ORIENTED_EDGE('',*,*,#4562,.T.);
#6336=ORIENTED_EDGE('',*,*,#4564,.F.);
#6337=ORIENTED_EDGE('',*,*,#4565,.F.);
#6338=ORIENTED_EDGE('',*,*,#4566,.F.);
#6339=ORIENTED_EDGE('',*,*,#4565,.T.);
#6340=ORIENTED_EDGE('',*,*,#4567,.F.);
#6341=ORIENTED_EDGE('',*,*,#4568,.F.);
#6342=ORIENTED_EDGE('',*,*,#4569,.F.);
#6343=ORIENTED_EDGE('',*,*,#4568,.T.);
#6344=ORIENTED_EDGE('',*,*,#4570,.F.);
#6345=ORIENTED_EDGE('',*,*,#4571,.F.);
#6346=ORIENTED_EDGE('',*,*,#4572,.F.);
#6347=ORIENTED_EDGE('',*,*,#4571,.T.);
#6348=ORIENTED_EDGE('',*,*,#4573,.F.);
#6349=ORIENTED_EDGE('',*,*,#4574,.F.);
#6350=ORIENTED_EDGE('',*,*,#4575,.F.);
#6351=ORIENTED_EDGE('',*,*,#4574,.T.);
#6352=ORIENTED_EDGE('',*,*,#4576,.F.);
#6353=ORIENTED_EDGE('',*,*,#4577,.F.);
#6354=ORIENTED_EDGE('',*,*,#4578,.F.);
#6355=ORIENTED_EDGE('',*,*,#4577,.T.);
#6356=ORIENTED_EDGE('',*,*,#4579,.F.);
#6357=ORIENTED_EDGE('',*,*,#4557,.F.);
#6358=ORIENTED_EDGE('',*,*,#4579,.T.);
#6359=ORIENTED_EDGE('',*,*,#4576,.T.);
#6360=ORIENTED_EDGE('',*,*,#4573,.T.);
#6361=ORIENTED_EDGE('',*,*,#4570,.T.);
#6362=ORIENTED_EDGE('',*,*,#4567,.T.);
#6363=ORIENTED_EDGE('',*,*,#4564,.T.);
#6364=ORIENTED_EDGE('',*,*,#4561,.T.);
#6365=ORIENTED_EDGE('',*,*,#4558,.T.);
#6366=ORIENTED_EDGE('',*,*,#4580,.F.);
#6367=ORIENTED_EDGE('',*,*,#4581,.T.);
#6368=ORIENTED_EDGE('',*,*,#4582,.T.);
#6369=ORIENTED_EDGE('',*,*,#4583,.F.);
#6370=ORIENTED_EDGE('',*,*,#4584,.F.);
#6371=ORIENTED_EDGE('',*,*,#4585,.T.);
#6372=ORIENTED_EDGE('',*,*,#4586,.T.);
#6373=ORIENTED_EDGE('',*,*,#4581,.F.);
#6374=ORIENTED_EDGE('',*,*,#4587,.F.);
#6375=ORIENTED_EDGE('',*,*,#4588,.T.);
#6376=ORIENTED_EDGE('',*,*,#4589,.T.);
#6377=ORIENTED_EDGE('',*,*,#4585,.F.);
#6378=ORIENTED_EDGE('',*,*,#4590,.F.);
#6379=ORIENTED_EDGE('',*,*,#4583,.T.);
#6380=ORIENTED_EDGE('',*,*,#4591,.T.);
#6381=ORIENTED_EDGE('',*,*,#4588,.F.);
#6382=ORIENTED_EDGE('',*,*,#4591,.F.);
#6383=ORIENTED_EDGE('',*,*,#4582,.F.);
#6384=ORIENTED_EDGE('',*,*,#4586,.F.);
#6385=ORIENTED_EDGE('',*,*,#4589,.F.);
#6386=ORIENTED_EDGE('',*,*,#4592,.F.);
#6387=ORIENTED_EDGE('',*,*,#4593,.F.);
#6388=ORIENTED_EDGE('',*,*,#4594,.T.);
#6389=ORIENTED_EDGE('',*,*,#4592,.T.);
#6390=ORIENTED_EDGE('',*,*,#4594,.F.);
#6391=ORIENTED_EDGE('',*,*,#4595,.F.);
#6392=ORIENTED_EDGE('',*,*,#4596,.F.);
#6393=ORIENTED_EDGE('',*,*,#4597,.F.);
#6394=ORIENTED_EDGE('',*,*,#4598,.T.);
#6395=ORIENTED_EDGE('',*,*,#4599,.F.);
#6396=ORIENTED_EDGE('',*,*,#4598,.F.);
#6397=ORIENTED_EDGE('',*,*,#4600,.F.);
#6398=ORIENTED_EDGE('',*,*,#4601,.T.);
#6399=ORIENTED_EDGE('',*,*,#4602,.F.);
#6400=ORIENTED_EDGE('',*,*,#4601,.F.);
#6401=ORIENTED_EDGE('',*,*,#4603,.F.);
#6402=ORIENTED_EDGE('',*,*,#4604,.T.);
#6403=ORIENTED_EDGE('',*,*,#4605,.F.);
#6404=ORIENTED_EDGE('',*,*,#4604,.F.);
#6405=ORIENTED_EDGE('',*,*,#4606,.F.);
#6406=ORIENTED_EDGE('',*,*,#4607,.T.);
#6407=ORIENTED_EDGE('',*,*,#4608,.F.);
#6408=ORIENTED_EDGE('',*,*,#4607,.F.);
#6409=ORIENTED_EDGE('',*,*,#4609,.F.);
#6410=ORIENTED_EDGE('',*,*,#4610,.T.);
#6411=ORIENTED_EDGE('',*,*,#4611,.F.);
#6412=ORIENTED_EDGE('',*,*,#4610,.F.);
#6413=ORIENTED_EDGE('',*,*,#4612,.F.);
#6414=ORIENTED_EDGE('',*,*,#4613,.T.);
#6415=ORIENTED_EDGE('',*,*,#4614,.F.);
#6416=ORIENTED_EDGE('',*,*,#4613,.F.);
#6417=ORIENTED_EDGE('',*,*,#4615,.F.);
#6418=ORIENTED_EDGE('',*,*,#4616,.T.);
#6419=ORIENTED_EDGE('',*,*,#4617,.F.);
#6420=ORIENTED_EDGE('',*,*,#4616,.F.);
#6421=ORIENTED_EDGE('',*,*,#4618,.F.);
#6422=ORIENTED_EDGE('',*,*,#4596,.T.);
#6423=ORIENTED_EDGE('',*,*,#4619,.F.);
#6424=ORIENTED_EDGE('',*,*,#4620,.F.);
#6425=ORIENTED_EDGE('',*,*,#4621,.F.);
#6426=ORIENTED_EDGE('',*,*,#4622,.T.);
#6427=ORIENTED_EDGE('',*,*,#4623,.F.);
#6428=ORIENTED_EDGE('',*,*,#4622,.F.);
#6429=ORIENTED_EDGE('',*,*,#4624,.F.);
#6430=ORIENTED_EDGE('',*,*,#4625,.T.);
#6431=ORIENTED_EDGE('',*,*,#4626,.F.);
#6432=ORIENTED_EDGE('',*,*,#4625,.F.);
#6433=ORIENTED_EDGE('',*,*,#4627,.F.);
#6434=ORIENTED_EDGE('',*,*,#4628,.T.);
#6435=ORIENTED_EDGE('',*,*,#4629,.F.);
#6436=ORIENTED_EDGE('',*,*,#4628,.F.);
#6437=ORIENTED_EDGE('',*,*,#4630,.F.);
#6438=ORIENTED_EDGE('',*,*,#4631,.T.);
#6439=ORIENTED_EDGE('',*,*,#4632,.F.);
#6440=ORIENTED_EDGE('',*,*,#4631,.F.);
#6441=ORIENTED_EDGE('',*,*,#4633,.F.);
#6442=ORIENTED_EDGE('',*,*,#4634,.T.);
#6443=ORIENTED_EDGE('',*,*,#4635,.F.);
#6444=ORIENTED_EDGE('',*,*,#4634,.F.);
#6445=ORIENTED_EDGE('',*,*,#4636,.F.);
#6446=ORIENTED_EDGE('',*,*,#4637,.T.);
#6447=ORIENTED_EDGE('',*,*,#4638,.F.);
#6448=ORIENTED_EDGE('',*,*,#4637,.F.);
#6449=ORIENTED_EDGE('',*,*,#4639,.F.);
#6450=ORIENTED_EDGE('',*,*,#4640,.T.);
#6451=ORIENTED_EDGE('',*,*,#4641,.F.);
#6452=ORIENTED_EDGE('',*,*,#4640,.F.);
#6453=ORIENTED_EDGE('',*,*,#4642,.F.);
#6454=ORIENTED_EDGE('',*,*,#4620,.T.);
#6455=ORIENTED_EDGE('',*,*,#4643,.F.);
#6456=ORIENTED_EDGE('',*,*,#4644,.F.);
#6457=ORIENTED_EDGE('',*,*,#4645,.F.);
#6458=ORIENTED_EDGE('',*,*,#4646,.T.);
#6459=ORIENTED_EDGE('',*,*,#4647,.F.);
#6460=ORIENTED_EDGE('',*,*,#4646,.F.);
#6461=ORIENTED_EDGE('',*,*,#4648,.F.);
#6462=ORIENTED_EDGE('',*,*,#4649,.T.);
#6463=ORIENTED_EDGE('',*,*,#4650,.F.);
#6464=ORIENTED_EDGE('',*,*,#4649,.F.);
#6465=ORIENTED_EDGE('',*,*,#4651,.F.);
#6466=ORIENTED_EDGE('',*,*,#4652,.T.);
#6467=ORIENTED_EDGE('',*,*,#4653,.F.);
#6468=ORIENTED_EDGE('',*,*,#4652,.F.);
#6469=ORIENTED_EDGE('',*,*,#4654,.F.);
#6470=ORIENTED_EDGE('',*,*,#4655,.T.);
#6471=ORIENTED_EDGE('',*,*,#4656,.F.);
#6472=ORIENTED_EDGE('',*,*,#4655,.F.);
#6473=ORIENTED_EDGE('',*,*,#4657,.F.);
#6474=ORIENTED_EDGE('',*,*,#4658,.T.);
#6475=ORIENTED_EDGE('',*,*,#4659,.F.);
#6476=ORIENTED_EDGE('',*,*,#4658,.F.);
#6477=ORIENTED_EDGE('',*,*,#4660,.F.);
#6478=ORIENTED_EDGE('',*,*,#4661,.T.);
#6479=ORIENTED_EDGE('',*,*,#4662,.F.);
#6480=ORIENTED_EDGE('',*,*,#4661,.F.);
#6481=ORIENTED_EDGE('',*,*,#4663,.F.);
#6482=ORIENTED_EDGE('',*,*,#4664,.T.);
#6483=ORIENTED_EDGE('',*,*,#4665,.F.);
#6484=ORIENTED_EDGE('',*,*,#4664,.F.);
#6485=ORIENTED_EDGE('',*,*,#4666,.F.);
#6486=ORIENTED_EDGE('',*,*,#4644,.T.);
#6487=ORIENTED_EDGE('',*,*,#4667,.T.);
#6488=ORIENTED_EDGE('',*,*,#4668,.T.);
#6489=ORIENTED_EDGE('',*,*,#4669,.T.);
#6490=ORIENTED_EDGE('',*,*,#4670,.T.);
#6491=ORIENTED_EDGE('',*,*,#4671,.T.);
#6492=ORIENTED_EDGE('',*,*,#4672,.T.);
#6493=ORIENTED_EDGE('',*,*,#4673,.T.);
#6494=ORIENTED_EDGE('',*,*,#4674,.T.);
#6495=ORIENTED_EDGE('',*,*,#4673,.F.);
#6496=ORIENTED_EDGE('',*,*,#4675,.T.);
#6497=ORIENTED_EDGE('',*,*,#4669,.F.);
#6498=ORIENTED_EDGE('',*,*,#4670,.F.);
#6499=ORIENTED_EDGE('',*,*,#4676,.F.);
#6500=ORIENTED_EDGE('',*,*,#4677,.F.);
#6501=ORIENTED_EDGE('',*,*,#4678,.F.);
#6502=ORIENTED_EDGE('',*,*,#4593,.T.);
#6503=ORIENTED_EDGE('',*,*,#4609,.T.);
#6504=ORIENTED_EDGE('',*,*,#4606,.T.);
#6505=ORIENTED_EDGE('',*,*,#4603,.T.);
#6506=ORIENTED_EDGE('',*,*,#4600,.T.);
#6507=ORIENTED_EDGE('',*,*,#4597,.T.);
#6508=ORIENTED_EDGE('',*,*,#4618,.T.);
#6509=ORIENTED_EDGE('',*,*,#4615,.T.);
#6510=ORIENTED_EDGE('',*,*,#4612,.T.);
#6511=ORIENTED_EDGE('',*,*,#4633,.T.);
#6512=ORIENTED_EDGE('',*,*,#4630,.T.);
#6513=ORIENTED_EDGE('',*,*,#4627,.T.);
#6514=ORIENTED_EDGE('',*,*,#4624,.T.);
#6515=ORIENTED_EDGE('',*,*,#4621,.T.);
#6516=ORIENTED_EDGE('',*,*,#4642,.T.);
#6517=ORIENTED_EDGE('',*,*,#4639,.T.);
#6518=ORIENTED_EDGE('',*,*,#4636,.T.);
#6519=ORIENTED_EDGE('',*,*,#4657,.T.);
#6520=ORIENTED_EDGE('',*,*,#4654,.T.);
#6521=ORIENTED_EDGE('',*,*,#4651,.T.);
#6522=ORIENTED_EDGE('',*,*,#4648,.T.);
#6523=ORIENTED_EDGE('',*,*,#4645,.T.);
#6524=ORIENTED_EDGE('',*,*,#4666,.T.);
#6525=ORIENTED_EDGE('',*,*,#4663,.T.);
#6526=ORIENTED_EDGE('',*,*,#4660,.T.);
#6527=ORIENTED_EDGE('',*,*,#4675,.F.);
#6528=ORIENTED_EDGE('',*,*,#4679,.T.);
#6529=ORIENTED_EDGE('',*,*,#4680,.T.);
#6530=ORIENTED_EDGE('',*,*,#4676,.T.);
#6531=ORIENTED_EDGE('',*,*,#4672,.F.);
#6532=ORIENTED_EDGE('',*,*,#4681,.F.);
#6533=ORIENTED_EDGE('',*,*,#4682,.F.);
#6534=ORIENTED_EDGE('',*,*,#4679,.F.);
#6535=ORIENTED_EDGE('',*,*,#4683,.T.);
#6536=ORIENTED_EDGE('',*,*,#4684,.T.);
#6537=ORIENTED_EDGE('',*,*,#4685,.T.);
#6538=ORIENTED_EDGE('',*,*,#4686,.T.);
#6539=ORIENTED_EDGE('',*,*,#4671,.F.);
#6540=ORIENTED_EDGE('',*,*,#4687,.T.);
#6541=ORIENTED_EDGE('',*,*,#4688,.F.);
#6542=ORIENTED_EDGE('',*,*,#4689,.F.);
#6543=ORIENTED_EDGE('',*,*,#4690,.T.);
#6544=ORIENTED_EDGE('',*,*,#4681,.T.);
#6545=ORIENTED_EDGE('',*,*,#4690,.F.);
#6546=ORIENTED_EDGE('',*,*,#4691,.T.);
#6547=ORIENTED_EDGE('',*,*,#4692,.T.);
#6548=ORIENTED_EDGE('',*,*,#4682,.T.);
#6549=ORIENTED_EDGE('',*,*,#4693,.T.);
#6550=ORIENTED_EDGE('',*,*,#4694,.T.);
#6551=ORIENTED_EDGE('',*,*,#4695,.T.);
#6552=ORIENTED_EDGE('',*,*,#4696,.F.);
#6553=ORIENTED_EDGE('',*,*,#4694,.F.);
#6554=ORIENTED_EDGE('',*,*,#4697,.T.);
#6555=ORIENTED_EDGE('',*,*,#4698,.T.);
#6556=ORIENTED_EDGE('',*,*,#4699,.T.);
#6557=ORIENTED_EDGE('',*,*,#4700,.T.);
#6558=ORIENTED_EDGE('',*,*,#4701,.T.);
#6559=ORIENTED_EDGE('',*,*,#4702,.T.);
#6560=ORIENTED_EDGE('',*,*,#4703,.T.);
#6561=ORIENTED_EDGE('',*,*,#4693,.F.);
#6562=ORIENTED_EDGE('',*,*,#4704,.F.);
#6563=ORIENTED_EDGE('',*,*,#4705,.T.);
#6564=ORIENTED_EDGE('',*,*,#4697,.F.);
#6565=ORIENTED_EDGE('',*,*,#4706,.F.);
#6566=ORIENTED_EDGE('',*,*,#4707,.T.);
#6567=ORIENTED_EDGE('',*,*,#4701,.F.);
#6568=ORIENTED_EDGE('',*,*,#4708,.F.);
#6569=ORIENTED_EDGE('',*,*,#4709,.F.);
#6570=ORIENTED_EDGE('',*,*,#4708,.T.);
#6571=ORIENTED_EDGE('',*,*,#4700,.F.);
#6572=ORIENTED_EDGE('',*,*,#4710,.F.);
#6573=ORIENTED_EDGE('',*,*,#4711,.F.);
#6574=ORIENTED_EDGE('',*,*,#4710,.T.);
#6575=ORIENTED_EDGE('',*,*,#4699,.F.);
#6576=ORIENTED_EDGE('',*,*,#4712,.F.);
#6577=ORIENTED_EDGE('',*,*,#4695,.F.);
#6578=ORIENTED_EDGE('',*,*,#4703,.F.);
#6579=ORIENTED_EDGE('',*,*,#4713,.F.);
#6580=ORIENTED_EDGE('',*,*,#4714,.F.);
#6581=ORIENTED_EDGE('',*,*,#4711,.T.);
#6582=ORIENTED_EDGE('',*,*,#4715,.F.);
#6583=ORIENTED_EDGE('',*,*,#4706,.T.);
#6584=ORIENTED_EDGE('',*,*,#4709,.T.);
#6585=ORIENTED_EDGE('',*,*,#4704,.T.);
#6586=ORIENTED_EDGE('',*,*,#4696,.T.);
#6587=ORIENTED_EDGE('',*,*,#4714,.T.);
#6588=ORIENTED_EDGE('',*,*,#4716,.F.);
#6589=ORIENTED_EDGE('',*,*,#4717,.T.);
#6590=ORIENTED_EDGE('',*,*,#4718,.T.);
#6591=ORIENTED_EDGE('',*,*,#4719,.F.);
#6592=ORIENTED_EDGE('',*,*,#4720,.F.);
#6593=ORIENTED_EDGE('',*,*,#4680,.F.);
#6594=ORIENTED_EDGE('',*,*,#4692,.F.);
#6595=ORIENTED_EDGE('',*,*,#4721,.F.);
#6596=ORIENTED_EDGE('',*,*,#4722,.T.);
#6597=ORIENTED_EDGE('',*,*,#4677,.T.);
#6598=ORIENTED_EDGE('',*,*,#4721,.T.);
#6599=ORIENTED_EDGE('',*,*,#4723,.T.);
#6600=ORIENTED_EDGE('',*,*,#4668,.F.);
#6601=ORIENTED_EDGE('',*,*,#4724,.F.);
#6602=ORIENTED_EDGE('',*,*,#4687,.F.);
#6603=ORIENTED_EDGE('',*,*,#4674,.F.);
#6604=ORIENTED_EDGE('',*,*,#3683,.T.);
#6605=ORIENTED_EDGE('',*,*,#3687,.T.);
#6606=ORIENTED_EDGE('',*,*,#3690,.T.);
#6607=ORIENTED_EDGE('',*,*,#3693,.T.);
#6608=ORIENTED_EDGE('',*,*,#3696,.T.);
#6609=ORIENTED_EDGE('',*,*,#3699,.T.);
#6610=ORIENTED_EDGE('',*,*,#3702,.T.);
#6611=ORIENTED_EDGE('',*,*,#3705,.T.);
#6612=ORIENTED_EDGE('',*,*,#3708,.T.);
#6613=ORIENTED_EDGE('',*,*,#3711,.T.);
#6614=ORIENTED_EDGE('',*,*,#3714,.T.);
#6615=ORIENTED_EDGE('',*,*,#3717,.T.);
#6616=ORIENTED_EDGE('',*,*,#3720,.T.);
#6617=ORIENTED_EDGE('',*,*,#3723,.T.);
#6618=ORIENTED_EDGE('',*,*,#3726,.T.);
#6619=ORIENTED_EDGE('',*,*,#3729,.T.);
#6620=ORIENTED_EDGE('',*,*,#3732,.T.);
#6621=ORIENTED_EDGE('',*,*,#3735,.T.);
#6622=ORIENTED_EDGE('',*,*,#3738,.T.);
#6623=ORIENTED_EDGE('',*,*,#3741,.T.);
#6624=ORIENTED_EDGE('',*,*,#3744,.T.);
#6625=ORIENTED_EDGE('',*,*,#3747,.T.);
#6626=ORIENTED_EDGE('',*,*,#3750,.T.);
#6627=ORIENTED_EDGE('',*,*,#3753,.T.);
#6628=ORIENTED_EDGE('',*,*,#3756,.T.);
#6629=ORIENTED_EDGE('',*,*,#3854,.T.);
#6630=ORIENTED_EDGE('',*,*,#3858,.T.);
#6631=ORIENTED_EDGE('',*,*,#3861,.T.);
#6632=ORIENTED_EDGE('',*,*,#3864,.T.);
#6633=ORIENTED_EDGE('',*,*,#3867,.T.);
#6634=ORIENTED_EDGE('',*,*,#3870,.T.);
#6635=ORIENTED_EDGE('',*,*,#3873,.T.);
#6636=ORIENTED_EDGE('',*,*,#3876,.T.);
#6637=ORIENTED_EDGE('',*,*,#3879,.T.);
#6638=ORIENTED_EDGE('',*,*,#3882,.T.);
#6639=ORIENTED_EDGE('',*,*,#3885,.T.);
#6640=ORIENTED_EDGE('',*,*,#3888,.T.);
#6641=ORIENTED_EDGE('',*,*,#3891,.T.);
#6642=ORIENTED_EDGE('',*,*,#3894,.T.);
#6643=ORIENTED_EDGE('',*,*,#3897,.T.);
#6644=ORIENTED_EDGE('',*,*,#3900,.T.);
#6645=ORIENTED_EDGE('',*,*,#3903,.T.);
#6646=ORIENTED_EDGE('',*,*,#3906,.T.);
#6647=ORIENTED_EDGE('',*,*,#3909,.T.);
#6648=ORIENTED_EDGE('',*,*,#4016,.T.);
#6649=ORIENTED_EDGE('',*,*,#4020,.T.);
#6650=ORIENTED_EDGE('',*,*,#4023,.T.);
#6651=ORIENTED_EDGE('',*,*,#4026,.T.);
#6652=ORIENTED_EDGE('',*,*,#4029,.T.);
#6653=ORIENTED_EDGE('',*,*,#4032,.T.);
#6654=ORIENTED_EDGE('',*,*,#4035,.T.);
#6655=ORIENTED_EDGE('',*,*,#4038,.T.);
#6656=ORIENTED_EDGE('',*,*,#4041,.T.);
#6657=ORIENTED_EDGE('',*,*,#4044,.T.);
#6658=ORIENTED_EDGE('',*,*,#4047,.T.);
#6659=ORIENTED_EDGE('',*,*,#4050,.T.);
#6660=ORIENTED_EDGE('',*,*,#4053,.T.);
#6661=ORIENTED_EDGE('',*,*,#4056,.T.);
#6662=ORIENTED_EDGE('',*,*,#4059,.T.);
#6663=ORIENTED_EDGE('',*,*,#4062,.T.);
#6664=ORIENTED_EDGE('',*,*,#4065,.T.);
#6665=ORIENTED_EDGE('',*,*,#4068,.T.);
#6666=ORIENTED_EDGE('',*,*,#4112,.T.);
#6667=ORIENTED_EDGE('',*,*,#4116,.T.);
#6668=ORIENTED_EDGE('',*,*,#4119,.T.);
#6669=ORIENTED_EDGE('',*,*,#4122,.T.);
#6670=ORIENTED_EDGE('',*,*,#4125,.T.);
#6671=ORIENTED_EDGE('',*,*,#4128,.T.);
#6672=ORIENTED_EDGE('',*,*,#4131,.T.);
#6673=ORIENTED_EDGE('',*,*,#4134,.T.);
#6674=ORIENTED_EDGE('',*,*,#4137,.T.);
#6675=ORIENTED_EDGE('',*,*,#4140,.T.);
#6676=ORIENTED_EDGE('',*,*,#4143,.T.);
#6677=ORIENTED_EDGE('',*,*,#4146,.T.);
#6678=ORIENTED_EDGE('',*,*,#4149,.T.);
#6679=ORIENTED_EDGE('',*,*,#4152,.T.);
#6680=ORIENTED_EDGE('',*,*,#4155,.T.);
#6681=ORIENTED_EDGE('',*,*,#4158,.T.);
#6682=ORIENTED_EDGE('',*,*,#4161,.T.);
#6683=ORIENTED_EDGE('',*,*,#4163,.T.);
#6684=ORIENTED_EDGE('',*,*,#4167,.T.);
#6685=ORIENTED_EDGE('',*,*,#4170,.T.);
#6686=ORIENTED_EDGE('',*,*,#4173,.T.);
#6687=ORIENTED_EDGE('',*,*,#4556,.T.);
#6688=ORIENTED_EDGE('',*,*,#4560,.T.);
#6689=ORIENTED_EDGE('',*,*,#4563,.T.);
#6690=ORIENTED_EDGE('',*,*,#4566,.T.);
#6691=ORIENTED_EDGE('',*,*,#4569,.T.);
#6692=ORIENTED_EDGE('',*,*,#4572,.T.);
#6693=ORIENTED_EDGE('',*,*,#4575,.T.);
#6694=ORIENTED_EDGE('',*,*,#4578,.T.);
#6695=ORIENTED_EDGE('',*,*,#4526,.T.);
#6696=ORIENTED_EDGE('',*,*,#4530,.T.);
#6697=ORIENTED_EDGE('',*,*,#4533,.T.);
#6698=ORIENTED_EDGE('',*,*,#4536,.T.);
#6699=ORIENTED_EDGE('',*,*,#4539,.T.);
#6700=ORIENTED_EDGE('',*,*,#4542,.T.);
#6701=ORIENTED_EDGE('',*,*,#4545,.T.);
#6702=ORIENTED_EDGE('',*,*,#4548,.T.);
#6703=ORIENTED_EDGE('',*,*,#4551,.T.);
#6704=ORIENTED_EDGE('',*,*,#4554,.T.);
#6705=ORIENTED_EDGE('',*,*,#4418,.T.);
#6706=ORIENTED_EDGE('',*,*,#4422,.T.);
#6707=ORIENTED_EDGE('',*,*,#4425,.T.);
#6708=ORIENTED_EDGE('',*,*,#4428,.T.);
#6709=ORIENTED_EDGE('',*,*,#4431,.T.);
#6710=ORIENTED_EDGE('',*,*,#4434,.T.);
#6711=ORIENTED_EDGE('',*,*,#4437,.T.);
#6712=ORIENTED_EDGE('',*,*,#4440,.T.);
#6713=ORIENTED_EDGE('',*,*,#4443,.T.);
#6714=ORIENTED_EDGE('',*,*,#4446,.T.);
#6715=ORIENTED_EDGE('',*,*,#4449,.T.);
#6716=ORIENTED_EDGE('',*,*,#4452,.T.);
#6717=ORIENTED_EDGE('',*,*,#4455,.T.);
#6718=ORIENTED_EDGE('',*,*,#4458,.T.);
#6719=ORIENTED_EDGE('',*,*,#4461,.T.);
#6720=ORIENTED_EDGE('',*,*,#4464,.T.);
#6721=ORIENTED_EDGE('',*,*,#4467,.T.);
#6722=ORIENTED_EDGE('',*,*,#4470,.T.);
#6723=ORIENTED_EDGE('',*,*,#4473,.T.);
#6724=ORIENTED_EDGE('',*,*,#4476,.T.);
#6725=ORIENTED_EDGE('',*,*,#4479,.T.);
#6726=ORIENTED_EDGE('',*,*,#4482,.T.);
#6727=ORIENTED_EDGE('',*,*,#4485,.T.);
#6728=ORIENTED_EDGE('',*,*,#4488,.T.);
#6729=ORIENTED_EDGE('',*,*,#4491,.T.);
#6730=ORIENTED_EDGE('',*,*,#4494,.T.);
#6731=ORIENTED_EDGE('',*,*,#4497,.T.);
#6732=ORIENTED_EDGE('',*,*,#4500,.T.);
#6733=ORIENTED_EDGE('',*,*,#4503,.T.);
#6734=ORIENTED_EDGE('',*,*,#4506,.T.);
#6735=ORIENTED_EDGE('',*,*,#4509,.T.);
#6736=ORIENTED_EDGE('',*,*,#4512,.T.);
#6737=ORIENTED_EDGE('',*,*,#4515,.T.);
#6738=ORIENTED_EDGE('',*,*,#4518,.T.);
#6739=ORIENTED_EDGE('',*,*,#4521,.T.);
#6740=ORIENTED_EDGE('',*,*,#4524,.T.);
#6741=ORIENTED_EDGE('',*,*,#4310,.T.);
#6742=ORIENTED_EDGE('',*,*,#4314,.T.);
#6743=ORIENTED_EDGE('',*,*,#4317,.T.);
#6744=ORIENTED_EDGE('',*,*,#4320,.T.);
#6745=ORIENTED_EDGE('',*,*,#4323,.T.);
#6746=ORIENTED_EDGE('',*,*,#4326,.T.);
#6747=ORIENTED_EDGE('',*,*,#4329,.T.);
#6748=ORIENTED_EDGE('',*,*,#4332,.T.);
#6749=ORIENTED_EDGE('',*,*,#4335,.T.);
#6750=ORIENTED_EDGE('',*,*,#4338,.T.);
#6751=ORIENTED_EDGE('',*,*,#4341,.T.);
#6752=ORIENTED_EDGE('',*,*,#4344,.T.);
#6753=ORIENTED_EDGE('',*,*,#4347,.T.);
#6754=ORIENTED_EDGE('',*,*,#4350,.T.);
#6755=ORIENTED_EDGE('',*,*,#4353,.T.);
#6756=ORIENTED_EDGE('',*,*,#4356,.T.);
#6757=ORIENTED_EDGE('',*,*,#4359,.T.);
#6758=ORIENTED_EDGE('',*,*,#4362,.T.);
#6759=ORIENTED_EDGE('',*,*,#4365,.T.);
#6760=ORIENTED_EDGE('',*,*,#4368,.T.);
#6761=ORIENTED_EDGE('',*,*,#4371,.T.);
#6762=ORIENTED_EDGE('',*,*,#4374,.T.);
#6763=ORIENTED_EDGE('',*,*,#4377,.T.);
#6764=ORIENTED_EDGE('',*,*,#4380,.T.);
#6765=ORIENTED_EDGE('',*,*,#4383,.T.);
#6766=ORIENTED_EDGE('',*,*,#4386,.T.);
#6767=ORIENTED_EDGE('',*,*,#4389,.T.);
#6768=ORIENTED_EDGE('',*,*,#4392,.T.);
#6769=ORIENTED_EDGE('',*,*,#4395,.T.);
#6770=ORIENTED_EDGE('',*,*,#4398,.T.);
#6771=ORIENTED_EDGE('',*,*,#4401,.T.);
#6772=ORIENTED_EDGE('',*,*,#4404,.T.);
#6773=ORIENTED_EDGE('',*,*,#4407,.T.);
#6774=ORIENTED_EDGE('',*,*,#4410,.T.);
#6775=ORIENTED_EDGE('',*,*,#4413,.T.);
#6776=ORIENTED_EDGE('',*,*,#4416,.T.);
#6777=ORIENTED_EDGE('',*,*,#4253,.T.);
#6778=ORIENTED_EDGE('',*,*,#4257,.T.);
#6779=ORIENTED_EDGE('',*,*,#4260,.T.);
#6780=ORIENTED_EDGE('',*,*,#4263,.T.);
#6781=ORIENTED_EDGE('',*,*,#4266,.T.);
#6782=ORIENTED_EDGE('',*,*,#4269,.T.);
#6783=ORIENTED_EDGE('',*,*,#4272,.T.);
#6784=ORIENTED_EDGE('',*,*,#4275,.T.);
#6785=ORIENTED_EDGE('',*,*,#4278,.T.);
#6786=ORIENTED_EDGE('',*,*,#4281,.T.);
#6787=ORIENTED_EDGE('',*,*,#4284,.T.);
#6788=ORIENTED_EDGE('',*,*,#4287,.T.);
#6789=ORIENTED_EDGE('',*,*,#4290,.T.);
#6790=ORIENTED_EDGE('',*,*,#4293,.T.);
#6791=ORIENTED_EDGE('',*,*,#4296,.T.);
#6792=ORIENTED_EDGE('',*,*,#4299,.T.);
#6793=ORIENTED_EDGE('',*,*,#4302,.T.);
#6794=ORIENTED_EDGE('',*,*,#4305,.T.);
#6795=ORIENTED_EDGE('',*,*,#4308,.T.);
#6796=ORIENTED_EDGE('',*,*,#4205,.T.);
#6797=ORIENTED_EDGE('',*,*,#4209,.T.);
#6798=ORIENTED_EDGE('',*,*,#4212,.T.);
#6799=ORIENTED_EDGE('',*,*,#4215,.T.);
#6800=ORIENTED_EDGE('',*,*,#4218,.T.);
#6801=ORIENTED_EDGE('',*,*,#4221,.T.);
#6802=ORIENTED_EDGE('',*,*,#4224,.T.);
#6803=ORIENTED_EDGE('',*,*,#4227,.T.);
#6804=ORIENTED_EDGE('',*,*,#4230,.T.);
#6805=ORIENTED_EDGE('',*,*,#4233,.T.);
#6806=ORIENTED_EDGE('',*,*,#4236,.T.);
#6807=ORIENTED_EDGE('',*,*,#4239,.T.);
#6808=ORIENTED_EDGE('',*,*,#4242,.T.);
#6809=ORIENTED_EDGE('',*,*,#4245,.T.);
#6810=ORIENTED_EDGE('',*,*,#4248,.T.);
#6811=ORIENTED_EDGE('',*,*,#4251,.T.);
#6812=ORIENTED_EDGE('',*,*,#4070,.T.);
#6813=ORIENTED_EDGE('',*,*,#4074,.T.);
#6814=ORIENTED_EDGE('',*,*,#4077,.T.);
#6815=ORIENTED_EDGE('',*,*,#4080,.T.);
#6816=ORIENTED_EDGE('',*,*,#3911,.T.);
#6817=ORIENTED_EDGE('',*,*,#3915,.T.);
#6818=ORIENTED_EDGE('',*,*,#3918,.T.);
#6819=ORIENTED_EDGE('',*,*,#3921,.T.);
#6820=ORIENTED_EDGE('',*,*,#3924,.T.);
#6821=ORIENTED_EDGE('',*,*,#3927,.T.);
#6822=ORIENTED_EDGE('',*,*,#3930,.T.);
#6823=ORIENTED_EDGE('',*,*,#3933,.T.);
#6824=ORIENTED_EDGE('',*,*,#3936,.T.);
#6825=ORIENTED_EDGE('',*,*,#3939,.T.);
#6826=ORIENTED_EDGE('',*,*,#3942,.T.);
#6827=ORIENTED_EDGE('',*,*,#3945,.T.);
#6828=ORIENTED_EDGE('',*,*,#3948,.T.);
#6829=ORIENTED_EDGE('',*,*,#3951,.T.);
#6830=ORIENTED_EDGE('',*,*,#3954,.T.);
#6831=ORIENTED_EDGE('',*,*,#3957,.T.);
#6832=ORIENTED_EDGE('',*,*,#3960,.T.);
#6833=ORIENTED_EDGE('',*,*,#3963,.T.);
#6834=ORIENTED_EDGE('',*,*,#3966,.T.);
#6835=ORIENTED_EDGE('',*,*,#3969,.T.);
#6836=ORIENTED_EDGE('',*,*,#3972,.T.);
#6837=ORIENTED_EDGE('',*,*,#3975,.T.);
#6838=ORIENTED_EDGE('',*,*,#3978,.T.);
#6839=ORIENTED_EDGE('',*,*,#3981,.T.);
#6840=ORIENTED_EDGE('',*,*,#3984,.T.);
#6841=ORIENTED_EDGE('',*,*,#3987,.T.);
#6842=ORIENTED_EDGE('',*,*,#3990,.T.);
#6843=ORIENTED_EDGE('',*,*,#3993,.T.);
#6844=ORIENTED_EDGE('',*,*,#3996,.T.);
#6845=ORIENTED_EDGE('',*,*,#3999,.T.);
#6846=ORIENTED_EDGE('',*,*,#4002,.T.);
#6847=ORIENTED_EDGE('',*,*,#4005,.T.);
#6848=ORIENTED_EDGE('',*,*,#4008,.T.);
#6849=ORIENTED_EDGE('',*,*,#4011,.T.);
#6850=ORIENTED_EDGE('',*,*,#4014,.T.);
#6851=ORIENTED_EDGE('',*,*,#3779,.T.);
#6852=ORIENTED_EDGE('',*,*,#3783,.T.);
#6853=ORIENTED_EDGE('',*,*,#3786,.T.);
#6854=ORIENTED_EDGE('',*,*,#3789,.T.);
#6855=ORIENTED_EDGE('',*,*,#3792,.T.);
#6856=ORIENTED_EDGE('',*,*,#3795,.T.);
#6857=ORIENTED_EDGE('',*,*,#3798,.T.);
#6858=ORIENTED_EDGE('',*,*,#3801,.T.);
#6859=ORIENTED_EDGE('',*,*,#3804,.T.);
#6860=ORIENTED_EDGE('',*,*,#3807,.T.);
#6861=ORIENTED_EDGE('',*,*,#3810,.T.);
#6862=ORIENTED_EDGE('',*,*,#3813,.T.);
#6863=ORIENTED_EDGE('',*,*,#3816,.T.);
#6864=ORIENTED_EDGE('',*,*,#3819,.T.);
#6865=ORIENTED_EDGE('',*,*,#3822,.T.);
#6866=ORIENTED_EDGE('',*,*,#3825,.T.);
#6867=ORIENTED_EDGE('',*,*,#3828,.T.);
#6868=ORIENTED_EDGE('',*,*,#3831,.T.);
#6869=ORIENTED_EDGE('',*,*,#3834,.T.);
#6870=ORIENTED_EDGE('',*,*,#3837,.T.);
#6871=ORIENTED_EDGE('',*,*,#3840,.T.);
#6872=ORIENTED_EDGE('',*,*,#3843,.T.);
#6873=ORIENTED_EDGE('',*,*,#3846,.T.);
#6874=ORIENTED_EDGE('',*,*,#3849,.T.);
#6875=ORIENTED_EDGE('',*,*,#3852,.T.);
#6876=ORIENTED_EDGE('',*,*,#3626,.T.);
#6877=ORIENTED_EDGE('',*,*,#3630,.T.);
#6878=ORIENTED_EDGE('',*,*,#3633,.T.);
#6879=ORIENTED_EDGE('',*,*,#3636,.T.);
#6880=ORIENTED_EDGE('',*,*,#3639,.T.);
#6881=ORIENTED_EDGE('',*,*,#3642,.T.);
#6882=ORIENTED_EDGE('',*,*,#3645,.T.);
#6883=ORIENTED_EDGE('',*,*,#3648,.T.);
#6884=ORIENTED_EDGE('',*,*,#3651,.T.);
#6885=ORIENTED_EDGE('',*,*,#3654,.T.);
#6886=ORIENTED_EDGE('',*,*,#3657,.T.);
#6887=ORIENTED_EDGE('',*,*,#3660,.T.);
#6888=ORIENTED_EDGE('',*,*,#4725,.F.);
#6889=ORIENTED_EDGE('',*,*,#4726,.T.);
#6890=ORIENTED_EDGE('',*,*,#4727,.T.);
#6891=ORIENTED_EDGE('',*,*,#4717,.F.);
#6892=ORIENTED_EDGE('',*,*,#4728,.F.);
#6893=ORIENTED_EDGE('',*,*,#4729,.T.);
#6894=ORIENTED_EDGE('',*,*,#4730,.T.);
#6895=ORIENTED_EDGE('',*,*,#4726,.F.);
#6896=ORIENTED_EDGE('',*,*,#4580,.T.);
#6897=ORIENTED_EDGE('',*,*,#4590,.T.);
#6898=ORIENTED_EDGE('',*,*,#4587,.T.);
#6899=ORIENTED_EDGE('',*,*,#4584,.T.);
#6900=ORIENTED_EDGE('',*,*,#4608,.T.);
#6901=ORIENTED_EDGE('',*,*,#4611,.T.);
#6902=ORIENTED_EDGE('',*,*,#4614,.T.);
#6903=ORIENTED_EDGE('',*,*,#4617,.T.);
#6904=ORIENTED_EDGE('',*,*,#4595,.T.);
#6905=ORIENTED_EDGE('',*,*,#4599,.T.);
#6906=ORIENTED_EDGE('',*,*,#4602,.T.);
#6907=ORIENTED_EDGE('',*,*,#4605,.T.);
#6908=ORIENTED_EDGE('',*,*,#4632,.T.);
#6909=ORIENTED_EDGE('',*,*,#4635,.T.);
#6910=ORIENTED_EDGE('',*,*,#4638,.T.);
#6911=ORIENTED_EDGE('',*,*,#4641,.T.);
#6912=ORIENTED_EDGE('',*,*,#4619,.T.);
#6913=ORIENTED_EDGE('',*,*,#4623,.T.);
#6914=ORIENTED_EDGE('',*,*,#4626,.T.);
#6915=ORIENTED_EDGE('',*,*,#4629,.T.);
#6916=ORIENTED_EDGE('',*,*,#4656,.T.);
#6917=ORIENTED_EDGE('',*,*,#4659,.T.);
#6918=ORIENTED_EDGE('',*,*,#4662,.T.);
#6919=ORIENTED_EDGE('',*,*,#4665,.T.);
#6920=ORIENTED_EDGE('',*,*,#4643,.T.);
#6921=ORIENTED_EDGE('',*,*,#4647,.T.);
#6922=ORIENTED_EDGE('',*,*,#4650,.T.);
#6923=ORIENTED_EDGE('',*,*,#4653,.T.);
#6924=ORIENTED_EDGE('',*,*,#4731,.F.);
#6925=ORIENTED_EDGE('',*,*,#4719,.T.);
#6926=ORIENTED_EDGE('',*,*,#4732,.T.);
#6927=ORIENTED_EDGE('',*,*,#4729,.F.);
#6928=ORIENTED_EDGE('',*,*,#4718,.F.);
#6929=ORIENTED_EDGE('',*,*,#4727,.F.);
#6930=ORIENTED_EDGE('',*,*,#4730,.F.);
#6931=ORIENTED_EDGE('',*,*,#4732,.F.);
#6932=ORIENTED_EDGE('',*,*,#4733,.F.);
#6933=ORIENTED_EDGE('',*,*,#4734,.F.);
#6934=ORIENTED_EDGE('',*,*,#4735,.F.);
#6935=ORIENTED_EDGE('',*,*,#4736,.F.);
#6936=ORIENTED_EDGE('',*,*,#4735,.T.);
#6937=ORIENTED_EDGE('',*,*,#4737,.F.);
#6938=ORIENTED_EDGE('',*,*,#4685,.F.);
#6939=ORIENTED_EDGE('',*,*,#4738,.T.);
#6940=ORIENTED_EDGE('',*,*,#4734,.T.);
#6941=ORIENTED_EDGE('',*,*,#4739,.F.);
#6942=ORIENTED_EDGE('',*,*,#4686,.F.);
#6943=ORIENTED_EDGE('',*,*,#4737,.T.);
#6944=ORIENTED_EDGE('',*,*,#4733,.T.);
#6945=ORIENTED_EDGE('',*,*,#4740,.F.);
#6946=ORIENTED_EDGE('',*,*,#4683,.F.);
#6947=ORIENTED_EDGE('',*,*,#4739,.T.);
#6948=ORIENTED_EDGE('',*,*,#4736,.T.);
#6949=ORIENTED_EDGE('',*,*,#4738,.F.);
#6950=ORIENTED_EDGE('',*,*,#4684,.F.);
#6951=ORIENTED_EDGE('',*,*,#4740,.T.);
#6952=ORIENTED_EDGE('',*,*,#4691,.F.);
#6953=ORIENTED_EDGE('',*,*,#4689,.T.);
#6954=ORIENTED_EDGE('',*,*,#4741,.F.);
#6955=ORIENTED_EDGE('',*,*,#4723,.F.);
#6956=ORIENTED_EDGE('',*,*,#4667,.F.);
#6957=ORIENTED_EDGE('',*,*,#4678,.T.);
#6958=ORIENTED_EDGE('',*,*,#4722,.F.);
#6959=ORIENTED_EDGE('',*,*,#4741,.T.);
#6960=ORIENTED_EDGE('',*,*,#4688,.T.);
#6961=ORIENTED_EDGE('',*,*,#4724,.T.);
#6962=ORIENTED_EDGE('',*,*,#4725,.T.);
#6963=ORIENTED_EDGE('',*,*,#4716,.T.);
#6964=ORIENTED_EDGE('',*,*,#4713,.T.);
#6965=ORIENTED_EDGE('',*,*,#4702,.F.);
#6966=ORIENTED_EDGE('',*,*,#4707,.F.);
#6967=ORIENTED_EDGE('',*,*,#4715,.T.);
#6968=ORIENTED_EDGE('',*,*,#4712,.T.);
#6969=ORIENTED_EDGE('',*,*,#4698,.F.);
#6970=ORIENTED_EDGE('',*,*,#4705,.F.);
#6971=ORIENTED_EDGE('',*,*,#4720,.T.);
#6972=ORIENTED_EDGE('',*,*,#4731,.T.);
#6973=ORIENTED_EDGE('',*,*,#4728,.T.);
#6974=PLANE('',#7559);
#6975=PLANE('',#7560);
#6976=PLANE('',#7561);
#6977=PLANE('',#7562);
#6978=PLANE('',#7563);
#6979=PLANE('',#7564);
#6980=PLANE('',#7565);
#6981=PLANE('',#7566);
#6982=PLANE('',#7567);
#6983=PLANE('',#7568);
#6984=PLANE('',#7569);
#6985=PLANE('',#7570);
#6986=PLANE('',#7571);
#6987=PLANE('',#7572);
#6988=PLANE('',#7573);
#6989=PLANE('',#7574);
#6990=PLANE('',#7575);
#6991=PLANE('',#7576);
#6992=PLANE('',#7577);
#6993=PLANE('',#7578);
#6994=PLANE('',#7579);
#6995=PLANE('',#7580);
#6996=PLANE('',#7581);
#6997=PLANE('',#7582);
#6998=PLANE('',#7583);
#6999=PLANE('',#7584);
#7000=PLANE('',#7585);
#7001=PLANE('',#7586);
#7002=PLANE('',#7587);
#7003=PLANE('',#7588);
#7004=PLANE('',#7589);
#7005=PLANE('',#7590);
#7006=PLANE('',#7591);
#7007=PLANE('',#7592);
#7008=PLANE('',#7593);
#7009=PLANE('',#7594);
#7010=PLANE('',#7595);
#7011=PLANE('',#7596);
#7012=PLANE('',#7597);
#7013=PLANE('',#7598);
#7014=PLANE('',#7599);
#7015=PLANE('',#7600);
#7016=PLANE('',#7601);
#7017=PLANE('',#7602);
#7018=PLANE('',#7603);
#7019=PLANE('',#7604);
#7020=PLANE('',#7605);
#7021=PLANE('',#7606);
#7022=PLANE('',#7607);
#7023=PLANE('',#7608);
#7024=PLANE('',#7609);
#7025=PLANE('',#7610);
#7026=PLANE('',#7611);
#7027=PLANE('',#7612);
#7028=PLANE('',#7613);
#7029=PLANE('',#7614);
#7030=PLANE('',#7615);
#7031=PLANE('',#7616);
#7032=PLANE('',#7617);
#7033=PLANE('',#7618);
#7034=PLANE('',#7619);
#7035=PLANE('',#7620);
#7036=PLANE('',#7621);
#7037=PLANE('',#7622);
#7038=PLANE('',#7623);
#7039=PLANE('',#7624);
#7040=PLANE('',#7625);
#7041=PLANE('',#7626);
#7042=PLANE('',#7627);
#7043=PLANE('',#7628);
#7044=PLANE('',#7629);
#7045=PLANE('',#7630);
#7046=PLANE('',#7631);
#7047=PLANE('',#7632);
#7048=PLANE('',#7633);
#7049=PLANE('',#7634);
#7050=PLANE('',#7635);
#7051=PLANE('',#7636);
#7052=PLANE('',#7637);
#7053=PLANE('',#7638);
#7054=PLANE('',#7639);
#7055=PLANE('',#7640);
#7056=PLANE('',#7641);
#7057=PLANE('',#7642);
#7058=PLANE('',#7643);
#7059=PLANE('',#7644);
#7060=PLANE('',#7645);
#7061=PLANE('',#7646);
#7062=PLANE('',#7647);
#7063=PLANE('',#7648);
#7064=PLANE('',#7649);
#7065=PLANE('',#7650);
#7066=PLANE('',#7651);
#7067=PLANE('',#7652);
#7068=PLANE('',#7653);
#7069=PLANE('',#7654);
#7070=PLANE('',#7655);
#7071=PLANE('',#7656);
#7072=PLANE('',#7657);
#7073=PLANE('',#7658);
#7074=PLANE('',#7659);
#7075=PLANE('',#7660);
#7076=PLANE('',#7661);
#7077=PLANE('',#7662);
#7078=PLANE('',#7663);
#7079=PLANE('',#7664);
#7080=PLANE('',#7665);
#7081=PLANE('',#7666);
#7082=PLANE('',#7667);
#7083=PLANE('',#7668);
#7084=PLANE('',#7669);
#7085=PLANE('',#7670);
#7086=PLANE('',#7671);
#7087=PLANE('',#7672);
#7088=PLANE('',#7673);
#7089=PLANE('',#7674);
#7090=PLANE('',#7675);
#7091=PLANE('',#7676);
#7092=PLANE('',#7677);
#7093=PLANE('',#7678);
#7094=PLANE('',#7679);
#7095=PLANE('',#7680);
#7096=PLANE('',#7681);
#7097=PLANE('',#7682);
#7098=PLANE('',#7683);
#7099=PLANE('',#7684);
#7100=PLANE('',#7685);
#7101=PLANE('',#7686);
#7102=PLANE('',#7687);
#7103=PLANE('',#7688);
#7104=PLANE('',#7689);
#7105=PLANE('',#7690);
#7106=PLANE('',#7691);
#7107=PLANE('',#7692);
#7108=PLANE('',#7693);
#7109=PLANE('',#7694);
#7110=PLANE('',#7695);
#7111=PLANE('',#7696);
#7112=PLANE('',#7697);
#7113=PLANE('',#7698);
#7114=PLANE('',#7702);
#7115=PLANE('',#7706);
#7116=PLANE('',#7710);
#7117=PLANE('',#7714);
#7118=PLANE('',#7718);
#7119=PLANE('',#7722);
#7120=PLANE('',#7726);
#7121=PLANE('',#7730);
#7122=PLANE('',#7734);
#7123=PLANE('',#7738);
#7124=PLANE('',#7742);
#7125=PLANE('',#7746);
#7126=PLANE('',#7758);
#7127=PLANE('',#7761);
#7128=PLANE('',#7762);
#7129=PLANE('',#7769);
#7130=PLANE('',#7770);
#7131=PLANE('',#7771);
#7132=PLANE('',#7772);
#7133=PLANE('',#7773);
#7134=PLANE('',#7774);
#7135=PLANE('',#7775);
#7136=PLANE('',#7776);
#7137=PLANE('',#7781);
#7138=PLANE('',#7782);
#7139=PLANE('',#7783);
#7140=PLANE('',#7784);
#7141=PLANE('',#7785);
#7142=PLANE('',#7786);
#7143=PLANE('',#7787);
#7144=PLANE('',#7788);
#7145=PLANE('',#7789);
#7146=PLANE('',#7790);
#7147=PLANE('',#7791);
#7148=ADVANCED_FACE('',(#711),#6974,.T.);
#7149=ADVANCED_FACE('',(#712),#6975,.T.);
#7150=ADVANCED_FACE('',(#713),#6976,.T.);
#7151=ADVANCED_FACE('',(#714),#6977,.T.);
#7152=ADVANCED_FACE('',(#715),#6978,.T.);
#7153=ADVANCED_FACE('',(#716),#6979,.T.);
#7154=ADVANCED_FACE('',(#717),#6980,.T.);
#7155=ADVANCED_FACE('',(#718),#6981,.T.);
#7156=ADVANCED_FACE('',(#719),#6982,.T.);
#7157=ADVANCED_FACE('',(#720),#6983,.T.);
#7158=ADVANCED_FACE('',(#721),#6984,.T.);
#7159=ADVANCED_FACE('',(#722),#6985,.T.);
#7160=ADVANCED_FACE('',(#723),#6986,.T.);
#7161=ADVANCED_FACE('',(#724),#6987,.T.);
#7162=ADVANCED_FACE('',(#725),#509,.T.);
#7163=ADVANCED_FACE('',(#726),#510,.T.);
#7164=ADVANCED_FACE('',(#727),#511,.T.);
#7165=ADVANCED_FACE('',(#728),#512,.T.);
#7166=ADVANCED_FACE('',(#729),#6988,.T.);
#7167=ADVANCED_FACE('',(#730),#6989,.T.);
#7168=ADVANCED_FACE('',(#731),#6990,.T.);
#7169=ADVANCED_FACE('',(#732),#6991,.T.);
#7170=ADVANCED_FACE('',(#733),#513,.T.);
#7171=ADVANCED_FACE('',(#734),#514,.T.);
#7172=ADVANCED_FACE('',(#735),#515,.T.);
#7173=ADVANCED_FACE('',(#736),#516,.T.);
#7174=ADVANCED_FACE('',(#737),#6992,.T.);
#7175=ADVANCED_FACE('',(#738),#6993,.T.);
#7176=ADVANCED_FACE('',(#739),#6994,.T.);
#7177=ADVANCED_FACE('',(#740),#517,.T.);
#7178=ADVANCED_FACE('',(#741),#518,.T.);
#7179=ADVANCED_FACE('',(#742),#519,.T.);
#7180=ADVANCED_FACE('',(#743),#520,.T.);
#7181=ADVANCED_FACE('',(#744),#521,.T.);
#7182=ADVANCED_FACE('',(#745),#522,.T.);
#7183=ADVANCED_FACE('',(#746),#523,.T.);
#7184=ADVANCED_FACE('',(#747),#524,.T.);
#7185=ADVANCED_FACE('',(#748),#6995,.T.);
#7186=ADVANCED_FACE('',(#749),#525,.T.);
#7187=ADVANCED_FACE('',(#750),#526,.T.);
#7188=ADVANCED_FACE('',(#751),#527,.T.);
#7189=ADVANCED_FACE('',(#752),#528,.T.);
#7190=ADVANCED_FACE('',(#753),#529,.T.);
#7191=ADVANCED_FACE('',(#754),#530,.T.);
#7192=ADVANCED_FACE('',(#755),#6996,.T.);
#7193=ADVANCED_FACE('',(#756,#74),#6997,.T.);
#7194=ADVANCED_FACE('',(#757),#6998,.T.);
#7195=ADVANCED_FACE('',(#758),#6999,.T.);
#7196=ADVANCED_FACE('',(#759),#531,.T.);
#7197=ADVANCED_FACE('',(#760),#532,.T.);
#7198=ADVANCED_FACE('',(#761),#533,.T.);
#7199=ADVANCED_FACE('',(#762),#534,.T.);
#7200=ADVANCED_FACE('',(#763),#7000,.T.);
#7201=ADVANCED_FACE('',(#764),#7001,.T.);
#7202=ADVANCED_FACE('',(#765),#7002,.T.);
#7203=ADVANCED_FACE('',(#766),#7003,.T.);
#7204=ADVANCED_FACE('',(#767),#535,.T.);
#7205=ADVANCED_FACE('',(#768),#536,.T.);
#7206=ADVANCED_FACE('',(#769),#537,.T.);
#7207=ADVANCED_FACE('',(#770),#538,.T.);
#7208=ADVANCED_FACE('',(#771),#7004,.T.);
#7209=ADVANCED_FACE('',(#772),#7005,.T.);
#7210=ADVANCED_FACE('',(#773),#7006,.T.);
#7211=ADVANCED_FACE('',(#774),#539,.T.);
#7212=ADVANCED_FACE('',(#775),#540,.T.);
#7213=ADVANCED_FACE('',(#776),#541,.T.);
#7214=ADVANCED_FACE('',(#777),#542,.T.);
#7215=ADVANCED_FACE('',(#778),#543,.T.);
#7216=ADVANCED_FACE('',(#779),#544,.T.);
#7217=ADVANCED_FACE('',(#780),#545,.T.);
#7218=ADVANCED_FACE('',(#781),#546,.T.);
#7219=ADVANCED_FACE('',(#782),#7007,.T.);
#7220=ADVANCED_FACE('',(#783),#547,.T.);
#7221=ADVANCED_FACE('',(#784),#548,.T.);
#7222=ADVANCED_FACE('',(#785),#549,.T.);
#7223=ADVANCED_FACE('',(#786),#550,.T.);
#7224=ADVANCED_FACE('',(#787),#551,.T.);
#7225=ADVANCED_FACE('',(#788),#552,.T.);
#7226=ADVANCED_FACE('',(#789),#7008,.T.);
#7227=ADVANCED_FACE('',(#790,#75),#7009,.T.);
#7228=ADVANCED_FACE('',(#791),#7010,.T.);
#7229=ADVANCED_FACE('',(#792),#7011,.T.);
#7230=ADVANCED_FACE('',(#793),#7012,.T.);
#7231=ADVANCED_FACE('',(#794),#7013,.T.);
#7232=ADVANCED_FACE('',(#795),#7014,.T.);
#7233=ADVANCED_FACE('',(#796),#7015,.T.);
#7234=ADVANCED_FACE('',(#797),#553,.T.);
#7235=ADVANCED_FACE('',(#798),#554,.T.);
#7236=ADVANCED_FACE('',(#799),#7016,.T.);
#7237=ADVANCED_FACE('',(#800),#7017,.T.);
#7238=ADVANCED_FACE('',(#801),#555,.T.);
#7239=ADVANCED_FACE('',(#802),#556,.T.);
#7240=ADVANCED_FACE('',(#803),#557,.T.);
#7241=ADVANCED_FACE('',(#804),#558,.T.);
#7242=ADVANCED_FACE('',(#805),#7018,.T.);
#7243=ADVANCED_FACE('',(#806),#7019,.T.);
#7244=ADVANCED_FACE('',(#807),#7020,.T.);
#7245=ADVANCED_FACE('',(#808),#7021,.T.);
#7246=ADVANCED_FACE('',(#809),#7022,.T.);
#7247=ADVANCED_FACE('',(#810),#7023,.T.);
#7248=ADVANCED_FACE('',(#811),#7024,.T.);
#7249=ADVANCED_FACE('',(#812),#7025,.T.);
#7250=ADVANCED_FACE('',(#813),#7026,.T.);
#7251=ADVANCED_FACE('',(#814),#559,.T.);
#7252=ADVANCED_FACE('',(#815),#560,.T.);
#7253=ADVANCED_FACE('',(#816),#561,.T.);
#7254=ADVANCED_FACE('',(#817),#562,.T.);
#7255=ADVANCED_FACE('',(#818),#563,.T.);
#7256=ADVANCED_FACE('',(#819),#564,.T.);
#7257=ADVANCED_FACE('',(#820),#565,.T.);
#7258=ADVANCED_FACE('',(#821),#566,.T.);
#7259=ADVANCED_FACE('',(#822),#567,.T.);
#7260=ADVANCED_FACE('',(#823),#568,.T.);
#7261=ADVANCED_FACE('',(#824),#569,.T.);
#7262=ADVANCED_FACE('',(#825),#570,.T.);
#7263=ADVANCED_FACE('',(#826),#571,.T.);
#7264=ADVANCED_FACE('',(#827),#572,.T.);
#7265=ADVANCED_FACE('',(#828),#7027,.T.);
#7266=ADVANCED_FACE('',(#829),#7028,.T.);
#7267=ADVANCED_FACE('',(#830),#7029,.T.);
#7268=ADVANCED_FACE('',(#831),#573,.T.);
#7269=ADVANCED_FACE('',(#832),#574,.T.);
#7270=ADVANCED_FACE('',(#833),#575,.T.);
#7271=ADVANCED_FACE('',(#834),#576,.T.);
#7272=ADVANCED_FACE('',(#835),#577,.T.);
#7273=ADVANCED_FACE('',(#836),#578,.T.);
#7274=ADVANCED_FACE('',(#837),#579,.T.);
#7275=ADVANCED_FACE('',(#838),#580,.T.);
#7276=ADVANCED_FACE('',(#839),#581,.T.);
#7277=ADVANCED_FACE('',(#840),#582,.T.);
#7278=ADVANCED_FACE('',(#841),#583,.T.);
#7279=ADVANCED_FACE('',(#842),#584,.T.);
#7280=ADVANCED_FACE('',(#843),#585,.T.);
#7281=ADVANCED_FACE('',(#844),#586,.T.);
#7282=ADVANCED_FACE('',(#845),#587,.T.);
#7283=ADVANCED_FACE('',(#846),#7030,.T.);
#7284=ADVANCED_FACE('',(#847),#7031,.T.);
#7285=ADVANCED_FACE('',(#848),#7032,.T.);
#7286=ADVANCED_FACE('',(#849),#7033,.T.);
#7287=ADVANCED_FACE('',(#850),#7034,.T.);
#7288=ADVANCED_FACE('',(#851),#588,.T.);
#7289=ADVANCED_FACE('',(#852),#589,.T.);
#7290=ADVANCED_FACE('',(#853),#590,.T.);
#7291=ADVANCED_FACE('',(#854),#591,.T.);
#7292=ADVANCED_FACE('',(#855),#592,.T.);
#7293=ADVANCED_FACE('',(#856),#593,.T.);
#7294=ADVANCED_FACE('',(#857),#7035,.T.);
#7295=ADVANCED_FACE('',(#858),#7036,.T.);
#7296=ADVANCED_FACE('',(#859),#7037,.T.);
#7297=ADVANCED_FACE('',(#860),#594,.T.);
#7298=ADVANCED_FACE('',(#861),#595,.T.);
#7299=ADVANCED_FACE('',(#862),#596,.T.);
#7300=ADVANCED_FACE('',(#863),#597,.T.);
#7301=ADVANCED_FACE('',(#864),#7038,.T.);
#7302=ADVANCED_FACE('',(#865),#7039,.T.);
#7303=ADVANCED_FACE('',(#866),#7040,.T.);
#7304=ADVANCED_FACE('',(#867),#7041,.T.);
#7305=ADVANCED_FACE('',(#868),#7042,.T.);
#7306=ADVANCED_FACE('',(#869),#7043,.T.);
#7307=ADVANCED_FACE('',(#870),#7044,.T.);
#7308=ADVANCED_FACE('',(#871),#7045,.T.);
#7309=ADVANCED_FACE('',(#872),#598,.T.);
#7310=ADVANCED_FACE('',(#873),#599,.T.);
#7311=ADVANCED_FACE('',(#874),#600,.T.);
#7312=ADVANCED_FACE('',(#875),#601,.T.);
#7313=ADVANCED_FACE('',(#876),#7046,.T.);
#7314=ADVANCED_FACE('',(#877),#602,.T.);
#7315=ADVANCED_FACE('',(#878),#603,.T.);
#7316=ADVANCED_FACE('',(#879),#604,.T.);
#7317=ADVANCED_FACE('',(#880),#605,.T.);
#7318=ADVANCED_FACE('',(#881),#7047,.T.);
#7319=ADVANCED_FACE('',(#882),#7048,.T.);
#7320=ADVANCED_FACE('',(#883),#606,.T.);
#7321=ADVANCED_FACE('',(#884),#607,.T.);
#7322=ADVANCED_FACE('',(#885),#608,.T.);
#7323=ADVANCED_FACE('',(#886),#609,.T.);
#7324=ADVANCED_FACE('',(#887),#610,.T.);
#7325=ADVANCED_FACE('',(#888),#611,.T.);
#7326=ADVANCED_FACE('',(#889),#612,.T.);
#7327=ADVANCED_FACE('',(#890),#613,.T.);
#7328=ADVANCED_FACE('',(#891),#7049,.T.);
#7329=ADVANCED_FACE('',(#892),#614,.T.);
#7330=ADVANCED_FACE('',(#893),#615,.T.);
#7331=ADVANCED_FACE('',(#894),#616,.T.);
#7332=ADVANCED_FACE('',(#895),#617,.T.);
#7333=ADVANCED_FACE('',(#896),#618,.T.);
#7334=ADVANCED_FACE('',(#897),#619,.T.);
#7335=ADVANCED_FACE('',(#898),#620,.T.);
#7336=ADVANCED_FACE('',(#899,#76),#7050,.T.);
#7337=ADVANCED_FACE('',(#900),#7051,.T.);
#7338=ADVANCED_FACE('',(#901),#7052,.T.);
#7339=ADVANCED_FACE('',(#902),#7053,.T.);
#7340=ADVANCED_FACE('',(#903),#7054,.T.);
#7341=ADVANCED_FACE('',(#904),#7055,.T.);
#7342=ADVANCED_FACE('',(#905),#7056,.T.);
#7343=ADVANCED_FACE('',(#906),#621,.T.);
#7344=ADVANCED_FACE('',(#907),#622,.T.);
#7345=ADVANCED_FACE('',(#908),#623,.T.);
#7346=ADVANCED_FACE('',(#909),#624,.T.);
#7347=ADVANCED_FACE('',(#910),#7057,.T.);
#7348=ADVANCED_FACE('',(#911),#625,.T.);
#7349=ADVANCED_FACE('',(#912),#626,.T.);
#7350=ADVANCED_FACE('',(#913),#627,.T.);
#7351=ADVANCED_FACE('',(#914),#628,.T.);
#7352=ADVANCED_FACE('',(#915),#7058,.T.);
#7353=ADVANCED_FACE('',(#916),#7059,.T.);
#7354=ADVANCED_FACE('',(#917),#7060,.T.);
#7355=ADVANCED_FACE('',(#918),#7061,.T.);
#7356=ADVANCED_FACE('',(#919),#629,.T.);
#7357=ADVANCED_FACE('',(#920),#630,.T.);
#7358=ADVANCED_FACE('',(#921),#631,.T.);
#7359=ADVANCED_FACE('',(#922),#632,.T.);
#7360=ADVANCED_FACE('',(#923),#633,.T.);
#7361=ADVANCED_FACE('',(#924),#7062,.T.);
#7362=ADVANCED_FACE('',(#925),#634,.T.);
#7363=ADVANCED_FACE('',(#926),#635,.T.);
#7364=ADVANCED_FACE('',(#927),#636,.T.);
#7365=ADVANCED_FACE('',(#928),#637,.T.);
#7366=ADVANCED_FACE('',(#929),#638,.T.);
#7367=ADVANCED_FACE('',(#930),#7063,.T.);
#7368=ADVANCED_FACE('',(#931),#7064,.T.);
#7369=ADVANCED_FACE('',(#932,#77),#7065,.T.);
#7370=ADVANCED_FACE('',(#933),#7066,.T.);
#7371=ADVANCED_FACE('',(#934),#7067,.T.);
#7372=ADVANCED_FACE('',(#935),#7068,.T.);
#7373=ADVANCED_FACE('',(#936),#7069,.T.);
#7374=ADVANCED_FACE('',(#937),#7070,.T.);
#7375=ADVANCED_FACE('',(#938),#7071,.T.);
#7376=ADVANCED_FACE('',(#939),#639,.T.);
#7377=ADVANCED_FACE('',(#940),#640,.T.);
#7378=ADVANCED_FACE('',(#941),#7072,.T.);
#7379=ADVANCED_FACE('',(#942),#7073,.T.);
#7380=ADVANCED_FACE('',(#943),#641,.T.);
#7381=ADVANCED_FACE('',(#944),#642,.T.);
#7382=ADVANCED_FACE('',(#945),#643,.T.);
#7383=ADVANCED_FACE('',(#946),#644,.T.);
#7384=ADVANCED_FACE('',(#947),#7074,.T.);
#7385=ADVANCED_FACE('',(#948),#7075,.T.);
#7386=ADVANCED_FACE('',(#949),#7076,.T.);
#7387=ADVANCED_FACE('',(#950),#7077,.T.);
#7388=ADVANCED_FACE('',(#951),#7078,.T.);
#7389=ADVANCED_FACE('',(#952),#7079,.T.);
#7390=ADVANCED_FACE('',(#953),#7080,.T.);
#7391=ADVANCED_FACE('',(#954),#7081,.T.);
#7392=ADVANCED_FACE('',(#955),#7082,.T.);
#7393=ADVANCED_FACE('',(#956),#645,.T.);
#7394=ADVANCED_FACE('',(#957),#646,.T.);
#7395=ADVANCED_FACE('',(#958),#647,.T.);
#7396=ADVANCED_FACE('',(#959),#648,.T.);
#7397=ADVANCED_FACE('',(#960),#649,.T.);
#7398=ADVANCED_FACE('',(#961),#650,.T.);
#7399=ADVANCED_FACE('',(#962),#651,.T.);
#7400=ADVANCED_FACE('',(#963),#652,.T.);
#7401=ADVANCED_FACE('',(#964),#653,.T.);
#7402=ADVANCED_FACE('',(#965),#654,.T.);
#7403=ADVANCED_FACE('',(#966),#655,.T.);
#7404=ADVANCED_FACE('',(#967),#656,.T.);
#7405=ADVANCED_FACE('',(#968),#657,.T.);
#7406=ADVANCED_FACE('',(#969),#658,.T.);
#7407=ADVANCED_FACE('',(#970),#659,.T.);
#7408=ADVANCED_FACE('',(#971),#7083,.T.);
#7409=ADVANCED_FACE('',(#972),#7084,.T.);
#7410=ADVANCED_FACE('',(#973),#7085,.T.);
#7411=ADVANCED_FACE('',(#974),#660,.T.);
#7412=ADVANCED_FACE('',(#975),#661,.T.);
#7413=ADVANCED_FACE('',(#976),#662,.T.);
#7414=ADVANCED_FACE('',(#977),#663,.T.);
#7415=ADVANCED_FACE('',(#978),#664,.T.);
#7416=ADVANCED_FACE('',(#979),#665,.T.);
#7417=ADVANCED_FACE('',(#980),#666,.T.);
#7418=ADVANCED_FACE('',(#981),#667,.T.);
#7419=ADVANCED_FACE('',(#982),#668,.T.);
#7420=ADVANCED_FACE('',(#983),#669,.T.);
#7421=ADVANCED_FACE('',(#984),#670,.T.);
#7422=ADVANCED_FACE('',(#985),#671,.T.);
#7423=ADVANCED_FACE('',(#986),#672,.T.);
#7424=ADVANCED_FACE('',(#987),#673,.T.);
#7425=ADVANCED_FACE('',(#988),#674,.T.);
#7426=ADVANCED_FACE('',(#989),#7086,.T.);
#7427=ADVANCED_FACE('',(#990),#7087,.T.);
#7428=ADVANCED_FACE('',(#991),#7088,.T.);
#7429=ADVANCED_FACE('',(#992),#7089,.T.);
#7430=ADVANCED_FACE('',(#993),#675,.T.);
#7431=ADVANCED_FACE('',(#994),#676,.T.);
#7432=ADVANCED_FACE('',(#995),#677,.T.);
#7433=ADVANCED_FACE('',(#996),#678,.T.);
#7434=ADVANCED_FACE('',(#997),#679,.T.);
#7435=ADVANCED_FACE('',(#998),#680,.T.);
#7436=ADVANCED_FACE('',(#999),#681,.T.);
#7437=ADVANCED_FACE('',(#1000),#682,.T.);
#7438=ADVANCED_FACE('',(#1001),#683,.T.);
#7439=ADVANCED_FACE('',(#1002),#684,.T.);
#7440=ADVANCED_FACE('',(#1003),#685,.T.);
#7441=ADVANCED_FACE('',(#1004),#686,.T.);
#7442=ADVANCED_FACE('',(#1005),#687,.T.);
#7443=ADVANCED_FACE('',(#1006),#688,.T.);
#7444=ADVANCED_FACE('',(#1007),#689,.T.);
#7445=ADVANCED_FACE('',(#1008),#7090,.T.);
#7446=ADVANCED_FACE('',(#1009),#7091,.T.);
#7447=ADVANCED_FACE('',(#1010),#7092,.T.);
#7448=ADVANCED_FACE('',(#1011),#690,.T.);
#7449=ADVANCED_FACE('',(#1012),#691,.T.);
#7450=ADVANCED_FACE('',(#1013),#692,.T.);
#7451=ADVANCED_FACE('',(#1014),#693,.T.);
#7452=ADVANCED_FACE('',(#1015),#694,.T.);
#7453=ADVANCED_FACE('',(#1016),#695,.T.);
#7454=ADVANCED_FACE('',(#1017),#696,.T.);
#7455=ADVANCED_FACE('',(#1018),#697,.T.);
#7456=ADVANCED_FACE('',(#1019),#698,.T.);
#7457=ADVANCED_FACE('',(#1020),#699,.T.);
#7458=ADVANCED_FACE('',(#1021),#700,.T.);
#7459=ADVANCED_FACE('',(#1022),#701,.T.);
#7460=ADVANCED_FACE('',(#1023),#702,.T.);
#7461=ADVANCED_FACE('',(#1024),#703,.T.);
#7462=ADVANCED_FACE('',(#1025),#704,.T.);
#7463=ADVANCED_FACE('',(#1026),#7093,.T.);
#7464=ADVANCED_FACE('',(#1027),#7094,.T.);
#7465=ADVANCED_FACE('',(#1028),#7095,.T.);
#7466=ADVANCED_FACE('',(#1029),#705,.T.);
#7467=ADVANCED_FACE('',(#1030),#7096,.T.);
#7468=ADVANCED_FACE('',(#1031),#706,.T.);
#7469=ADVANCED_FACE('',(#1032),#707,.T.);
#7470=ADVANCED_FACE('',(#1033),#708,.T.);
#7471=ADVANCED_FACE('',(#1034),#7097,.T.);
#7472=ADVANCED_FACE('',(#1035),#7098,.T.);
#7473=ADVANCED_FACE('',(#1036),#7099,.T.);
#7474=ADVANCED_FACE('',(#1037),#7100,.T.);
#7475=ADVANCED_FACE('',(#1038),#7101,.T.);
#7476=ADVANCED_FACE('',(#1039),#7102,.T.);
#7477=ADVANCED_FACE('',(#1040),#7103,.T.);
#7478=ADVANCED_FACE('',(#1041),#7104,.T.);
#7479=ADVANCED_FACE('',(#1042),#7105,.T.);
#7480=ADVANCED_FACE('',(#1043),#7106,.T.);
#7481=ADVANCED_FACE('',(#1044),#709,.T.);
#7482=ADVANCED_FACE('',(#1045),#710,.T.);
#7483=ADVANCED_FACE('',(#1046),#7107,.T.);
#7484=ADVANCED_FACE('',(#1047),#7108,.T.);
#7485=ADVANCED_FACE('',(#1048),#7109,.F.);
#7486=ADVANCED_FACE('',(#1049),#7110,.F.);
#7487=ADVANCED_FACE('',(#1050),#7111,.F.);
#7488=ADVANCED_FACE('',(#1051),#7112,.F.);
#7489=ADVANCED_FACE('',(#1052,#78),#7113,.F.);
#7490=ADVANCED_FACE('',(#1053),#17,.F.);
#7491=ADVANCED_FACE('',(#1054),#7114,.F.);
#7492=ADVANCED_FACE('',(#1055),#18,.F.);
#7493=ADVANCED_FACE('',(#1056),#7115,.F.);
#7494=ADVANCED_FACE('',(#1057),#19,.F.);
#7495=ADVANCED_FACE('',(#1058),#7116,.F.);
#7496=ADVANCED_FACE('',(#1059),#20,.F.);
#7497=ADVANCED_FACE('',(#1060),#7117,.F.);
#7498=ADVANCED_FACE('',(#1061),#21,.F.);
#7499=ADVANCED_FACE('',(#1062),#7118,.F.);
#7500=ADVANCED_FACE('',(#1063),#22,.F.);
#7501=ADVANCED_FACE('',(#1064),#7119,.F.);
#7502=ADVANCED_FACE('',(#1065),#23,.F.);
#7503=ADVANCED_FACE('',(#1066),#7120,.F.);
#7504=ADVANCED_FACE('',(#1067),#24,.F.);
#7505=ADVANCED_FACE('',(#1068),#7121,.F.);
#7506=ADVANCED_FACE('',(#1069),#25,.F.);
#7507=ADVANCED_FACE('',(#1070),#7122,.F.);
#7508=ADVANCED_FACE('',(#1071),#26,.F.);
#7509=ADVANCED_FACE('',(#1072),#7123,.F.);
#7510=ADVANCED_FACE('',(#1073),#27,.F.);
#7511=ADVANCED_FACE('',(#1074),#7124,.F.);
#7512=ADVANCED_FACE('',(#1075),#28,.F.);
#7513=ADVANCED_FACE('',(#1076),#7125,.F.);
#7514=ADVANCED_FACE('',(#1077),#29,.F.);
#7515=ADVANCED_FACE('',(#1078),#30,.T.);
#7516=ADVANCED_FACE('',(#1079),#31,.T.);
#7517=ADVANCED_FACE('',(#1080),#15,.T.);
#7518=ADVANCED_FACE('',(#1081,#79,#80,#81,#82),#7126,.T.);
#7519=ADVANCED_FACE('',(#1082),#32,.T.);
#7520=ADVANCED_FACE('',(#1083,#83),#7127,.T.);
#7521=ADVANCED_FACE('',(#1084),#7128,.T.);
#7522=ADVANCED_FACE('',(#1085),#33,.T.);
#7523=ADVANCED_FACE('',(#1086),#34,.T.);
#7524=ADVANCED_FACE('',(#1087),#7129,.T.);
#7525=ADVANCED_FACE('',(#1088),#7130,.T.);
#7526=ADVANCED_FACE('',(#1089),#7131,.T.);
#7527=ADVANCED_FACE('',(#1090),#7132,.T.);
#7528=ADVANCED_FACE('',(#1091),#7133,.T.);
#7529=ADVANCED_FACE('',(#1092),#7134,.T.);
#7530=ADVANCED_FACE('',(#1093),#7135,.F.);
#7531=ADVANCED_FACE('',(#1094),#7136,.F.);
#7532=ADVANCED_FACE('',(#1095),#16,.T.);
#7533=ADVANCED_FACE('',(#1096),#35,.T.);
#7534=ADVANCED_FACE('',(#1097,#84,#85,#86,#87,#88,#89,#90,#91,#92,#93,#94,
#95,#96,#97,#98),#7137,.T.);
#7535=ADVANCED_FACE('',(#1098),#7138,.F.);
#7536=ADVANCED_FACE('',(#1099,#99,#100,#101,#102),#7139,.F.);
#7537=ADVANCED_FACE('',(#1100),#7140,.F.);
#7538=ADVANCED_FACE('',(#1101,#103),#7141,.F.);
#7539=ADVANCED_FACE('',(#1102),#7142,.F.);
#7540=ADVANCED_FACE('',(#1103),#7143,.F.);
#7541=ADVANCED_FACE('',(#1104),#7144,.F.);
#7542=ADVANCED_FACE('',(#1105),#7145,.F.);
#7543=ADVANCED_FACE('',(#1106),#7146,.T.);
#7544=ADVANCED_FACE('',(#1107,#104),#7147,.T.);
#7545=CLOSED_SHELL('',(#7148,#7149,#7150,#7151,#7152,#7153,#7154,#7155,
#7156,#7157,#7158,#7159,#7160,#7161,#7162,#7163,#7164,#7165,#7166,#7167,
#7168,#7169,#7170,#7171,#7172,#7173,#7174,#7175,#7176,#7177,#7178,#7179,
#7180,#7181,#7182,#7183,#7184,#7185,#7186,#7187,#7188,#7189,#7190,#7191,
#7192,#7193,#7194,#7195,#7196,#7197,#7198,#7199,#7200,#7201,#7202,#7203,
#7204,#7205,#7206,#7207,#7208,#7209,#7210,#7211,#7212,#7213,#7214,#7215,
#7216,#7217,#7218,#7219,#7220,#7221,#7222,#7223,#7224,#7225,#7226,#7227,
#7228,#7229,#7230,#7231,#7232,#7233,#7234,#7235,#7236,#7237,#7238,#7239,
#7240,#7241,#7242,#7243,#7244,#7245,#7246,#7247,#7248,#7249,#7250,#7251,
#7252,#7253,#7254,#7255,#7256,#7257,#7258,#7259,#7260,#7261,#7262,#7263,
#7264,#7265,#7266,#7267,#7268,#7269,#7270,#7271,#7272,#7273,#7274,#7275,
#7276,#7277,#7278,#7279,#7280,#7281,#7282,#7283,#7284,#7285,#7286,#7287,
#7288,#7289,#7290,#7291,#7292,#7293,#7294,#7295,#7296,#7297,#7298,#7299,
#7300,#7301,#7302,#7303,#7304,#7305,#7306,#7307,#7308,#7309,#7310,#7311,
#7312,#7313,#7314,#7315,#7316,#7317,#7318,#7319,#7320,#7321,#7322,#7323,
#7324,#7325,#7326,#7327,#7328,#7329,#7330,#7331,#7332,#7333,#7334,#7335,
#7336,#7337,#7338,#7339,#7340,#7341,#7342,#7343,#7344,#7345,#7346,#7347,
#7348,#7349,#7350,#7351,#7352,#7353,#7354,#7355,#7356,#7357,#7358,#7359,
#7360,#7361,#7362,#7363,#7364,#7365,#7366,#7367,#7368,#7369,#7370,#7371,
#7372,#7373,#7374,#7375,#7376,#7377,#7378,#7379,#7380,#7381,#7382,#7383,
#7384,#7385,#7386,#7387,#7388,#7389,#7390,#7391,#7392,#7393,#7394,#7395,
#7396,#7397,#7398,#7399,#7400,#7401,#7402,#7403,#7404,#7405,#7406,#7407,
#7408,#7409,#7410,#7411,#7412,#7413,#7414,#7415,#7416,#7417,#7418,#7419,
#7420,#7421,#7422,#7423,#7424,#7425,#7426,#7427,#7428,#7429,#7430,#7431,
#7432,#7433,#7434,#7435,#7436,#7437,#7438,#7439,#7440,#7441,#7442,#7443,
#7444,#7445,#7446,#7447,#7448,#7449,#7450,#7451,#7452,#7453,#7454,#7455,
#7456,#7457,#7458,#7459,#7460,#7461,#7462,#7463,#7464,#7465,#7466,#7467,
#7468,#7469,#7470,#7471,#7472,#7473,#7474,#7475,#7476,#7477,#7478,#7479,
#7480,#7481,#7482,#7483,#7484,#7485,#7486,#7487,#7488,#7489,#7490,#7491,
#7492,#7493,#7494,#7495,#7496,#7497,#7498,#7499,#7500,#7501,#7502,#7503,
#7504,#7505,#7506,#7507,#7508,#7509,#7510,#7511,#7512,#7513,#7514,#7515,
#7516,#7517,#7518,#7519,#7520,#7521,#7522,#7523,#7524,#7525,#7526,#7527,
#7528,#7529,#7530,#7531,#7532,#7533,#7534,#7535,#7536,#7537,#7538,#7539,
#7540,#7541,#7542,#7543,#7544));
#7546=DERIVED_UNIT_ELEMENT(#7548,1.);
#7547=DERIVED_UNIT_ELEMENT(#14629,-3.);
#7548=(
MASS_UNIT()
NAMED_UNIT(*)
SI_UNIT(.KILO.,.GRAM.)
);
#7549=DERIVED_UNIT((#7546,#7547));
#7550=MEASURE_REPRESENTATION_ITEM('density measure',
POSITIVE_RATIO_MEASURE(7850.),#7549);
#7551=PROPERTY_DEFINITION_REPRESENTATION(#7556,#7553);
#7552=PROPERTY_DEFINITION_REPRESENTATION(#7557,#7554);
#7553=REPRESENTATION('material name',(#7555),#14626);
#7554=REPRESENTATION('density',(#7550),#14626);
#7555=DESCRIPTIVE_REPRESENTATION_ITEM('Steel','Steel');
#7556=PROPERTY_DEFINITION('material property','material name',#14636);
#7557=PROPERTY_DEFINITION('material property','density of part',#14636);
#7558=AXIS2_PLACEMENT_3D('',#8934,#7792,#7793);
#7559=AXIS2_PLACEMENT_3D('',#8935,#7794,#7795);
#7560=AXIS2_PLACEMENT_3D('',#8944,#7800,#7801);
#7561=AXIS2_PLACEMENT_3D('',#8950,#7805,#7806);
#7562=AXIS2_PLACEMENT_3D('',#8956,#7810,#7811);
#7563=AXIS2_PLACEMENT_3D('',#8962,#7815,#7816);
#7564=AXIS2_PLACEMENT_3D('',#8968,#7820,#7821);
#7565=AXIS2_PLACEMENT_3D('',#8974,#7825,#7826);
#7566=AXIS2_PLACEMENT_3D('',#8980,#7830,#7831);
#7567=AXIS2_PLACEMENT_3D('',#8986,#7835,#7836);
#7568=AXIS2_PLACEMENT_3D('',#8992,#7840,#7841);
#7569=AXIS2_PLACEMENT_3D('',#8998,#7845,#7846);
#7570=AXIS2_PLACEMENT_3D('',#9004,#7850,#7851);
#7571=AXIS2_PLACEMENT_3D('',#9007,#7854,#7855);
#7572=AXIS2_PLACEMENT_3D('',#9008,#7856,#7857);
#7573=AXIS2_PLACEMENT_3D('',#9109,#7866,#7867);
#7574=AXIS2_PLACEMENT_3D('',#9115,#7871,#7872);
#7575=AXIS2_PLACEMENT_3D('',#9118,#7875,#7876);
#7576=AXIS2_PLACEMENT_3D('',#9127,#7881,#7882);
#7577=AXIS2_PLACEMENT_3D('',#9225,#7890,#7891);
#7578=AXIS2_PLACEMENT_3D('',#9231,#7895,#7896);
#7579=AXIS2_PLACEMENT_3D('',#9237,#7900,#7901);
#7580=AXIS2_PLACEMENT_3D('',#9427,#7913,#7914);
#7581=AXIS2_PLACEMENT_3D('',#9571,#7924,#7925);
#7582=AXIS2_PLACEMENT_3D('',#9574,#7928,#7929);
#7583=AXIS2_PLACEMENT_3D('',#9575,#7930,#7931);
#7584=AXIS2_PLACEMENT_3D('',#9576,#7932,#7933);
#7585=AXIS2_PLACEMENT_3D('',#9677,#7942,#7943);
#7586=AXIS2_PLACEMENT_3D('',#9683,#7947,#7948);
#7587=AXIS2_PLACEMENT_3D('',#9686,#7951,#7952);
#7588=AXIS2_PLACEMENT_3D('',#9695,#7957,#7958);
#7589=AXIS2_PLACEMENT_3D('',#9793,#7966,#7967);
#7590=AXIS2_PLACEMENT_3D('',#9799,#7971,#7972);
#7591=AXIS2_PLACEMENT_3D('',#9805,#7976,#7977);
#7592=AXIS2_PLACEMENT_3D('',#9995,#7989,#7990);
#7593=AXIS2_PLACEMENT_3D('',#10139,#8000,#8001);
#7594=AXIS2_PLACEMENT_3D('',#10142,#8004,#8005);
#7595=AXIS2_PLACEMENT_3D('',#10143,#8006,#8007);
#7596=AXIS2_PLACEMENT_3D('',#10144,#8008,#8009);
#7597=AXIS2_PLACEMENT_3D('',#10153,#8014,#8015);
#7598=AXIS2_PLACEMENT_3D('',#10159,#8019,#8020);
#7599=AXIS2_PLACEMENT_3D('',#10165,#8024,#8025);
#7600=AXIS2_PLACEMENT_3D('',#10171,#8029,#8030);
#7601=AXIS2_PLACEMENT_3D('',#10223,#8036,#8037);
#7602=AXIS2_PLACEMENT_3D('',#10229,#8041,#8042);
#7603=AXIS2_PLACEMENT_3D('',#10327,#8050,#8051);
#7604=AXIS2_PLACEMENT_3D('',#10333,#8055,#8056);
#7605=AXIS2_PLACEMENT_3D('',#10339,#8060,#8061);
#7606=AXIS2_PLACEMENT_3D('',#10345,#8065,#8066);
#7607=AXIS2_PLACEMENT_3D('',#10351,#8070,#8071);
#7608=AXIS2_PLACEMENT_3D('',#10357,#8075,#8076);
#7609=AXIS2_PLACEMENT_3D('',#10360,#8079,#8080);
#7610=AXIS2_PLACEMENT_3D('',#10361,#8081,#8082);
#7611=AXIS2_PLACEMENT_3D('',#10370,#8087,#8088);
#7612=AXIS2_PLACEMENT_3D('',#10698,#8106,#8107);
#7613=AXIS2_PLACEMENT_3D('',#10704,#8111,#8112);
#7614=AXIS2_PLACEMENT_3D('',#10710,#8116,#8117);
#7615=AXIS2_PLACEMENT_3D('',#11061,#8136,#8137);
#7616=AXIS2_PLACEMENT_3D('',#11064,#8140,#8141);
#7617=AXIS2_PLACEMENT_3D('',#11065,#8142,#8143);
#7618=AXIS2_PLACEMENT_3D('',#11074,#8148,#8149);
#7619=AXIS2_PLACEMENT_3D('',#11080,#8153,#8154);
#7620=AXIS2_PLACEMENT_3D('',#11224,#8164,#8165);
#7621=AXIS2_PLACEMENT_3D('',#11230,#8169,#8170);
#7622=AXIS2_PLACEMENT_3D('',#11236,#8174,#8175);
#7623=AXIS2_PLACEMENT_3D('',#11334,#8183,#8184);
#7624=AXIS2_PLACEMENT_3D('',#11340,#8188,#8189);
#7625=AXIS2_PLACEMENT_3D('',#11343,#8192,#8193);
#7626=AXIS2_PLACEMENT_3D('',#11344,#8194,#8195);
#7627=AXIS2_PLACEMENT_3D('',#11353,#8200,#8201);
#7628=AXIS2_PLACEMENT_3D('',#11359,#8205,#8206);
#7629=AXIS2_PLACEMENT_3D('',#11365,#8210,#8211);
#7630=AXIS2_PLACEMENT_3D('',#11368,#8214,#8215);
#7631=AXIS2_PLACEMENT_3D('',#11464,#8221,#8222);
#7632=AXIS2_PLACEMENT_3D('',#11562,#8230,#8231);
#7633=AXIS2_PLACEMENT_3D('',#11565,#8234,#8235);
#7634=AXIS2_PLACEMENT_3D('',#11758,#8248,#8249);
#7635=AXIS2_PLACEMENT_3D('',#11922,#8259,#8260);
#7636=AXIS2_PLACEMENT_3D('',#11923,#8261,#8262);
#7637=AXIS2_PLACEMENT_3D('',#11924,#8263,#8264);
#7638=AXIS2_PLACEMENT_3D('',#11933,#8269,#8270);
#7639=AXIS2_PLACEMENT_3D('',#11939,#8274,#8275);
#7640=AXIS2_PLACEMENT_3D('',#11945,#8279,#8280);
#7641=AXIS2_PLACEMENT_3D('',#11948,#8283,#8284);
#7642=AXIS2_PLACEMENT_3D('',#12044,#8290,#8291);
#7643=AXIS2_PLACEMENT_3D('',#12142,#8299,#8300);
#7644=AXIS2_PLACEMENT_3D('',#12145,#8303,#8304);
#7645=AXIS2_PLACEMENT_3D('',#12154,#8309,#8310);
#7646=AXIS2_PLACEMENT_3D('',#12160,#8314,#8315);
#7647=AXIS2_PLACEMENT_3D('',#12281,#8324,#8325);
#7648=AXIS2_PLACEMENT_3D('',#12402,#8334,#8335);
#7649=AXIS2_PLACEMENT_3D('',#12408,#8339,#8340);
#7650=AXIS2_PLACEMENT_3D('',#12411,#8343,#8344);
#7651=AXIS2_PLACEMENT_3D('',#12412,#8345,#8346);
#7652=AXIS2_PLACEMENT_3D('',#12413,#8347,#8348);
#7653=AXIS2_PLACEMENT_3D('',#12422,#8353,#8354);
#7654=AXIS2_PLACEMENT_3D('',#12428,#8358,#8359);
#7655=AXIS2_PLACEMENT_3D('',#12434,#8363,#8364);
#7656=AXIS2_PLACEMENT_3D('',#12440,#8368,#8369);
#7657=AXIS2_PLACEMENT_3D('',#12492,#8375,#8376);
#7658=AXIS2_PLACEMENT_3D('',#12498,#8380,#8381);
#7659=AXIS2_PLACEMENT_3D('',#12596,#8389,#8390);
#7660=AXIS2_PLACEMENT_3D('',#12602,#8394,#8395);
#7661=AXIS2_PLACEMENT_3D('',#12608,#8399,#8400);
#7662=AXIS2_PLACEMENT_3D('',#12614,#8404,#8405);
#7663=AXIS2_PLACEMENT_3D('',#12620,#8409,#8410);
#7664=AXIS2_PLACEMENT_3D('',#12626,#8414,#8415);
#7665=AXIS2_PLACEMENT_3D('',#12629,#8418,#8419);
#7666=AXIS2_PLACEMENT_3D('',#12630,#8420,#8421);
#7667=AXIS2_PLACEMENT_3D('',#12639,#8426,#8427);
#7668=AXIS2_PLACEMENT_3D('',#12990,#8446,#8447);
#7669=AXIS2_PLACEMENT_3D('',#12996,#8451,#8452);
#7670=AXIS2_PLACEMENT_3D('',#13002,#8456,#8457);
#7671=AXIS2_PLACEMENT_3D('',#13353,#8476,#8477);
#7672=AXIS2_PLACEMENT_3D('',#13356,#8480,#8481);
#7673=AXIS2_PLACEMENT_3D('',#13357,#8482,#8483);
#7674=AXIS2_PLACEMENT_3D('',#13366,#8488,#8489);
#7675=AXIS2_PLACEMENT_3D('',#13717,#8508,#8509);
#7676=AXIS2_PLACEMENT_3D('',#13723,#8513,#8514);
#7677=AXIS2_PLACEMENT_3D('',#13729,#8518,#8519);
#7678=AXIS2_PLACEMENT_3D('',#14080,#8538,#8539);
#7679=AXIS2_PLACEMENT_3D('',#14083,#8542,#8543);
#7680=AXIS2_PLACEMENT_3D('',#14084,#8544,#8545);
#7681=AXIS2_PLACEMENT_3D('',#14116,#8551,#8552);
#7682=AXIS2_PLACEMENT_3D('',#14191,#8559,#8560);
#7683=AXIS2_PLACEMENT_3D('',#14197,#8564,#8565);
#7684=AXIS2_PLACEMENT_3D('',#14203,#8569,#8570);
#7685=AXIS2_PLACEMENT_3D('',#14209,#8574,#8575);
#7686=AXIS2_PLACEMENT_3D('',#14212,#8578,#8579);
#7687=AXIS2_PLACEMENT_3D('',#14213,#8580,#8581);
#7688=AXIS2_PLACEMENT_3D('',#14222,#8586,#8587);
#7689=AXIS2_PLACEMENT_3D('',#14228,#8591,#8592);
#7690=AXIS2_PLACEMENT_3D('',#14234,#8596,#8597);
#7691=AXIS2_PLACEMENT_3D('',#14240,#8601,#8602);
#7692=AXIS2_PLACEMENT_3D('',#14292,#8608,#8609);
#7693=AXIS2_PLACEMENT_3D('',#14295,#8612,#8613);
#7694=AXIS2_PLACEMENT_3D('',#14296,#8614,#8615);
#7695=AXIS2_PLACEMENT_3D('',#14305,#8620,#8621);
#7696=AXIS2_PLACEMENT_3D('',#14311,#8625,#8626);
#7697=AXIS2_PLACEMENT_3D('',#14317,#8630,#8631);
#7698=AXIS2_PLACEMENT_3D('',#14320,#8634,#8635);
#7699=AXIS2_PLACEMENT_3D('',#14322,#8636,#8637);
#7700=AXIS2_PLACEMENT_3D('',#14323,#8638,#8639);
#7701=AXIS2_PLACEMENT_3D('',#14325,#8640,#8641);
#7702=AXIS2_PLACEMENT_3D('',#14327,#8643,#8644);
#7703=AXIS2_PLACEMENT_3D('',#14336,#8649,#8650);
#7704=AXIS2_PLACEMENT_3D('',#14338,#8651,#8652);
#7705=AXIS2_PLACEMENT_3D('',#14340,#8653,#8654);
#7706=AXIS2_PLACEMENT_3D('',#14342,#8656,#8657);
#7707=AXIS2_PLACEMENT_3D('',#14348,#8661,#8662);
#7708=AXIS2_PLACEMENT_3D('',#14350,#8663,#8664);
#7709=AXIS2_PLACEMENT_3D('',#14352,#8665,#8666);
#7710=AXIS2_PLACEMENT_3D('',#14354,#8668,#8669);
#7711=AXIS2_PLACEMENT_3D('',#14360,#8673,#8674);
#7712=AXIS2_PLACEMENT_3D('',#14362,#8675,#8676);
#7713=AXIS2_PLACEMENT_3D('',#14364,#8677,#8678);
#7714=AXIS2_PLACEMENT_3D('',#14366,#8680,#8681);
#7715=AXIS2_PLACEMENT_3D('',#14372,#8685,#8686);
#7716=AXIS2_PLACEMENT_3D('',#14373,#8687,#8688);
#7717=AXIS2_PLACEMENT_3D('',#14374,#8689,#8690);
#7718=AXIS2_PLACEMENT_3D('',#14375,#8691,#8692);
#7719=AXIS2_PLACEMENT_3D('',#14384,#8697,#8698);
#7720=AXIS2_PLACEMENT_3D('',#14386,#8699,#8700);
#7721=AXIS2_PLACEMENT_3D('',#14388,#8701,#8702);
#7722=AXIS2_PLACEMENT_3D('',#14390,#8704,#8705);
#7723=AXIS2_PLACEMENT_3D('',#14396,#8709,#8710);
#7724=AXIS2_PLACEMENT_3D('',#14398,#8711,#8712);
#7725=AXIS2_PLACEMENT_3D('',#14400,#8713,#8714);
#7726=AXIS2_PLACEMENT_3D('',#14402,#8716,#8717);
#7727=AXIS2_PLACEMENT_3D('',#14408,#8721,#8722);
#7728=AXIS2_PLACEMENT_3D('',#14410,#8723,#8724);
#7729=AXIS2_PLACEMENT_3D('',#14412,#8725,#8726);
#7730=AXIS2_PLACEMENT_3D('',#14414,#8728,#8729);
#7731=AXIS2_PLACEMENT_3D('',#14420,#8733,#8734);
#7732=AXIS2_PLACEMENT_3D('',#14421,#8735,#8736);
#7733=AXIS2_PLACEMENT_3D('',#14422,#8737,#8738);
#7734=AXIS2_PLACEMENT_3D('',#14423,#8739,#8740);
#7735=AXIS2_PLACEMENT_3D('',#14432,#8745,#8746);
#7736=AXIS2_PLACEMENT_3D('',#14434,#8747,#8748);
#7737=AXIS2_PLACEMENT_3D('',#14436,#8749,#8750);
#7738=AXIS2_PLACEMENT_3D('',#14438,#8752,#8753);
#7739=AXIS2_PLACEMENT_3D('',#14444,#8757,#8758);
#7740=AXIS2_PLACEMENT_3D('',#14446,#8759,#8760);
#7741=AXIS2_PLACEMENT_3D('',#14448,#8761,#8762);
#7742=AXIS2_PLACEMENT_3D('',#14450,#8764,#8765);
#7743=AXIS2_PLACEMENT_3D('',#14456,#8769,#8770);
#7744=AXIS2_PLACEMENT_3D('',#14458,#8771,#8772);
#7745=AXIS2_PLACEMENT_3D('',#14460,#8773,#8774);
#7746=AXIS2_PLACEMENT_3D('',#14462,#8776,#8777);
#7747=AXIS2_PLACEMENT_3D('',#14468,#8781,#8782);
#7748=AXIS2_PLACEMENT_3D('',#14469,#8783,#8784);
#7749=AXIS2_PLACEMENT_3D('',#14470,#8785,#8786);
#7750=AXIS2_PLACEMENT_3D('',#14471,#8787,#8788);
#7751=AXIS2_PLACEMENT_3D('',#14474,#8789,#8790);
#7752=AXIS2_PLACEMENT_3D('',#14478,#8792,#8793);
#7753=AXIS2_PLACEMENT_3D('',#14480,#8795,#8796);
#7754=AXIS2_PLACEMENT_3D('',#14483,#8797,#8798);
#7755=AXIS2_PLACEMENT_3D('',#14486,#8800,#8801);
#7756=AXIS2_PLACEMENT_3D('',#14488,#8803,#8804);
#7757=AXIS2_PLACEMENT_3D('',#14489,#8805,#8806);
#7758=AXIS2_PLACEMENT_3D('',#14490,#8807,#8808);
#7759=AXIS2_PLACEMENT_3D('',#14496,#8812,#8813);
#7760=AXIS2_PLACEMENT_3D('',#14499,#8815,#8816);
#7761=AXIS2_PLACEMENT_3D('',#14500,#8817,#8818);
#7762=AXIS2_PLACEMENT_3D('',#14512,#8825,#8826);
#7763=AXIS2_PLACEMENT_3D('',#14519,#8830,#8831);
#7764=AXIS2_PLACEMENT_3D('',#14520,#8832,#8833);
#7765=AXIS2_PLACEMENT_3D('',#14523,#8835,#8836);
#7766=AXIS2_PLACEMENT_3D('',#14524,#8837,#8838);
#7767=AXIS2_PLACEMENT_3D('',#14527,#8839,#8840);
#7768=AXIS2_PLACEMENT_3D('',#14531,#8842,#8843);
#7769=AXIS2_PLACEMENT_3D('',#14533,#8845,#8846);
#7770=AXIS2_PLACEMENT_3D('',#14547,#8854,#8855);
#7771=AXIS2_PLACEMENT_3D('',#14551,#8858,#8859);
#7772=AXIS2_PLACEMENT_3D('',#14557,#8863,#8864);
#7773=AXIS2_PLACEMENT_3D('',#14561,#8867,#8868);
#7774=AXIS2_PLACEMENT_3D('',#14565,#8871,#8872);
#7775=AXIS2_PLACEMENT_3D('',#14569,#8875,#8876);
#7776=AXIS2_PLACEMENT_3D('',#14571,#8878,#8879);
#7777=AXIS2_PLACEMENT_3D('',#14581,#8885,#8886);
#7778=AXIS2_PLACEMENT_3D('',#14582,#8887,#8888);
#7779=AXIS2_PLACEMENT_3D('',#14583,#8889,#8890);
#7780=AXIS2_PLACEMENT_3D('',#14585,#8891,#8892);
#7781=AXIS2_PLACEMENT_3D('',#14587,#8894,#8895);
#7782=AXIS2_PLACEMENT_3D('',#14589,#8897,#8898);
#7783=AXIS2_PLACEMENT_3D('',#14595,#8902,#8903);
#7784=AXIS2_PLACEMENT_3D('',#14601,#8907,#8908);
#7785=AXIS2_PLACEMENT_3D('',#14604,#8911,#8912);
#7786=AXIS2_PLACEMENT_3D('',#14613,#8917,#8918);
#7787=AXIS2_PLACEMENT_3D('',#14616,#8921,#8922);
#7788=AXIS2_PLACEMENT_3D('',#14618,#8924,#8925);
#7789=AXIS2_PLACEMENT_3D('',#14620,#8927,#8928);
#7790=AXIS2_PLACEMENT_3D('',#14621,#8929,#8930);
#7791=AXIS2_PLACEMENT_3D('',#14623,#8932,#8933);
#7792=DIRECTION('axis',(0.,0.,1.));
#7793=DIRECTION('refdir',(1.,0.,0.));
#7794=DIRECTION('center_axis',(0.,0.,1.));
#7795=DIRECTION('ref_axis',(0.,-1.,0.));
#7796=DIRECTION('',(0.,1.,0.));
#7797=DIRECTION('',(1.,0.,0.));
#7798=DIRECTION('',(0.,-1.,0.));
#7799=DIRECTION('',(1.,0.,0.));
#7800=DIRECTION('center_axis',(0.,1.,0.));
#7801=DIRECTION('ref_axis',(0.,0.,1.));
#7802=DIRECTION('',(-8.88178419700125E-17,0.,-1.));
#7803=DIRECTION('',(0.,0.,1.));
#7804=DIRECTION('',(1.,0.,0.));
#7805=DIRECTION('center_axis',(0.,0.,-1.));
#7806=DIRECTION('ref_axis',(0.,1.,0.));
#7807=DIRECTION('',(0.,-1.,0.));
#7808=DIRECTION('',(0.,1.,0.));
#7809=DIRECTION('',(1.,0.,0.));
#7810=DIRECTION('center_axis',(0.,1.,0.));
#7811=DIRECTION('ref_axis',(0.,0.,1.));
#7812=DIRECTION('',(-8.88178419700125E-17,0.,-1.));
#7813=DIRECTION('',(0.,0.,1.));
#7814=DIRECTION('',(1.,0.,0.));
#7815=DIRECTION('center_axis',(0.,0.,1.));
#7816=DIRECTION('ref_axis',(0.,-1.,0.));
#7817=DIRECTION('',(0.,1.,0.));
#7818=DIRECTION('',(0.,-1.,0.));
#7819=DIRECTION('',(1.,0.,0.));
#7820=DIRECTION('center_axis',(0.,1.,0.));
#7821=DIRECTION('ref_axis',(0.,0.,1.));
#7822=DIRECTION('',(-8.88178419700125E-17,0.,-1.));
#7823=DIRECTION('',(0.,0.,1.));
#7824=DIRECTION('',(1.,0.,0.));
#7825=DIRECTION('center_axis',(0.,0.,-1.));
#7826=DIRECTION('ref_axis',(0.,1.,0.));
#7827=DIRECTION('',(0.,-1.,0.));
#7828=DIRECTION('',(0.,1.,0.));
#7829=DIRECTION('',(1.,0.,0.));
#7830=DIRECTION('center_axis',(0.,1.,0.));
#7831=DIRECTION('ref_axis',(0.,0.,1.));
#7832=DIRECTION('',(-8.88178419700125E-17,0.,-1.));
#7833=DIRECTION('',(0.,0.,1.));
#7834=DIRECTION('',(1.,0.,0.));
#7835=DIRECTION('center_axis',(0.,0.,1.));
#7836=DIRECTION('ref_axis',(0.,-1.,0.));
#7837=DIRECTION('',(0.,1.,0.));
#7838=DIRECTION('',(0.,-1.,0.));
#7839=DIRECTION('',(1.,0.,0.));
#7840=DIRECTION('center_axis',(0.,1.,0.));
#7841=DIRECTION('ref_axis',(0.,0.,1.));
#7842=DIRECTION('',(-8.88178419700125E-17,0.,-1.));
#7843=DIRECTION('',(0.,0.,1.));
#7844=DIRECTION('',(1.,0.,0.));
#7845=DIRECTION('center_axis',(0.,-9.2334817047598E-17,-1.));
#7846=DIRECTION('ref_axis',(0.,1.,-9.2334817047598E-17));
#7847=DIRECTION('',(8.20097918886358E-33,-1.,9.2334817047598E-17));
#7848=DIRECTION('',(0.,1.,-9.2334817047598E-17));
#7849=DIRECTION('',(1.,0.,0.));
#7850=DIRECTION('center_axis',(0.,-1.,0.));
#7851=DIRECTION('ref_axis',(0.,0.,-1.));
#7852=DIRECTION('',(8.88178419700125E-17,0.,1.));
#7853=DIRECTION('',(0.,0.,-1.));
#7854=DIRECTION('center_axis',(1.,0.,0.));
#7855=DIRECTION('ref_axis',(0.,0.,-1.));
#7856=DIRECTION('center_axis',(0.,-1.,0.));
#7857=DIRECTION('ref_axis',(0.,0.,-1.));
#7858=DIRECTION('',(8.88178419700125E-17,0.,1.));
#7859=DIRECTION('',(1.,0.,0.));
#7860=DIRECTION('',(0.,0.,-1.));
#7861=DIRECTION('',(1.,0.,0.));
#7862=DIRECTION('',(1.,0.,0.));
#7863=DIRECTION('',(1.,0.,0.));
#7864=DIRECTION('',(1.,0.,0.));
#7865=DIRECTION('',(1.,0.,0.));
#7866=DIRECTION('center_axis',(0.,1.,0.));
#7867=DIRECTION('ref_axis',(0.,0.,1.));
#7868=DIRECTION('',(-8.88178419700125E-17,0.,-1.));
#7869=DIRECTION('',(0.,0.,1.));
#7870=DIRECTION('',(1.,0.,0.));
#7871=DIRECTION('center_axis',(0.,0.,1.));
#7872=DIRECTION('ref_axis',(0.,-1.,0.));
#7873=DIRECTION('',(0.,1.,0.));
#7874=DIRECTION('',(0.,-1.,0.));
#7875=DIRECTION('center_axis',(0.,0.,-1.));
#7876=DIRECTION('ref_axis',(0.,1.,0.));
#7877=DIRECTION('',(0.,-1.,0.));
#7878=DIRECTION('',(1.,0.,0.));
#7879=DIRECTION('',(0.,1.,0.));
#7880=DIRECTION('',(1.,0.,0.));
#7881=DIRECTION('center_axis',(0.,1.,0.));
#7882=DIRECTION('ref_axis',(0.,0.,1.));
#7883=DIRECTION('',(-8.88178419700125E-17,0.,-1.));
#7884=DIRECTION('',(0.,0.,1.));
#7885=DIRECTION('',(1.,0.,0.));
#7886=DIRECTION('',(1.,0.,0.));
#7887=DIRECTION('',(1.,0.,0.));
#7888=DIRECTION('',(1.,0.,0.));
#7889=DIRECTION('',(1.,0.,0.));
#7890=DIRECTION('center_axis',(0.,-1.,0.));
#7891=DIRECTION('ref_axis',(0.,0.,-1.));
#7892=DIRECTION('',(8.88178419700125E-17,0.,1.));
#7893=DIRECTION('',(0.,0.,-1.));
#7894=DIRECTION('',(1.,0.,0.));
#7895=DIRECTION('center_axis',(0.,0.,1.));
#7896=DIRECTION('ref_axis',(0.,-1.,0.));
#7897=DIRECTION('',(0.,1.,0.));
#7898=DIRECTION('',(0.,-1.,0.));
#7899=DIRECTION('',(1.,0.,0.));
#7900=DIRECTION('center_axis',(0.,1.,0.));
#7901=DIRECTION('ref_axis',(0.,0.,1.));
#7902=DIRECTION('',(-8.88178419700125E-17,0.,-1.));
#7903=DIRECTION('',(0.,0.,1.));
#7904=DIRECTION('',(1.,0.,0.));
#7905=DIRECTION('',(1.,0.,0.));
#7906=DIRECTION('',(1.,0.,0.));
#7907=DIRECTION('',(1.,0.,0.));
#7908=DIRECTION('',(1.,0.,0.));
#7909=DIRECTION('',(1.,0.,0.));
#7910=DIRECTION('',(1.,0.,0.));
#7911=DIRECTION('',(1.,0.,0.));
#7912=DIRECTION('',(1.,0.,0.));
#7913=DIRECTION('center_axis',(0.,-1.,0.));
#7914=DIRECTION('ref_axis',(0.,0.,-1.));
#7915=DIRECTION('',(8.88178419700125E-17,0.,1.));
#7916=DIRECTION('',(0.,0.,-1.));
#7917=DIRECTION('',(1.,0.,0.));
#7918=DIRECTION('',(1.,0.,0.));
#7919=DIRECTION('',(1.,0.,0.));
#7920=DIRECTION('',(1.,0.,0.));
#7921=DIRECTION('',(1.,0.,0.));
#7922=DIRECTION('',(1.,0.,0.));
#7923=DIRECTION('',(1.,0.,0.));
#7924=DIRECTION('center_axis',(0.,1.,0.));
#7925=DIRECTION('ref_axis',(0.,0.,1.));
#7926=DIRECTION('',(-8.88178419700125E-17,0.,-1.));
#7927=DIRECTION('',(0.,0.,1.));
#7928=DIRECTION('center_axis',(1.,0.,0.));
#7929=DIRECTION('ref_axis',(0.,1.,0.));
#7930=DIRECTION('center_axis',(1.,0.,-8.88178419700125E-17));
#7931=DIRECTION('ref_axis',(8.88178419700125E-17,0.,1.));
#7932=DIRECTION('center_axis',(0.,-1.,0.));
#7933=DIRECTION('ref_axis',(0.,0.,-1.));
#7934=DIRECTION('',(8.88178419700125E-17,0.,1.));
#7935=DIRECTION('',(1.,0.,0.));
#7936=DIRECTION('',(0.,0.,-1.));
#7937=DIRECTION('',(1.,0.,0.));
#7938=DIRECTION('',(1.,0.,0.));
#7939=DIRECTION('',(1.,0.,0.));
#7940=DIRECTION('',(1.,0.,0.));
#7941=DIRECTION('',(1.,0.,0.));
#7942=DIRECTION('center_axis',(0.,1.,0.));
#7943=DIRECTION('ref_axis',(0.,0.,1.));
#7944=DIRECTION('',(-8.88178419700125E-17,0.,-1.));
#7945=DIRECTION('',(0.,0.,1.));
#7946=DIRECTION('',(1.,0.,0.));
#7947=DIRECTION('center_axis',(0.,0.,1.));
#7948=DIRECTION('ref_axis',(0.,-1.,0.));
#7949=DIRECTION('',(0.,1.,0.));
#7950=DIRECTION('',(0.,-1.,0.));
#7951=DIRECTION('center_axis',(0.,0.,-1.));
#7952=DIRECTION('ref_axis',(0.,1.,0.));
#7953=DIRECTION('',(0.,-1.,0.));
#7954=DIRECTION('',(1.,0.,0.));
#7955=DIRECTION('',(0.,1.,0.));
#7956=DIRECTION('',(1.,0.,0.));
#7957=DIRECTION('center_axis',(0.,1.,0.));
#7958=DIRECTION('ref_axis',(0.,0.,1.));
#7959=DIRECTION('',(-8.88178419700125E-17,0.,-1.));
#7960=DIRECTION('',(0.,0.,1.));
#7961=DIRECTION('',(1.,0.,0.));
#7962=DIRECTION('',(1.,0.,0.));
#7963=DIRECTION('',(1.,0.,0.));
#7964=DIRECTION('',(1.,0.,0.));
#7965=DIRECTION('',(1.,0.,0.));
#7966=DIRECTION('center_axis',(0.,-1.,0.));
#7967=DIRECTION('ref_axis',(0.,0.,-1.));
#7968=DIRECTION('',(8.88178419700125E-17,0.,1.));
#7969=DIRECTION('',(0.,0.,-1.));
#7970=DIRECTION('',(1.,0.,0.));
#7971=DIRECTION('center_axis',(0.,0.,1.));
#7972=DIRECTION('ref_axis',(0.,-1.,0.));
#7973=DIRECTION('',(0.,1.,0.));
#7974=DIRECTION('',(0.,-1.,0.));
#7975=DIRECTION('',(1.,0.,0.));
#7976=DIRECTION('center_axis',(0.,1.,0.));
#7977=DIRECTION('ref_axis',(0.,0.,1.));
#7978=DIRECTION('',(-8.88178419700125E-17,0.,-1.));
#7979=DIRECTION('',(0.,0.,1.));
#7980=DIRECTION('',(1.,0.,0.));
#7981=DIRECTION('',(1.,0.,0.));
#7982=DIRECTION('',(1.,0.,0.));
#7983=DIRECTION('',(1.,0.,0.));
#7984=DIRECTION('',(1.,0.,0.));
#7985=DIRECTION('',(1.,0.,0.));
#7986=DIRECTION('',(1.,0.,0.));
#7987=DIRECTION('',(1.,0.,0.));
#7988=DIRECTION('',(1.,0.,0.));
#7989=DIRECTION('center_axis',(0.,-1.,0.));
#7990=DIRECTION('ref_axis',(0.,0.,-1.));
#7991=DIRECTION('',(8.88178419700125E-17,0.,1.));
#7992=DIRECTION('',(0.,0.,-1.));
#7993=DIRECTION('',(1.,0.,0.));
#7994=DIRECTION('',(1.,0.,0.));
#7995=DIRECTION('',(1.,0.,0.));
#7996=DIRECTION('',(1.,0.,0.));
#7997=DIRECTION('',(1.,0.,0.));
#7998=DIRECTION('',(1.,0.,0.));
#7999=DIRECTION('',(1.,0.,0.));
#8000=DIRECTION('center_axis',(0.,1.,0.));
#8001=DIRECTION('ref_axis',(0.,0.,1.));
#8002=DIRECTION('',(-8.88178419700125E-17,0.,-1.));
#8003=DIRECTION('',(0.,0.,1.));
#8004=DIRECTION('center_axis',(1.,0.,0.));
#8005=DIRECTION('ref_axis',(0.,1.,0.));
#8006=DIRECTION('center_axis',(1.,0.,-8.88178419700125E-17));
#8007=DIRECTION('ref_axis',(8.88178419700125E-17,0.,1.));
#8008=DIRECTION('center_axis',(0.,1.,0.));
#8009=DIRECTION('ref_axis',(0.,0.,1.));
#8010=DIRECTION('',(-8.88178419700125E-17,0.,-1.));
#8011=DIRECTION('',(1.,0.,0.));
#8012=DIRECTION('',(0.,0.,1.));
#8013=DIRECTION('',(1.,0.,0.));
#8014=DIRECTION('center_axis',(0.,0.,1.));
#8015=DIRECTION('ref_axis',(0.,-1.,0.));
#8016=DIRECTION('',(0.,1.,0.));
#8017=DIRECTION('',(0.,-1.,0.));
#8018=DIRECTION('',(1.,0.,0.));
#8019=DIRECTION('center_axis',(0.,1.,0.));
#8020=DIRECTION('ref_axis',(0.,0.,1.));
#8021=DIRECTION('',(-8.88178419700125E-17,0.,-1.));
#8022=DIRECTION('',(0.,0.,1.));
#8023=DIRECTION('',(1.,0.,0.));
#8024=DIRECTION('center_axis',(0.,0.,-1.));
#8025=DIRECTION('ref_axis',(0.,1.,0.));
#8026=DIRECTION('',(0.,-1.,0.));
#8027=DIRECTION('',(0.,1.,0.));
#8028=DIRECTION('',(1.,0.,0.));
#8029=DIRECTION('center_axis',(0.,1.,0.));
#8030=DIRECTION('ref_axis',(0.,0.,1.));
#8031=DIRECTION('',(-8.88178419700125E-17,0.,-1.));
#8032=DIRECTION('',(0.,0.,1.));
#8033=DIRECTION('',(1.,0.,0.));
#8034=DIRECTION('',(1.,0.,0.));
#8035=DIRECTION('',(1.,0.,0.));
#8036=DIRECTION('center_axis',(0.,1.,0.));
#8037=DIRECTION('ref_axis',(0.,0.,1.));
#8038=DIRECTION('',(-8.88178419700125E-17,0.,-1.));
#8039=DIRECTION('',(0.,0.,1.));
#8040=DIRECTION('',(1.,0.,0.));
#8041=DIRECTION('center_axis',(0.,-1.37841387026303E-16,-1.));
#8042=DIRECTION('ref_axis',(0.,1.,-1.37841387026303E-16));
#8043=DIRECTION('',(1.22427745298296E-32,-1.,1.37841387026303E-16));
#8044=DIRECTION('',(0.,1.,-1.37841387026303E-16));
#8045=DIRECTION('',(1.,0.,0.));
#8046=DIRECTION('',(1.,0.,0.));
#8047=DIRECTION('',(1.,0.,0.));
#8048=DIRECTION('',(1.,0.,0.));
#8049=DIRECTION('',(1.,0.,0.));
#8050=DIRECTION('center_axis',(0.,-1.,0.));
#8051=DIRECTION('ref_axis',(0.,0.,-1.));
#8052=DIRECTION('',(8.88178419700125E-17,0.,1.));
#8053=DIRECTION('',(0.,0.,-1.));
#8054=DIRECTION('',(1.,0.,0.));
#8055=DIRECTION('center_axis',(0.,0.,-1.));
#8056=DIRECTION('ref_axis',(0.,1.,0.));
#8057=DIRECTION('',(0.,-1.,0.));
#8058=DIRECTION('',(0.,1.,0.));
#8059=DIRECTION('',(1.,0.,0.));
#8060=DIRECTION('center_axis',(0.,-1.,0.));
#8061=DIRECTION('ref_axis',(0.,0.,-1.));
#8062=DIRECTION('',(8.88178419700125E-17,0.,1.));
#8063=DIRECTION('',(0.,0.,-1.));
#8064=DIRECTION('',(1.,0.,0.));
#8065=DIRECTION('center_axis',(0.,0.,1.));
#8066=DIRECTION('ref_axis',(0.,-1.,0.));
#8067=DIRECTION('',(0.,1.,0.));
#8068=DIRECTION('',(0.,-1.,0.));
#8069=DIRECTION('',(1.,0.,0.));
#8070=DIRECTION('center_axis',(0.,-1.,0.));
#8071=DIRECTION('ref_axis',(0.,0.,-1.));
#8072=DIRECTION('',(8.88178419700125E-17,0.,1.));
#8073=DIRECTION('',(0.,0.,-1.));
#8074=DIRECTION('',(1.,0.,0.));
#8075=DIRECTION('center_axis',(0.,0.,1.));
#8076=DIRECTION('ref_axis',(0.,-1.,0.));
#8077=DIRECTION('',(0.,1.,0.));
#8078=DIRECTION('',(0.,-1.,0.));
#8079=DIRECTION('center_axis',(1.,0.,0.));
#8080=DIRECTION('ref_axis',(0.,1.,0.));
#8081=DIRECTION('center_axis',(0.,0.,-1.));
#8082=DIRECTION('ref_axis',(0.,1.,0.));
#8083=DIRECTION('',(0.,-1.,0.));
#8084=DIRECTION('',(1.,0.,0.));
#8085=DIRECTION('',(0.,1.,0.));
#8086=DIRECTION('',(1.,0.,0.));
#8087=DIRECTION('center_axis',(0.,-1.,0.));
#8088=DIRECTION('ref_axis',(0.,0.,-1.));
#8089=DIRECTION('',(8.88178419700125E-17,0.,1.));
#8090=DIRECTION('',(0.,0.,-1.));
#8091=DIRECTION('',(1.,0.,0.));
#8092=DIRECTION('',(1.,0.,0.));
#8093=DIRECTION('',(1.,0.,0.));
#8094=DIRECTION('',(1.,0.,0.));
#8095=DIRECTION('',(1.,0.,0.));
#8096=DIRECTION('',(1.,0.,0.));
#8097=DIRECTION('',(1.,0.,0.));
#8098=DIRECTION('',(1.,0.,0.));
#8099=DIRECTION('',(1.,0.,0.));
#8100=DIRECTION('',(1.,0.,0.));
#8101=DIRECTION('',(1.,0.,0.));
#8102=DIRECTION('',(1.,0.,0.));
#8103=DIRECTION('',(1.,0.,0.));
#8104=DIRECTION('',(1.,0.,0.));
#8105=DIRECTION('',(1.,0.,0.));
#8106=DIRECTION('center_axis',(0.,-1.,0.));
#8107=DIRECTION('ref_axis',(0.,0.,-1.));
#8108=DIRECTION('',(8.88178419700125E-17,0.,1.));
#8109=DIRECTION('',(0.,0.,-1.));
#8110=DIRECTION('',(1.,0.,0.));
#8111=DIRECTION('center_axis',(0.,0.,1.));
#8112=DIRECTION('ref_axis',(0.,-1.,0.));
#8113=DIRECTION('',(0.,1.,0.));
#8114=DIRECTION('',(0.,-1.,0.));
#8115=DIRECTION('',(1.,0.,0.));
#8116=DIRECTION('center_axis',(0.,1.,0.));
#8117=DIRECTION('ref_axis',(0.,0.,1.));
#8118=DIRECTION('',(-8.88178419700125E-17,0.,-1.));
#8119=DIRECTION('',(0.,0.,1.));
#8120=DIRECTION('',(1.,0.,0.));
#8121=DIRECTION('',(1.,0.,0.));
#8122=DIRECTION('',(1.,0.,0.));
#8123=DIRECTION('',(1.,0.,0.));
#8124=DIRECTION('',(1.,0.,0.));
#8125=DIRECTION('',(1.,0.,0.));
#8126=DIRECTION('',(1.,0.,0.));
#8127=DIRECTION('',(1.,0.,0.));
#8128=DIRECTION('',(1.,0.,0.));
#8129=DIRECTION('',(1.,0.,0.));
#8130=DIRECTION('',(1.,0.,0.));
#8131=DIRECTION('',(1.,0.,0.));
#8132=DIRECTION('',(1.,0.,0.));
#8133=DIRECTION('',(1.,0.,0.));
#8134=DIRECTION('',(1.,0.,0.));
#8135=DIRECTION('',(1.,0.,0.));
#8136=DIRECTION('center_axis',(0.,1.,0.));
#8137=DIRECTION('ref_axis',(0.,0.,1.));
#8138=DIRECTION('',(-8.88178419700125E-17,0.,-1.));
#8139=DIRECTION('',(0.,0.,1.));
#8140=DIRECTION('center_axis',(1.,0.,0.));
#8141=DIRECTION('ref_axis',(0.,1.,0.));
#8142=DIRECTION('center_axis',(0.,1.,0.));
#8143=DIRECTION('ref_axis',(0.,0.,1.));
#8144=DIRECTION('',(-8.88178419700125E-17,0.,-1.));
#8145=DIRECTION('',(1.,0.,0.));
#8146=DIRECTION('',(0.,0.,1.));
#8147=DIRECTION('',(1.,0.,0.));
#8148=DIRECTION('center_axis',(0.,0.,-1.));
#8149=DIRECTION('ref_axis',(0.,1.,0.));
#8150=DIRECTION('',(0.,-1.,0.));
#8151=DIRECTION('',(0.,1.,0.));
#8152=DIRECTION('',(1.,0.,0.));
#8153=DIRECTION('center_axis',(0.,-0.997990613958985,0.0633619321814575));
#8154=DIRECTION('ref_axis',(0.,-0.0633619321814574,-0.997990613958985));
#8155=DIRECTION('',(8.86393726381649E-17,0.0633619321814574,0.997990613958985));
#8156=DIRECTION('',(0.,-0.0633619321814574,-0.997990613958985));
#8157=DIRECTION('',(1.,0.,0.));
#8158=DIRECTION('',(1.,0.,0.));
#8159=DIRECTION('',(1.,0.,0.));
#8160=DIRECTION('',(1.,0.,0.));
#8161=DIRECTION('',(1.,0.,0.));
#8162=DIRECTION('',(1.,0.,0.));
#8163=DIRECTION('',(1.,0.,0.));
#8164=DIRECTION('center_axis',(0.,-1.,0.));
#8165=DIRECTION('ref_axis',(0.,0.,-1.));
#8166=DIRECTION('',(8.88178419700125E-17,0.,1.));
#8167=DIRECTION('',(0.,0.,-1.));
#8168=DIRECTION('',(1.,0.,0.));
#8169=DIRECTION('center_axis',(0.,0.,1.));
#8170=DIRECTION('ref_axis',(0.,-1.,0.));
#8171=DIRECTION('',(0.,1.,0.));
#8172=DIRECTION('',(0.,-1.,0.));
#8173=DIRECTION('',(1.,0.,0.));
#8174=DIRECTION('center_axis',(0.,1.,0.));
#8175=DIRECTION('ref_axis',(0.,0.,1.));
#8176=DIRECTION('',(-8.88178419700125E-17,0.,-1.));
#8177=DIRECTION('',(0.,0.,1.));
#8178=DIRECTION('',(1.,0.,0.));
#8179=DIRECTION('',(1.,0.,0.));
#8180=DIRECTION('',(1.,0.,0.));
#8181=DIRECTION('',(1.,0.,0.));
#8182=DIRECTION('',(1.,0.,0.));
#8183=DIRECTION('center_axis',(0.,-1.,0.));
#8184=DIRECTION('ref_axis',(0.,0.,-1.));
#8185=DIRECTION('',(8.88178419700125E-17,0.,1.));
#8186=DIRECTION('',(0.,0.,-1.));
#8187=DIRECTION('',(1.,0.,0.));
#8188=DIRECTION('center_axis',(0.,0.,1.));
#8189=DIRECTION('ref_axis',(0.,-1.,0.));
#8190=DIRECTION('',(0.,1.,0.));
#8191=DIRECTION('',(0.,-1.,0.));
#8192=DIRECTION('center_axis',(1.,0.,0.));
#8193=DIRECTION('ref_axis',(0.,1.,0.));
#8194=DIRECTION('center_axis',(0.,1.,0.));
#8195=DIRECTION('ref_axis',(0.,0.,1.));
#8196=DIRECTION('',(-8.88178419700125E-17,0.,-1.));
#8197=DIRECTION('',(1.,0.,0.));
#8198=DIRECTION('',(0.,0.,1.));
#8199=DIRECTION('',(1.,0.,0.));
#8200=DIRECTION('center_axis',(0.,0.,-1.));
#8201=DIRECTION('ref_axis',(0.,1.,0.));
#8202=DIRECTION('',(0.,-1.,0.));
#8203=DIRECTION('',(0.,1.,0.));
#8204=DIRECTION('',(1.,0.,0.));
#8205=DIRECTION('center_axis',(0.,-1.,0.));
#8206=DIRECTION('ref_axis',(0.,0.,-1.));
#8207=DIRECTION('',(8.88178419700125E-17,0.,1.));
#8208=DIRECTION('',(0.,0.,-1.));
#8209=DIRECTION('',(1.,0.,0.));
#8210=DIRECTION('center_axis',(0.,0.,1.));
#8211=DIRECTION('ref_axis',(0.,-1.,0.));
#8212=DIRECTION('',(0.,1.,0.));
#8213=DIRECTION('',(0.,-1.,0.));
#8214=DIRECTION('center_axis',(1.,0.,0.));
#8215=DIRECTION('ref_axis',(0.,0.,-1.));
#8216=DIRECTION('',(1.,0.,0.));
#8217=DIRECTION('',(1.,0.,0.));
#8218=DIRECTION('',(1.,0.,0.));
#8219=DIRECTION('',(1.,0.,0.));
#8220=DIRECTION('',(1.,0.,0.));
#8221=DIRECTION('center_axis',(0.,1.,0.));
#8222=DIRECTION('ref_axis',(0.,0.,1.));
#8223=DIRECTION('',(-8.88178419700125E-17,0.,-1.));
#8224=DIRECTION('',(0.,0.,1.));
#8225=DIRECTION('',(1.,0.,0.));
#8226=DIRECTION('',(1.,0.,0.));
#8227=DIRECTION('',(1.,0.,0.));
#8228=DIRECTION('',(1.,0.,0.));
#8229=DIRECTION('',(1.,0.,0.));
#8230=DIRECTION('center_axis',(0.,-1.,0.));
#8231=DIRECTION('ref_axis',(0.,0.,-1.));
#8232=DIRECTION('',(8.88178419700125E-17,0.,1.));
#8233=DIRECTION('',(0.,0.,-1.));
#8234=DIRECTION('center_axis',(0.,1.,0.));
#8235=DIRECTION('ref_axis',(0.,0.,1.));
#8236=DIRECTION('',(-8.88178419700125E-17,0.,-1.));
#8237=DIRECTION('',(1.,0.,0.));
#8238=DIRECTION('',(0.,0.,1.));
#8239=DIRECTION('',(1.,0.,0.));
#8240=DIRECTION('',(1.,0.,0.));
#8241=DIRECTION('',(1.,0.,0.));
#8242=DIRECTION('',(1.,0.,0.));
#8243=DIRECTION('',(1.,0.,0.));
#8244=DIRECTION('',(1.,0.,0.));
#8245=DIRECTION('',(1.,0.,0.));
#8246=DIRECTION('',(1.,0.,0.));
#8247=DIRECTION('',(1.,0.,0.));
#8248=DIRECTION('center_axis',(0.,-1.,0.));
#8249=DIRECTION('ref_axis',(0.,0.,-1.));
#8250=DIRECTION('',(8.88178419700125E-17,0.,1.));
#8251=DIRECTION('',(0.,0.,-1.));
#8252=DIRECTION('',(1.,0.,0.));
#8253=DIRECTION('',(1.,0.,0.));
#8254=DIRECTION('',(1.,0.,0.));
#8255=DIRECTION('',(1.,0.,0.));
#8256=DIRECTION('',(1.,0.,0.));
#8257=DIRECTION('',(1.,0.,0.));
#8258=DIRECTION('',(1.,0.,0.));
#8259=DIRECTION('center_axis',(1.,0.,0.));
#8260=DIRECTION('ref_axis',(0.,1.,0.));
#8261=DIRECTION('center_axis',(1.,0.,-8.88178419700125E-17));
#8262=DIRECTION('ref_axis',(8.88178419700125E-17,0.,1.));
#8263=DIRECTION('center_axis',(0.,1.,0.));
#8264=DIRECTION('ref_axis',(0.,0.,1.));
#8265=DIRECTION('',(-8.88178419700125E-17,0.,-1.));
#8266=DIRECTION('',(1.,0.,0.));
#8267=DIRECTION('',(0.,0.,1.));
#8268=DIRECTION('',(1.,0.,0.));
#8269=DIRECTION('center_axis',(0.,0.,-1.));
#8270=DIRECTION('ref_axis',(0.,1.,0.));
#8271=DIRECTION('',(0.,-1.,0.));
#8272=DIRECTION('',(0.,1.,0.));
#8273=DIRECTION('',(1.,0.,0.));
#8274=DIRECTION('center_axis',(0.,-1.,0.));
#8275=DIRECTION('ref_axis',(0.,0.,-1.));
#8276=DIRECTION('',(8.88178419700125E-17,0.,1.));
#8277=DIRECTION('',(0.,0.,-1.));
#8278=DIRECTION('',(1.,0.,0.));
#8279=DIRECTION('center_axis',(0.,0.,1.));
#8280=DIRECTION('ref_axis',(0.,-1.,0.));
#8281=DIRECTION('',(0.,1.,0.));
#8282=DIRECTION('',(0.,-1.,0.));
#8283=DIRECTION('center_axis',(1.,0.,0.));
#8284=DIRECTION('ref_axis',(0.,0.,-1.));
#8285=DIRECTION('',(1.,0.,0.));
#8286=DIRECTION('',(1.,0.,0.));
#8287=DIRECTION('',(1.,0.,0.));
#8288=DIRECTION('',(1.,0.,0.));
#8289=DIRECTION('',(1.,0.,0.));
#8290=DIRECTION('center_axis',(0.,1.,0.));
#8291=DIRECTION('ref_axis',(0.,0.,1.));
#8292=DIRECTION('',(-8.88178419700125E-17,0.,-1.));
#8293=DIRECTION('',(0.,0.,1.));
#8294=DIRECTION('',(1.,0.,0.));
#8295=DIRECTION('',(1.,0.,0.));
#8296=DIRECTION('',(1.,0.,0.));
#8297=DIRECTION('',(1.,0.,0.));
#8298=DIRECTION('',(1.,0.,0.));
#8299=DIRECTION('center_axis',(0.,-1.,0.));
#8300=DIRECTION('ref_axis',(0.,0.,-1.));
#8301=DIRECTION('',(8.88178419700125E-17,0.,1.));
#8302=DIRECTION('',(0.,0.,-1.));
#8303=DIRECTION('center_axis',(0.,1.,0.));
#8304=DIRECTION('ref_axis',(0.,0.,1.));
#8305=DIRECTION('',(-8.88178419700125E-17,0.,-1.));
#8306=DIRECTION('',(1.,0.,0.));
#8307=DIRECTION('',(0.,0.,1.));
#8308=DIRECTION('',(1.,0.,0.));
#8309=DIRECTION('center_axis',(0.,0.,-1.));
#8310=DIRECTION('ref_axis',(0.,1.,0.));
#8311=DIRECTION('',(0.,-1.,0.));
#8312=DIRECTION('',(0.,1.,0.));
#8313=DIRECTION('',(1.,0.,0.));
#8314=DIRECTION('center_axis',(0.,-1.,0.));
#8315=DIRECTION('ref_axis',(0.,0.,-1.));
#8316=DIRECTION('',(8.88178419700125E-17,0.,1.));
#8317=DIRECTION('',(0.,0.,-1.));
#8318=DIRECTION('',(1.,0.,0.));
#8319=DIRECTION('',(1.,0.,0.));
#8320=DIRECTION('',(1.,0.,0.));
#8321=DIRECTION('',(1.,0.,0.));
#8322=DIRECTION('',(1.,0.,0.));
#8323=DIRECTION('',(1.,0.,0.));
#8324=DIRECTION('center_axis',(0.,-1.,0.));
#8325=DIRECTION('ref_axis',(0.,0.,-1.));
#8326=DIRECTION('',(8.88178419700125E-17,0.,1.));
#8327=DIRECTION('',(0.,0.,-1.));
#8328=DIRECTION('',(1.,0.,0.));
#8329=DIRECTION('',(1.,0.,0.));
#8330=DIRECTION('',(1.,0.,0.));
#8331=DIRECTION('',(1.,0.,0.));
#8332=DIRECTION('',(1.,0.,0.));
#8333=DIRECTION('',(1.,0.,0.));
#8334=DIRECTION('center_axis',(0.,-1.,0.));
#8335=DIRECTION('ref_axis',(0.,0.,-1.));
#8336=DIRECTION('',(8.88178419700125E-17,0.,1.));
#8337=DIRECTION('',(0.,0.,-1.));
#8338=DIRECTION('',(1.,0.,0.));
#8339=DIRECTION('center_axis',(0.,0.,1.));
#8340=DIRECTION('ref_axis',(0.,-1.,0.));
#8341=DIRECTION('',(0.,1.,0.));
#8342=DIRECTION('',(0.,-1.,0.));
#8343=DIRECTION('center_axis',(1.,0.,0.));
#8344=DIRECTION('ref_axis',(0.,1.,0.));
#8345=DIRECTION('center_axis',(1.,0.,-8.88178419700125E-17));
#8346=DIRECTION('ref_axis',(8.88178419700125E-17,0.,1.));
#8347=DIRECTION('center_axis',(0.,1.,0.));
#8348=DIRECTION('ref_axis',(0.,0.,1.));
#8349=DIRECTION('',(-8.88178419700125E-17,0.,-1.));
#8350=DIRECTION('',(1.,0.,0.));
#8351=DIRECTION('',(0.,0.,1.));
#8352=DIRECTION('',(1.,0.,0.));
#8353=DIRECTION('center_axis',(0.,0.,1.));
#8354=DIRECTION('ref_axis',(0.,-1.,0.));
#8355=DIRECTION('',(0.,1.,0.));
#8356=DIRECTION('',(0.,-1.,0.));
#8357=DIRECTION('',(1.,0.,0.));
#8358=DIRECTION('center_axis',(0.,1.,0.));
#8359=DIRECTION('ref_axis',(0.,0.,1.));
#8360=DIRECTION('',(-8.88178419700125E-17,0.,-1.));
#8361=DIRECTION('',(0.,0.,1.));
#8362=DIRECTION('',(1.,0.,0.));
#8363=DIRECTION('center_axis',(0.,0.,-1.));
#8364=DIRECTION('ref_axis',(0.,1.,0.));
#8365=DIRECTION('',(0.,-1.,0.));
#8366=DIRECTION('',(0.,1.,0.));
#8367=DIRECTION('',(1.,0.,0.));
#8368=DIRECTION('center_axis',(0.,1.,0.));
#8369=DIRECTION('ref_axis',(0.,0.,1.));
#8370=DIRECTION('',(-8.88178419700125E-17,0.,-1.));
#8371=DIRECTION('',(0.,0.,1.));
#8372=DIRECTION('',(1.,0.,0.));
#8373=DIRECTION('',(1.,0.,0.));
#8374=DIRECTION('',(1.,0.,0.));
#8375=DIRECTION('center_axis',(0.,1.,0.));
#8376=DIRECTION('ref_axis',(0.,0.,1.));
#8377=DIRECTION('',(-8.88178419700125E-17,0.,-1.));
#8378=DIRECTION('',(0.,0.,1.));
#8379=DIRECTION('',(1.,0.,0.));
#8380=DIRECTION('center_axis',(0.,0.,-1.));
#8381=DIRECTION('ref_axis',(0.,1.,0.));
#8382=DIRECTION('',(0.,-1.,0.));
#8383=DIRECTION('',(0.,1.,0.));
#8384=DIRECTION('',(1.,0.,0.));
#8385=DIRECTION('',(1.,0.,0.));
#8386=DIRECTION('',(1.,0.,0.));
#8387=DIRECTION('',(1.,0.,0.));
#8388=DIRECTION('',(1.,0.,0.));
#8389=DIRECTION('center_axis',(0.,-1.,0.));
#8390=DIRECTION('ref_axis',(0.,0.,-1.));
#8391=DIRECTION('',(8.88178419700125E-17,0.,1.));
#8392=DIRECTION('',(0.,0.,-1.));
#8393=DIRECTION('',(1.,0.,0.));
#8394=DIRECTION('center_axis',(0.,0.,-1.));
#8395=DIRECTION('ref_axis',(0.,1.,0.));
#8396=DIRECTION('',(0.,-1.,0.));
#8397=DIRECTION('',(0.,1.,0.));
#8398=DIRECTION('',(1.,0.,0.));
#8399=DIRECTION('center_axis',(0.,-1.,0.));
#8400=DIRECTION('ref_axis',(0.,0.,-1.));
#8401=DIRECTION('',(8.88178419700125E-17,0.,1.));
#8402=DIRECTION('',(0.,0.,-1.));
#8403=DIRECTION('',(1.,0.,0.));
#8404=DIRECTION('center_axis',(0.,0.,1.));
#8405=DIRECTION('ref_axis',(0.,-1.,0.));
#8406=DIRECTION('',(0.,1.,0.));
#8407=DIRECTION('',(0.,-1.,0.));
#8408=DIRECTION('',(1.,0.,0.));
#8409=DIRECTION('center_axis',(0.,-1.,0.));
#8410=DIRECTION('ref_axis',(0.,0.,-1.));
#8411=DIRECTION('',(8.88178419700125E-17,0.,1.));
#8412=DIRECTION('',(0.,0.,-1.));
#8413=DIRECTION('',(1.,0.,0.));
#8414=DIRECTION('center_axis',(0.,0.,1.));
#8415=DIRECTION('ref_axis',(0.,-1.,0.));
#8416=DIRECTION('',(0.,1.,0.));
#8417=DIRECTION('',(0.,-1.,0.));
#8418=DIRECTION('center_axis',(1.,0.,0.));
#8419=DIRECTION('ref_axis',(0.,1.,0.));
#8420=DIRECTION('center_axis',(0.,0.,-1.));
#8421=DIRECTION('ref_axis',(0.,1.,0.));
#8422=DIRECTION('',(0.,-1.,0.));
#8423=DIRECTION('',(1.,0.,0.));
#8424=DIRECTION('',(0.,1.,0.));
#8425=DIRECTION('',(1.,0.,0.));
#8426=DIRECTION('center_axis',(0.,-1.,0.));
#8427=DIRECTION('ref_axis',(0.,0.,-1.));
#8428=DIRECTION('',(8.88178419700125E-17,0.,1.));
#8429=DIRECTION('',(0.,0.,-1.));
#8430=DIRECTION('',(1.,0.,0.));
#8431=DIRECTION('',(1.,0.,0.));
#8432=DIRECTION('',(1.,0.,0.));
#8433=DIRECTION('',(1.,0.,0.));
#8434=DIRECTION('',(1.,0.,0.));
#8435=DIRECTION('',(1.,0.,0.));
#8436=DIRECTION('',(1.,0.,0.));
#8437=DIRECTION('',(1.,0.,0.));
#8438=DIRECTION('',(1.,0.,0.));
#8439=DIRECTION('',(1.,0.,0.));
#8440=DIRECTION('',(1.,0.,0.));
#8441=DIRECTION('',(1.,0.,0.));
#8442=DIRECTION('',(1.,0.,0.));
#8443=DIRECTION('',(1.,0.,0.));
#8444=DIRECTION('',(1.,0.,0.));
#8445=DIRECTION('',(1.,0.,0.));
#8446=DIRECTION('center_axis',(0.,-1.,0.));
#8447=DIRECTION('ref_axis',(0.,0.,-1.));
#8448=DIRECTION('',(8.88178419700125E-17,0.,1.));
#8449=DIRECTION('',(0.,0.,-1.));
#8450=DIRECTION('',(1.,0.,0.));
#8451=DIRECTION('center_axis',(0.,0.,1.));
#8452=DIRECTION('ref_axis',(0.,-1.,0.));
#8453=DIRECTION('',(0.,1.,0.));
#8454=DIRECTION('',(0.,-1.,0.));
#8455=DIRECTION('',(1.,0.,0.));
#8456=DIRECTION('center_axis',(0.,1.,0.));
#8457=DIRECTION('ref_axis',(0.,0.,1.));
#8458=DIRECTION('',(-8.88178419700125E-17,0.,-1.));
#8459=DIRECTION('',(0.,0.,1.));
#8460=DIRECTION('',(1.,0.,0.));
#8461=DIRECTION('',(1.,0.,0.));
#8462=DIRECTION('',(1.,0.,0.));
#8463=DIRECTION('',(1.,0.,0.));
#8464=DIRECTION('',(1.,0.,0.));
#8465=DIRECTION('',(1.,0.,0.));
#8466=DIRECTION('',(1.,0.,0.));
#8467=DIRECTION('',(1.,0.,0.));
#8468=DIRECTION('',(1.,0.,0.));
#8469=DIRECTION('',(1.,0.,0.));
#8470=DIRECTION('',(1.,0.,0.));
#8471=DIRECTION('',(1.,0.,0.));
#8472=DIRECTION('',(1.,0.,0.));
#8473=DIRECTION('',(1.,0.,0.));
#8474=DIRECTION('',(1.,0.,0.));
#8475=DIRECTION('',(1.,0.,0.));
#8476=DIRECTION('center_axis',(0.,1.,0.));
#8477=DIRECTION('ref_axis',(0.,0.,1.));
#8478=DIRECTION('',(-8.88178419700125E-17,0.,-1.));
#8479=DIRECTION('',(0.,0.,1.));
#8480=DIRECTION('center_axis',(1.,0.,0.));
#8481=DIRECTION('ref_axis',(0.,1.,0.));
#8482=DIRECTION('center_axis',(0.,0.,-1.));
#8483=DIRECTION('ref_axis',(0.,1.,0.));
#8484=DIRECTION('',(0.,-1.,0.));
#8485=DIRECTION('',(1.,0.,0.));
#8486=DIRECTION('',(0.,1.,0.));
#8487=DIRECTION('',(1.,0.,0.));
#8488=DIRECTION('center_axis',(0.,-1.,0.));
#8489=DIRECTION('ref_axis',(0.,0.,-1.));
#8490=DIRECTION('',(8.88178419700125E-17,0.,1.));
#8491=DIRECTION('',(0.,0.,-1.));
#8492=DIRECTION('',(1.,0.,0.));
#8493=DIRECTION('',(1.,0.,0.));
#8494=DIRECTION('',(1.,0.,0.));
#8495=DIRECTION('',(1.,0.,0.));
#8496=DIRECTION('',(1.,0.,0.));
#8497=DIRECTION('',(1.,0.,0.));
#8498=DIRECTION('',(1.,0.,0.));
#8499=DIRECTION('',(1.,0.,0.));
#8500=DIRECTION('',(1.,0.,0.));
#8501=DIRECTION('',(1.,0.,0.));
#8502=DIRECTION('',(1.,0.,0.));
#8503=DIRECTION('',(1.,0.,0.));
#8504=DIRECTION('',(1.,0.,0.));
#8505=DIRECTION('',(1.,0.,0.));
#8506=DIRECTION('',(1.,0.,0.));
#8507=DIRECTION('',(1.,0.,0.));
#8508=DIRECTION('center_axis',(0.,-1.,0.));
#8509=DIRECTION('ref_axis',(0.,0.,-1.));
#8510=DIRECTION('',(8.88178419700125E-17,0.,1.));
#8511=DIRECTION('',(0.,0.,-1.));
#8512=DIRECTION('',(1.,0.,0.));
#8513=DIRECTION('center_axis',(0.,0.,1.));
#8514=DIRECTION('ref_axis',(0.,-1.,0.));
#8515=DIRECTION('',(0.,1.,0.));
#8516=DIRECTION('',(0.,-1.,0.));
#8517=DIRECTION('',(1.,0.,0.));
#8518=DIRECTION('center_axis',(0.,1.,0.));
#8519=DIRECTION('ref_axis',(0.,0.,1.));
#8520=DIRECTION('',(-8.88178419700125E-17,0.,-1.));
#8521=DIRECTION('',(0.,0.,1.));
#8522=DIRECTION('',(1.,0.,0.));
#8523=DIRECTION('',(1.,0.,0.));
#8524=DIRECTION('',(1.,0.,0.));
#8525=DIRECTION('',(1.,0.,0.));
#8526=DIRECTION('',(1.,0.,0.));
#8527=DIRECTION('',(1.,0.,0.));
#8528=DIRECTION('',(1.,0.,0.));
#8529=DIRECTION('',(1.,0.,0.));
#8530=DIRECTION('',(1.,0.,0.));
#8531=DIRECTION('',(1.,0.,0.));
#8532=DIRECTION('',(1.,0.,0.));
#8533=DIRECTION('',(1.,0.,0.));
#8534=DIRECTION('',(1.,0.,0.));
#8535=DIRECTION('',(1.,0.,0.));
#8536=DIRECTION('',(1.,0.,0.));
#8537=DIRECTION('',(1.,0.,0.));
#8538=DIRECTION('center_axis',(0.,1.,0.));
#8539=DIRECTION('ref_axis',(0.,0.,1.));
#8540=DIRECTION('',(-8.88178419700125E-17,0.,-1.));
#8541=DIRECTION('',(0.,0.,1.));
#8542=DIRECTION('center_axis',(1.,0.,0.));
#8543=DIRECTION('ref_axis',(0.,1.,0.));
#8544=DIRECTION('center_axis',(0.,0.995822706640423,-0.0913079237489348));
#8545=DIRECTION('ref_axis',(0.,0.0913079237489348,0.995822706640423));
#8546=DIRECTION('',(-8.84468237885393E-17,-0.0913079237489348,-0.995822706640423));
#8547=DIRECTION('',(1.,0.,0.));
#8548=DIRECTION('',(0.,0.0913079237489348,0.995822706640423));
#8549=DIRECTION('',(1.,0.,0.));
#8550=DIRECTION('',(1.,0.,0.));
#8551=DIRECTION('center_axis',(0.,1.,0.));
#8552=DIRECTION('ref_axis',(0.,0.,1.));
#8553=DIRECTION('',(-8.88178419700125E-17,0.,-1.));
#8554=DIRECTION('',(0.,0.,1.));
#8555=DIRECTION('',(1.,0.,0.));
#8556=DIRECTION('',(1.,0.,0.));
#8557=DIRECTION('',(1.,0.,0.));
#8558=DIRECTION('',(1.,0.,0.));
#8559=DIRECTION('center_axis',(0.,1.,0.));
#8560=DIRECTION('ref_axis',(0.,0.,1.));
#8561=DIRECTION('',(-8.88178419700125E-17,0.,-1.));
#8562=DIRECTION('',(0.,0.,1.));
#8563=DIRECTION('',(1.,0.,0.));
#8564=DIRECTION('center_axis',(0.,-5.56142037499939E-17,-1.));
#8565=DIRECTION('ref_axis',(0.,1.,-5.56142037499939E-17));
#8566=DIRECTION('',(4.93953355995504E-33,-1.,5.56142037499939E-17));
#8567=DIRECTION('',(0.,1.,-5.56142037499939E-17));
#8568=DIRECTION('',(1.,0.,0.));
#8569=DIRECTION('center_axis',(0.,-1.,0.));
#8570=DIRECTION('ref_axis',(0.,0.,-1.));
#8571=DIRECTION('',(8.88178419700125E-17,0.,1.));
#8572=DIRECTION('',(0.,0.,-1.));
#8573=DIRECTION('',(1.,0.,0.));
#8574=DIRECTION('center_axis',(0.,0.,1.));
#8575=DIRECTION('ref_axis',(0.,-1.,0.));
#8576=DIRECTION('',(0.,1.,0.));
#8577=DIRECTION('',(0.,-1.,0.));
#8578=DIRECTION('center_axis',(1.,0.,0.));
#8579=DIRECTION('ref_axis',(0.,1.,0.));
#8580=DIRECTION('center_axis',(0.,0.990009079761268,-0.141003624032317));
#8581=DIRECTION('ref_axis',(0.,0.141003624032317,0.990009079761268));
#8582=DIRECTION('',(-8.79304699951138E-17,-0.141003624032317,-0.990009079761268));
#8583=DIRECTION('',(1.,0.,0.));
#8584=DIRECTION('',(0.,0.141003624032317,0.990009079761268));
#8585=DIRECTION('',(1.,0.,0.));
#8586=DIRECTION('center_axis',(0.,-8.5106571590088E-17,-1.));
#8587=DIRECTION('ref_axis',(0.,1.,-8.5106571590088E-17));
#8588=DIRECTION('',(7.558982026098E-33,-1.,8.5106571590088E-17));
#8589=DIRECTION('',(0.,1.,-8.5106571590088E-17));
#8590=DIRECTION('',(1.,0.,0.));
#8591=DIRECTION('center_axis',(0.,-0.988500526252078,-0.151217424919768));
#8592=DIRECTION('ref_axis',(0.,0.151217424919768,-0.988500526252078));
#8593=DIRECTION('',(8.77964835279313E-17,-0.151217424919768,0.988500526252078));
#8594=DIRECTION('',(0.,0.151217424919768,-0.988500526252078));
#8595=DIRECTION('',(1.,0.,0.));
#8596=DIRECTION('center_axis',(0.,0.,1.));
#8597=DIRECTION('ref_axis',(0.,-1.,0.));
#8598=DIRECTION('',(0.,1.,0.));
#8599=DIRECTION('',(0.,-1.,0.));
#8600=DIRECTION('',(1.,0.,0.));
#8601=DIRECTION('center_axis',(0.,0.993184011522042,0.116556935688034));
#8602=DIRECTION('ref_axis',(0.,-0.116556935688034,0.993184011522042));
#8603=DIRECTION('',(-8.82124605825078E-17,0.116556935688034,-0.993184011522042));
#8604=DIRECTION('',(0.,-0.116556935688034,0.993184011522042));
#8605=DIRECTION('',(1.,0.,0.));
#8606=DIRECTION('',(1.,0.,0.));
#8607=DIRECTION('',(1.,0.,0.));
#8608=DIRECTION('center_axis',(0.,0.,1.));
#8609=DIRECTION('ref_axis',(0.,-1.,0.));
#8610=DIRECTION('',(0.,1.,0.));
#8611=DIRECTION('',(0.,-1.,0.));
#8612=DIRECTION('center_axis',(1.,0.,0.));
#8613=DIRECTION('ref_axis',(0.,1.,0.));
#8614=DIRECTION('center_axis',(1.,0.,0.));
#8615=DIRECTION('ref_axis',(0.,1.,0.));
#8616=DIRECTION('',(0.,1.,0.));
#8617=DIRECTION('',(0.,0.,1.));
#8618=DIRECTION('',(0.,1.,0.));
#8619=DIRECTION('',(0.,0.,1.));
#8620=DIRECTION('center_axis',(6.34413156928661E-16,-1.,0.));
#8621=DIRECTION('ref_axis',(1.,6.34413156928661E-16,0.));
#8622=DIRECTION('',(1.,6.34413156928661E-16,-3.70074341541719E-17));
#8623=DIRECTION('',(0.,0.,1.));
#8624=DIRECTION('',(1.,6.34413156928661E-16,0.));
#8625=DIRECTION('center_axis',(-1.,0.,0.));
#8626=DIRECTION('ref_axis',(0.,-1.,0.));
#8627=DIRECTION('',(0.,-1.,0.));
#8628=DIRECTION('',(0.,0.,1.));
#8629=DIRECTION('',(0.,-1.,0.));
#8630=DIRECTION('center_axis',(0.,1.,0.));
#8631=DIRECTION('ref_axis',(-1.,0.,0.));
#8632=DIRECTION('',(-1.,0.,3.70074341541719E-17));
#8633=DIRECTION('',(-1.,0.,0.));
#8634=DIRECTION('center_axis',(0.,0.,1.));
#8635=DIRECTION('ref_axis',(1.,0.,0.));
#8636=DIRECTION('center_axis',(0.,0.,-1.));
#8637=DIRECTION('ref_axis',(-1.,0.,0.));
#8638=DIRECTION('center_axis',(0.,0.,-1.));
#8639=DIRECTION('ref_axis',(-1.,0.,0.));
#8640=DIRECTION('center_axis',(-6.34413156928661E-17,0.,-1.));
#8641=DIRECTION('ref_axis',(-1.,0.,0.));
#8642=DIRECTION('',(0.,0.,-1.));
#8643=DIRECTION('center_axis',(-4.71844785465691E-16,1.,0.));
#8644=DIRECTION('ref_axis',(1.,4.71844785465691E-16,-1.54074395550979E-33));
#8645=DIRECTION('',(-1.,-4.71844785465691E-16,3.70074341541719E-17));
#8646=DIRECTION('',(0.,0.,-1.));
#8647=DIRECTION('',(1.,4.71844785465691E-16,-6.34413156928661E-17));
#8648=DIRECTION('',(0.,0.,-1.));
#8649=DIRECTION('center_axis',(0.,0.,-1.));
#8650=DIRECTION('ref_axis',(-4.71844785465691E-16,1.,0.));
#8651=DIRECTION('center_axis',(3.70074341541719E-17,0.,1.));
#8652=DIRECTION('ref_axis',(-4.71844785465691E-16,1.,0.));
#8653=DIRECTION('center_axis',(-6.34413156928661E-17,0.,-1.));
#8654=DIRECTION('ref_axis',(-4.71844785465691E-16,1.,0.));
#8655=DIRECTION('',(0.,0.,-1.));
#8656=DIRECTION('center_axis',(-1.,-4.71844785465691E-16,0.));
#8657=DIRECTION('ref_axis',(-4.71844785465691E-16,1.,0.));
#8658=DIRECTION('',(4.71844785465691E-16,-1.,-1.74617648291109E-32));
#8659=DIRECTION('',(-4.71844785465691E-16,1.,2.99344539927616E-32));
#8660=DIRECTION('',(0.,0.,-1.));
#8661=DIRECTION('center_axis',(0.,0.,-1.));
#8662=DIRECTION('ref_axis',(-1.,-4.71844785465691E-16,0.));
#8663=DIRECTION('center_axis',(3.70074341541719E-17,0.,1.));
#8664=DIRECTION('ref_axis',(-1.,-4.71844785465691E-16,0.));
#8665=DIRECTION('center_axis',(-6.34413156928661E-17,0.,-1.));
#8666=DIRECTION('ref_axis',(-1.,-4.71844785465691E-16,0.));
#8667=DIRECTION('',(0.,0.,-1.));
#8668=DIRECTION('center_axis',(4.71844785465691E-16,-1.,0.));
#8669=DIRECTION('ref_axis',(-1.,-4.71844785465691E-16,1.54074395550979E-33));
#8670=DIRECTION('',(1.,4.71844785465691E-16,-3.70074341541719E-17));
#8671=DIRECTION('',(-1.,-4.71844785465691E-16,6.34413156928661E-17));
#8672=DIRECTION('',(0.,0.,-1.));
#8673=DIRECTION('center_axis',(0.,0.,-1.));
#8674=DIRECTION('ref_axis',(4.71844785465691E-16,-1.,0.));
#8675=DIRECTION('center_axis',(3.70074341541719E-17,0.,1.));
#8676=DIRECTION('ref_axis',(4.71844785465691E-16,-1.,0.));
#8677=DIRECTION('center_axis',(-6.34413156928661E-17,0.,-1.));
#8678=DIRECTION('ref_axis',(4.71844785465691E-16,-1.,0.));
#8679=DIRECTION('',(0.,0.,-1.));
#8680=DIRECTION('center_axis',(1.,4.71844785465691E-16,0.));
#8681=DIRECTION('ref_axis',(4.71844785465691E-16,-1.,0.));
#8682=DIRECTION('',(-4.71844785465691E-16,1.,1.74617648291109E-32));
#8683=DIRECTION('',(4.71844785465691E-16,-1.,-2.99344539927616E-32));
#8684=DIRECTION('',(0.,0.,-1.));
#8685=DIRECTION('center_axis',(0.,0.,-1.));
#8686=DIRECTION('ref_axis',(1.,4.71844785465691E-16,0.));
#8687=DIRECTION('center_axis',(3.70074341541719E-17,0.,1.));
#8688=DIRECTION('ref_axis',(1.,4.71844785465691E-16,0.));
#8689=DIRECTION('center_axis',(-6.34413156928661E-17,0.,-1.));
#8690=DIRECTION('ref_axis',(1.,4.71844785465691E-16,0.));
#8691=DIRECTION('center_axis',(-4.71844785465691E-16,1.,0.));
#8692=DIRECTION('ref_axis',(1.,4.71844785465691E-16,-1.54074395550979E-33));
#8693=DIRECTION('',(-1.,-4.71844785465691E-16,3.70074341541719E-17));
#8694=DIRECTION('',(0.,0.,-1.));
#8695=DIRECTION('',(1.,4.71844785465691E-16,-6.34413156928661E-17));
#8696=DIRECTION('',(0.,0.,-1.));
#8697=DIRECTION('center_axis',(0.,0.,-1.));
#8698=DIRECTION('ref_axis',(-4.71844785465691E-16,1.,0.));
#8699=DIRECTION('center_axis',(3.70074341541719E-17,0.,1.));
#8700=DIRECTION('ref_axis',(-4.71844785465691E-16,1.,0.));
#8701=DIRECTION('center_axis',(-6.34413156928661E-17,0.,-1.));
#8702=DIRECTION('ref_axis',(-4.71844785465691E-16,1.,0.));
#8703=DIRECTION('',(0.,0.,-1.));
#8704=DIRECTION('center_axis',(-1.,-4.71844785465691E-16,0.));
#8705=DIRECTION('ref_axis',(-4.71844785465691E-16,1.,0.));
#8706=DIRECTION('',(4.71844785465691E-16,-1.,-1.74617648291109E-32));
#8707=DIRECTION('',(-4.71844785465691E-16,1.,2.99344539927616E-32));
#8708=DIRECTION('',(0.,0.,-1.));
#8709=DIRECTION('center_axis',(0.,0.,-1.));
#8710=DIRECTION('ref_axis',(-1.,-4.71844785465691E-16,0.));
#8711=DIRECTION('center_axis',(3.70074341541719E-17,0.,1.));
#8712=DIRECTION('ref_axis',(-1.,-4.71844785465691E-16,0.));
#8713=DIRECTION('center_axis',(-6.34413156928661E-17,0.,-1.));
#8714=DIRECTION('ref_axis',(-1.,-4.71844785465691E-16,0.));
#8715=DIRECTION('',(0.,0.,-1.));
#8716=DIRECTION('center_axis',(4.71844785465691E-16,-1.,0.));
#8717=DIRECTION('ref_axis',(-1.,-4.71844785465691E-16,1.54074395550979E-33));
#8718=DIRECTION('',(1.,4.71844785465691E-16,-3.70074341541719E-17));
#8719=DIRECTION('',(-1.,-4.71844785465691E-16,6.34413156928661E-17));
#8720=DIRECTION('',(0.,0.,-1.));
#8721=DIRECTION('center_axis',(0.,0.,-1.));
#8722=DIRECTION('ref_axis',(4.71844785465691E-16,-1.,0.));
#8723=DIRECTION('center_axis',(3.70074341541719E-17,0.,1.));
#8724=DIRECTION('ref_axis',(4.71844785465691E-16,-1.,0.));
#8725=DIRECTION('center_axis',(-6.34413156928661E-17,0.,-1.));
#8726=DIRECTION('ref_axis',(4.71844785465691E-16,-1.,0.));
#8727=DIRECTION('',(0.,0.,-1.));
#8728=DIRECTION('center_axis',(1.,4.71844785465691E-16,0.));
#8729=DIRECTION('ref_axis',(4.71844785465691E-16,-1.,0.));
#8730=DIRECTION('',(-4.71844785465691E-16,1.,1.74617648291109E-32));
#8731=DIRECTION('',(4.71844785465691E-16,-1.,-2.99344539927616E-32));
#8732=DIRECTION('',(0.,0.,-1.));
#8733=DIRECTION('center_axis',(0.,0.,-1.));
#8734=DIRECTION('ref_axis',(1.,4.71844785465691E-16,0.));
#8735=DIRECTION('center_axis',(3.70074341541719E-17,0.,1.));
#8736=DIRECTION('ref_axis',(1.,4.71844785465691E-16,0.));
#8737=DIRECTION('center_axis',(-6.34413156928661E-17,0.,-1.));
#8738=DIRECTION('ref_axis',(1.,4.71844785465691E-16,0.));
#8739=DIRECTION('center_axis',(-4.71844785465691E-16,1.,0.));
#8740=DIRECTION('ref_axis',(1.,4.71844785465691E-16,-1.54074395550979E-33));
#8741=DIRECTION('',(-1.,-4.71844785465691E-16,3.70074341541719E-17));
#8742=DIRECTION('',(0.,0.,-1.));
#8743=DIRECTION('',(1.,4.71844785465691E-16,-6.34413156928661E-17));
#8744=DIRECTION('',(0.,0.,-1.));
#8745=DIRECTION('center_axis',(0.,0.,-1.));
#8746=DIRECTION('ref_axis',(-4.71844785465691E-16,1.,0.));
#8747=DIRECTION('center_axis',(3.70074341541719E-17,0.,1.));
#8748=DIRECTION('ref_axis',(-4.71844785465691E-16,1.,0.));
#8749=DIRECTION('center_axis',(-6.34413156928661E-17,0.,-1.));
#8750=DIRECTION('ref_axis',(-4.71844785465691E-16,1.,0.));
#8751=DIRECTION('',(0.,0.,-1.));
#8752=DIRECTION('center_axis',(-1.,-4.71844785465691E-16,0.));
#8753=DIRECTION('ref_axis',(-4.71844785465691E-16,1.,0.));
#8754=DIRECTION('',(4.71844785465691E-16,-1.,-1.74617648291109E-32));
#8755=DIRECTION('',(-4.71844785465691E-16,1.,2.99344539927616E-32));
#8756=DIRECTION('',(0.,0.,-1.));
#8757=DIRECTION('center_axis',(0.,0.,-1.));
#8758=DIRECTION('ref_axis',(-1.,-4.71844785465691E-16,0.));
#8759=DIRECTION('center_axis',(3.70074341541719E-17,0.,1.));
#8760=DIRECTION('ref_axis',(-1.,-4.71844785465691E-16,0.));
#8761=DIRECTION('center_axis',(-6.34413156928661E-17,0.,-1.));
#8762=DIRECTION('ref_axis',(-1.,-4.71844785465691E-16,0.));
#8763=DIRECTION('',(0.,0.,-1.));
#8764=DIRECTION('center_axis',(4.71844785465691E-16,-1.,0.));
#8765=DIRECTION('ref_axis',(-1.,-4.71844785465691E-16,1.54074395550979E-33));
#8766=DIRECTION('',(1.,4.71844785465691E-16,-3.70074341541719E-17));
#8767=DIRECTION('',(-1.,-4.71844785465691E-16,6.34413156928661E-17));
#8768=DIRECTION('',(0.,0.,-1.));
#8769=DIRECTION('center_axis',(0.,0.,-1.));
#8770=DIRECTION('ref_axis',(4.71844785465691E-16,-1.,0.));
#8771=DIRECTION('center_axis',(3.70074341541719E-17,0.,1.));
#8772=DIRECTION('ref_axis',(4.71844785465691E-16,-1.,0.));
#8773=DIRECTION('center_axis',(-6.34413156928661E-17,0.,-1.));
#8774=DIRECTION('ref_axis',(4.71844785465691E-16,-1.,0.));
#8775=DIRECTION('',(0.,0.,-1.));
#8776=DIRECTION('center_axis',(1.,4.71844785465691E-16,0.));
#8777=DIRECTION('ref_axis',(4.71844785465691E-16,-1.,0.));
#8778=DIRECTION('',(-4.71844785465691E-16,1.,1.74617648291109E-32));
#8779=DIRECTION('',(4.71844785465691E-16,-1.,-2.99344539927616E-32));
#8780=DIRECTION('',(0.,0.,-1.));
#8781=DIRECTION('center_axis',(0.,0.,-1.));
#8782=DIRECTION('ref_axis',(1.,4.71844785465691E-16,0.));
#8783=DIRECTION('center_axis',(3.70074341541719E-17,0.,1.));
#8784=DIRECTION('ref_axis',(1.,4.71844785465691E-16,0.));
#8785=DIRECTION('center_axis',(-6.34413156928661E-17,0.,-1.));
#8786=DIRECTION('ref_axis',(1.,4.71844785465691E-16,0.));
#8787=DIRECTION('center_axis',(0.,-1.,0.));
#8788=DIRECTION('ref_axis',(0.707106781186547,0.,0.707106781186547));
#8789=DIRECTION('center_axis',(0.,1.,0.));
#8790=DIRECTION('ref_axis',(0.707106781186547,0.,0.707106781186547));
#8791=DIRECTION('',(0.,1.,0.));
#8792=DIRECTION('center_axis',(0.,-1.,0.));
#8793=DIRECTION('ref_axis',(1.,0.,0.));
#8794=DIRECTION('',(0.,-1.,0.));
#8795=DIRECTION('center_axis',(-8.88178419700125E-17,0.,-1.));
#8796=DIRECTION('ref_axis',(0.707106781186547,0.707106781186547,0.));
#8797=DIRECTION('center_axis',(0.,0.,1.));
#8798=DIRECTION('ref_axis',(0.707106781186547,0.707106781186547,0.));
#8799=DIRECTION('',(8.88178419700125E-17,0.,1.));
#8800=DIRECTION('center_axis',(0.,0.,-1.));
#8801=DIRECTION('ref_axis',(-8.88178419700125E-16,1.,0.));
#8802=DIRECTION('',(-8.88178419700125E-17,0.,-1.));
#8803=DIRECTION('center_axis',(0.408248290463863,-0.816496580927726,0.408248290463864));
#8804=DIRECTION('ref_axis',(0.577350269189625,0.577350269189626,0.577350269189626));
#8805=DIRECTION('center_axis',(1.,0.,-6.34413156928661E-17));
#8806=DIRECTION('ref_axis',(0.,0.707106781186547,0.707106781186548));
#8807=DIRECTION('center_axis',(6.34413156928661E-17,0.,1.));
#8808=DIRECTION('ref_axis',(-1.,0.,6.34413156928661E-17));
#8809=DIRECTION('',(1.,0.,-6.34413156928661E-17));
#8810=DIRECTION('',(0.,1.,0.));
#8811=DIRECTION('',(-1.,0.,6.34413156928661E-17));
#8812=DIRECTION('center_axis',(1.,0.,-6.34413156928661E-17));
#8813=DIRECTION('ref_axis',(0.,0.707106781186547,0.707106781186547));
#8814=DIRECTION('',(-1.,0.,6.34413156928661E-17));
#8815=DIRECTION('center_axis',(-1.,0.,0.));
#8816=DIRECTION('ref_axis',(0.,1.,0.));
#8817=DIRECTION('center_axis',(0.,1.,0.));
#8818=DIRECTION('ref_axis',(1.,0.,0.));
#8819=DIRECTION('',(1.,0.,0.));
#8820=DIRECTION('',(-8.88178419700125E-17,0.,-1.));
#8821=DIRECTION('',(0.,0.,-1.));
#8822=DIRECTION('',(1.,0.,5.1044736764375E-17));
#8823=DIRECTION('',(0.,0.,1.));
#8824=DIRECTION('',(-1.,0.,5.1044736764375E-17));
#8825=DIRECTION('center_axis',(0.,0.,-1.));
#8826=DIRECTION('ref_axis',(1.,0.,0.));
#8827=DIRECTION('',(0.,-1.,0.));
#8828=DIRECTION('',(1.,0.,0.));
#8829=DIRECTION('',(0.,-1.,0.));
#8830=DIRECTION('center_axis',(0.,0.,-1.));
#8831=DIRECTION('ref_axis',(-0.707106781186547,0.707106781186547,0.));
#8832=DIRECTION('center_axis',(8.88178419700125E-17,0.,1.));
#8833=DIRECTION('ref_axis',(-0.707106781186547,0.707106781186547,0.));
#8834=DIRECTION('',(8.88178419700125E-17,0.,1.));
#8835=DIRECTION('center_axis',(0.,-8.88178419700125E-16,1.));
#8836=DIRECTION('ref_axis',(-1.,0.,0.));
#8837=DIRECTION('center_axis',(1.,0.,0.));
#8838=DIRECTION('ref_axis',(0.,0.979795897113271,0.2));
#8839=DIRECTION('center_axis',(1.,0.,0.));
#8840=DIRECTION('ref_axis',(0.,0.979795897113271,0.2));
#8841=DIRECTION('',(1.,0.,0.));
#8842=DIRECTION('center_axis',(-1.,0.,0.));
#8843=DIRECTION('ref_axis',(0.,0.979795897113271,0.2));
#8844=DIRECTION('',(1.,0.,0.));
#8845=DIRECTION('center_axis',(0.,0.,1.));
#8846=DIRECTION('ref_axis',(1.,0.,0.));
#8847=DIRECTION('',(0.,-1.,0.));
#8848=DIRECTION('',(1.,0.,0.));
#8849=DIRECTION('',(0.,1.,0.));
#8850=DIRECTION('',(1.,0.,0.));
#8851=DIRECTION('',(0.,-1.,0.));
#8852=DIRECTION('',(1.,0.,0.));
#8853=DIRECTION('',(0.,1.,0.));
#8854=DIRECTION('center_axis',(-1.,0.,0.));
#8855=DIRECTION('ref_axis',(0.,-1.,0.));
#8856=DIRECTION('',(0.,1.,0.));
#8857=DIRECTION('',(0.,0.,1.));
#8858=DIRECTION('center_axis',(-1.,0.,0.));
#8859=DIRECTION('ref_axis',(0.,-1.,0.));
#8860=DIRECTION('',(0.,1.,0.));
#8861=DIRECTION('',(0.,0.,1.));
#8862=DIRECTION('',(0.,0.,1.));
#8863=DIRECTION('center_axis',(0.,-1.,0.));
#8864=DIRECTION('ref_axis',(1.,0.,0.));
#8865=DIRECTION('',(-1.,0.,0.));
#8866=DIRECTION('',(0.,0.,1.));
#8867=DIRECTION('center_axis',(1.,0.,0.));
#8868=DIRECTION('ref_axis',(0.,1.,0.));
#8869=DIRECTION('',(0.,-1.,0.));
#8870=DIRECTION('',(0.,0.,1.));
#8871=DIRECTION('center_axis',(1.,0.,0.));
#8872=DIRECTION('ref_axis',(0.,1.,0.));
#8873=DIRECTION('',(0.,0.,1.));
#8874=DIRECTION('',(0.,-1.,0.));
#8875=DIRECTION('center_axis',(0.,0.,-1.));
#8876=DIRECTION('ref_axis',(-1.,0.,0.));
#8877=DIRECTION('',(-1.,0.,0.));
#8878=DIRECTION('center_axis',(0.,0.,-1.));
#8879=DIRECTION('ref_axis',(-1.,0.,0.));
#8880=DIRECTION('',(-1.,0.,0.));
#8881=DIRECTION('',(0.,1.,0.));
#8882=DIRECTION('',(-1.,0.,0.));
#8883=DIRECTION('',(0.,1.,0.));
#8884=DIRECTION('',(-1.,0.,0.));
#8885=DIRECTION('center_axis',(-0.408248290463862,-0.816496580927726,0.408248290463863));
#8886=DIRECTION('ref_axis',(-0.577350269189625,0.577350269189625,0.577350269189627));
#8887=DIRECTION('center_axis',(0.,1.,0.));
#8888=DIRECTION('ref_axis',(0.,0.,1.));
#8889=DIRECTION('center_axis',(0.,-1.,0.));
#8890=DIRECTION('ref_axis',(-0.707106781186547,0.,0.707106781186547));
#8891=DIRECTION('center_axis',(0.,1.,0.));
#8892=DIRECTION('ref_axis',(-0.707106781186547,0.,0.707106781186547));
#8893=DIRECTION('',(0.,-1.,0.));
#8894=DIRECTION('center_axis',(1.,0.,-8.88178419700125E-17));
#8895=DIRECTION('ref_axis',(8.88178419700125E-17,0.,1.));
#8896=DIRECTION('',(8.88178419700125E-17,0.,1.));
#8897=DIRECTION('center_axis',(1.,0.,3.33066907387547E-16));
#8898=DIRECTION('ref_axis',(3.33066907387547E-16,0.,-1.));
#8899=DIRECTION('',(3.33066907387547E-16,0.,-1.));
#8900=DIRECTION('',(0.,1.,0.));
#8901=DIRECTION('',(3.33066907387547E-16,0.,-1.));
#8902=DIRECTION('center_axis',(3.70074341541719E-17,0.,1.));
#8903=DIRECTION('ref_axis',(1.,0.,-3.70074341541719E-17));
#8904=DIRECTION('',(1.,0.,-3.70074341541719E-17));
#8905=DIRECTION('',(0.,1.,0.));
#8906=DIRECTION('',(1.,0.,-3.70074341541719E-17));
#8907=DIRECTION('center_axis',(-1.,0.,0.));
#8908=DIRECTION('ref_axis',(0.,0.,1.));
#8909=DIRECTION('',(0.,0.,1.));
#8910=DIRECTION('',(0.,0.,1.));
#8911=DIRECTION('center_axis',(0.,1.,0.));
#8912=DIRECTION('ref_axis',(0.,0.,1.));
#8913=DIRECTION('',(0.,0.,-1.));
#8914=DIRECTION('',(-1.,0.,5.1044736764375E-17));
#8915=DIRECTION('',(0.,0.,1.));
#8916=DIRECTION('',(1.,0.,5.1044736764375E-17));
#8917=DIRECTION('center_axis',(1.,0.,0.));
#8918=DIRECTION('ref_axis',(0.,0.,1.));
#8919=DIRECTION('',(0.,-1.,0.));
#8920=DIRECTION('',(0.,-1.,0.));
#8921=DIRECTION('center_axis',(5.1044736764375E-17,0.,1.));
#8922=DIRECTION('ref_axis',(-1.,0.,5.1044736764375E-17));
#8923=DIRECTION('',(0.,-1.,0.));
#8924=DIRECTION('center_axis',(-1.,0.,0.));
#8925=DIRECTION('ref_axis',(0.,0.,-1.));
#8926=DIRECTION('',(0.,-1.,0.));
#8927=DIRECTION('center_axis',(5.1044736764375E-17,0.,-1.));
#8928=DIRECTION('ref_axis',(1.,0.,5.1044736764375E-17));
#8929=DIRECTION('center_axis',(-1.,0.,8.88178419700125E-17));
#8930=DIRECTION('ref_axis',(-8.88178419700125E-17,0.,-1.));
#8931=DIRECTION('',(-8.88178419700125E-17,0.,-1.));
#8932=DIRECTION('center_axis',(0.,-1.,0.));
#8933=DIRECTION('ref_axis',(0.,0.,-1.));
#8934=CARTESIAN_POINT('',(0.,0.,0.));
#8935=CARTESIAN_POINT('Origin',(35.,-46.7124774679542,10.7146382331848));
#8936=CARTESIAN_POINT('',(35.,-51.0484870895743,10.7146382331848));
#8937=CARTESIAN_POINT('',(35.,-46.7124774679542,10.7146382331848));
#8938=CARTESIAN_POINT('',(35.,-23.3562387339771,10.7146382331848));
#8939=CARTESIAN_POINT('',(37.,-51.0484870895743,10.7146382331848));
#8940=CARTESIAN_POINT('',(35.,-51.0484870895743,10.7146382331848));
#8941=CARTESIAN_POINT('',(37.,-46.7124774679542,10.7146382331848));
#8942=CARTESIAN_POINT('',(37.,-51.0484870895743,10.7146382331848));
#8943=CARTESIAN_POINT('',(35.,-46.7124774679542,10.7146382331848));
#8944=CARTESIAN_POINT('Origin',(35.,-46.7124774679542,8.71340274810791));
#8945=CARTESIAN_POINT('',(35.,-46.7124774679542,8.71340274810791));
#8946=CARTESIAN_POINT('',(35.,-46.7124774679542,-8.14329862594604));
#8947=CARTESIAN_POINT('',(37.,-46.7124774679542,8.71340274810791));
#8948=CARTESIAN_POINT('',(37.,-46.7124774679542,10.7146382331848));
#8949=CARTESIAN_POINT('',(35.,-46.7124774679542,8.71340274810791));
#8950=CARTESIAN_POINT('Origin',(35.,-48.4481170400977,8.71340274810791));
#8951=CARTESIAN_POINT('',(35.,-48.4481170400977,8.71340274810791));
#8952=CARTESIAN_POINT('',(35.,-24.2240585200489,8.71340274810791));
#8953=CARTESIAN_POINT('',(37.,-48.4481170400977,8.71340274810791));
#8954=CARTESIAN_POINT('',(37.,-46.7124774679542,8.71340274810791));
#8955=CARTESIAN_POINT('',(35.,-48.4481170400977,8.71340274810791));
#8956=CARTESIAN_POINT('Origin',(35.,-48.4481170400977,6.81717157363892));
#8957=CARTESIAN_POINT('',(35.,-48.4481170400977,6.81717157363892));
#8958=CARTESIAN_POINT('',(35.,-48.4481170400977,-9.09141421318054));
#8959=CARTESIAN_POINT('',(37.,-48.4481170400977,6.81717157363892));
#8960=CARTESIAN_POINT('',(37.,-48.4481170400977,8.71340274810791));
#8961=CARTESIAN_POINT('',(35.,-48.4481170400977,6.81717157363892));
#8962=CARTESIAN_POINT('Origin',(35.,-46.8236568197608,6.81717157363892));
#8963=CARTESIAN_POINT('',(35.,-46.8236568197608,6.81717157363892));
#8964=CARTESIAN_POINT('',(35.,-23.4118284098804,6.81717157363892));
#8965=CARTESIAN_POINT('',(37.,-46.8236568197608,6.81717157363892));
#8966=CARTESIAN_POINT('',(37.,-48.4481170400977,6.81717157363892));
#8967=CARTESIAN_POINT('',(35.,-46.8236568197608,6.81717157363892));
#8968=CARTESIAN_POINT('Origin',(35.,-46.8236568197608,4.91476178169251));
#8969=CARTESIAN_POINT('',(35.,-46.8236568197608,4.91476178169251));
#8970=CARTESIAN_POINT('',(35.,-46.8236568197608,-10.0426191091537));
#8971=CARTESIAN_POINT('',(37.,-46.8236568197608,4.91476178169251));
#8972=CARTESIAN_POINT('',(37.,-46.8236568197608,6.81717157363892));
#8973=CARTESIAN_POINT('',(35.,-46.8236568197608,4.91476178169251));
#8974=CARTESIAN_POINT('Origin',(35.,-48.4481170400977,4.91476178169251));
#8975=CARTESIAN_POINT('',(35.,-48.4481170400977,4.91476178169251));
#8976=CARTESIAN_POINT('',(35.,-24.2240585200489,4.91476178169251));
#8977=CARTESIAN_POINT('',(37.,-48.4481170400977,4.91476178169251));
#8978=CARTESIAN_POINT('',(37.,-46.8236568197608,4.91476178169251));
#8979=CARTESIAN_POINT('',(35.,-48.4481170400977,4.91476178169251));
#8980=CARTESIAN_POINT('Origin',(35.,-48.4481170400977,2.71587371826172));
#8981=CARTESIAN_POINT('',(35.,-48.4481170400977,2.71587371826172));
#8982=CARTESIAN_POINT('',(35.,-48.4481170400977,-11.1420631408691));
#8983=CARTESIAN_POINT('',(37.,-48.4481170400977,2.71587371826172));
#8984=CARTESIAN_POINT('',(37.,-48.4481170400977,4.91476178169251));
#8985=CARTESIAN_POINT('',(35.,-48.4481170400977,2.71587371826172));
#8986=CARTESIAN_POINT('Origin',(35.,-46.5395310148597,2.71587371826172));
#8987=CARTESIAN_POINT('',(35.,-46.5395310148597,2.71587371826172));
#8988=CARTESIAN_POINT('',(35.,-23.2697655074298,2.71587371826172));
#8989=CARTESIAN_POINT('',(37.,-46.5395310148597,2.71587371826172));
#8990=CARTESIAN_POINT('',(37.,-48.4481170400977,2.71587371826172));
#8991=CARTESIAN_POINT('',(35.,-46.5395310148597,2.71587371826172));
#8992=CARTESIAN_POINT('Origin',(35.,-46.5395310148597,0.714638233184819));
#8993=CARTESIAN_POINT('',(35.,-46.5395310148597,0.714638233184819));
#8994=CARTESIAN_POINT('',(35.,-46.5395310148597,-12.1426808834076));
#8995=CARTESIAN_POINT('',(37.,-46.5395310148597,0.714638233184819));
#8996=CARTESIAN_POINT('',(37.,-46.5395310148597,2.71587371826172));
#8997=CARTESIAN_POINT('',(35.,-46.5395310148597,0.714638233184819));
#8998=CARTESIAN_POINT('Origin',(35.,-51.0484870895743,0.714638233184819));
#8999=CARTESIAN_POINT('',(35.,-51.0484870895743,0.714638233184819));
#9000=CARTESIAN_POINT('',(35.,-25.5242435447872,0.714638233184817));
#9001=CARTESIAN_POINT('',(37.,-51.0484870895743,0.714638233184819));
#9002=CARTESIAN_POINT('',(37.,-46.5395310148597,0.714638233184819));
#9003=CARTESIAN_POINT('',(35.,-51.0484870895743,0.714638233184819));
#9004=CARTESIAN_POINT('Origin',(35.,-51.0484870895743,10.7146382331848));
#9005=CARTESIAN_POINT('',(35.,-51.0484870895743,-7.14268088340759));
#9006=CARTESIAN_POINT('',(37.,-51.0484870895743,0.714638233184819));
#9007=CARTESIAN_POINT('Origin',(37.,-32.5000014528632,-2.10500359535217));
#9008=CARTESIAN_POINT('Origin',(35.,-37.1880796179175,6.60098791122437));
#9009=CARTESIAN_POINT('',(35.,-37.1880796179175,6.0018527507782));
#9010=CARTESIAN_POINT('',(35.,-37.1880796179175,6.60098791122437));
#9011=CARTESIAN_POINT('',(35.,-37.1880796179175,-9.19950604438782));
#9012=CARTESIAN_POINT('',(37.,-37.1880796179175,6.0018527507782));
#9013=CARTESIAN_POINT('',(35.,-37.1880796179175,6.0018527507782));
#9014=CARTESIAN_POINT('',(37.,-37.1880796179175,6.60098791122437));
#9015=CARTESIAN_POINT('',(37.,-37.1880796179175,6.0018527507782));
#9016=CARTESIAN_POINT('',(35.,-37.1880796179175,6.60098791122437));
#9017=CARTESIAN_POINT('Ctrl Pts',(35.,-37.2560217604041,7.42248296737671));
#9018=CARTESIAN_POINT('Ctrl Pts',(37.,-37.2560217604041,7.42248296737671));
#9019=CARTESIAN_POINT('Ctrl Pts',(35.,-37.2365257671141,7.32339601773605));
#9020=CARTESIAN_POINT('Ctrl Pts',(37.,-37.2365257671141,7.32339601773605));
#9021=CARTESIAN_POINT('Ctrl Pts',(35.,-37.183257548266,7.0526642196722));
#9022=CARTESIAN_POINT('Ctrl Pts',(37.,-37.183257548266,7.0526642196722));
#9023=CARTESIAN_POINT('Ctrl Pts',(35.,-37.1862086253572,6.77624108544939));
#9024=CARTESIAN_POINT('Ctrl Pts',(37.,-37.1862086253572,6.77624108544939));
#9025=CARTESIAN_POINT('Ctrl Pts',(35.,-37.1880796179175,6.60098791122437));
#9026=CARTESIAN_POINT('Ctrl Pts',(37.,-37.1880796179175,6.60098791122437));
#9027=CARTESIAN_POINT('',(35.,-37.2560217604041,7.42248296737671));
#9028=CARTESIAN_POINT('Ctrl Pts',(35.,-37.1880796179175,6.60098791122437));
#9029=CARTESIAN_POINT('Ctrl Pts',(35.,-37.1862086253572,6.77624108544939));
#9030=CARTESIAN_POINT('Ctrl Pts',(35.,-37.183257548266,7.0526642196722));
#9031=CARTESIAN_POINT('Ctrl Pts',(35.,-37.2365257671141,7.32339601773605));
#9032=CARTESIAN_POINT('Ctrl Pts',(35.,-37.2560217604041,7.42248296737671));
#9033=CARTESIAN_POINT('',(37.,-37.2560217604041,7.42248296737671));
#9034=CARTESIAN_POINT('Ctrl Pts',(37.,-37.2560217604041,7.42248296737671));
#9035=CARTESIAN_POINT('Ctrl Pts',(37.,-37.2365257671141,7.32339601773605));
#9036=CARTESIAN_POINT('Ctrl Pts',(37.,-37.183257548266,7.0526642196722));
#9037=CARTESIAN_POINT('Ctrl Pts',(37.,-37.1862086253572,6.77624108544939));
#9038=CARTESIAN_POINT('Ctrl Pts',(37.,-37.1880796179175,6.60098791122437));
#9039=CARTESIAN_POINT('',(35.,-37.2560217604041,7.42248296737671));
#9040=CARTESIAN_POINT('Ctrl Pts',(35.,-37.5339725241065,7.60778188705445));
#9041=CARTESIAN_POINT('Ctrl Pts',(37.,-37.5339725241065,7.60778188705445));
#9042=CARTESIAN_POINT('Ctrl Pts',(35.,-37.4701362275656,7.60071694421769));
#9043=CARTESIAN_POINT('Ctrl Pts',(37.,-37.4701362275656,7.60071694421769));
#9044=CARTESIAN_POINT('Ctrl Pts',(35.,-37.3450390398218,7.58687208591073));
#9045=CARTESIAN_POINT('Ctrl Pts',(37.,-37.3450390398218,7.58687208591073));
#9046=CARTESIAN_POINT('Ctrl Pts',(35.,-37.2852841240237,7.47652207296514));
#9047=CARTESIAN_POINT('Ctrl Pts',(37.,-37.2852841240237,7.47652207296514));
#9048=CARTESIAN_POINT('Ctrl Pts',(35.,-37.2560217604041,7.42248296737671));
#9049=CARTESIAN_POINT('Ctrl Pts',(37.,-37.2560217604041,7.42248296737671));
#9050=CARTESIAN_POINT('',(35.,-37.5339725241065,7.60778188705445));
#9051=CARTESIAN_POINT('Ctrl Pts',(35.,-37.2560217604041,7.42248296737671));
#9052=CARTESIAN_POINT('Ctrl Pts',(35.,-37.2852841240237,7.47652207296514));
#9053=CARTESIAN_POINT('Ctrl Pts',(35.,-37.3450390398218,7.58687208591073));
#9054=CARTESIAN_POINT('Ctrl Pts',(35.,-37.4701362275656,7.60071694421769));
#9055=CARTESIAN_POINT('Ctrl Pts',(35.,-37.5339725241065,7.60778188705445));
#9056=CARTESIAN_POINT('',(37.,-37.5339725241065,7.60778188705445));
#9057=CARTESIAN_POINT('Ctrl Pts',(37.,-37.5339725241065,7.60778188705445));
#9058=CARTESIAN_POINT('Ctrl Pts',(37.,-37.4701362275656,7.60071694421769));
#9059=CARTESIAN_POINT('Ctrl Pts',(37.,-37.3450390398218,7.58687208591073));
#9060=CARTESIAN_POINT('Ctrl Pts',(37.,-37.2852841240237,7.47652207296514));
#9061=CARTESIAN_POINT('Ctrl Pts',(37.,-37.2560217604041,7.42248296737671));
#9062=CARTESIAN_POINT('',(35.,-37.5339725241065,7.60778188705445));
#9063=CARTESIAN_POINT('Ctrl Pts',(35.,-37.8551581129432,7.45027780532837));
#9064=CARTESIAN_POINT('Ctrl Pts',(37.,-37.8551581129432,7.45027780532837));
#9065=CARTESIAN_POINT('Ctrl Pts',(35.,-37.8215695783808,7.49599966476747));
#9066=CARTESIAN_POINT('Ctrl Pts',(37.,-37.8215695783808,7.49599966476747));
#9067=CARTESIAN_POINT('Ctrl Pts',(35.,-37.7437398831261,7.60194410184982));
#9068=CARTESIAN_POINT('Ctrl Pts',(37.,-37.7437398831261,7.60194410184982));
#9069=CARTESIAN_POINT('Ctrl Pts',(35.,-37.6099968246359,7.60566614541143));
#9070=CARTESIAN_POINT('Ctrl Pts',(37.,-37.6099968246359,7.60566614541143));
#9071=CARTESIAN_POINT('Ctrl Pts',(35.,-37.5339725241065,7.60778188705445));
#9072=CARTESIAN_POINT('Ctrl Pts',(37.,-37.5339725241065,7.60778188705445));
#9073=CARTESIAN_POINT('',(35.,-37.8551581129432,7.45027780532837));
#9074=CARTESIAN_POINT('Ctrl Pts',(35.,-37.5339725241065,7.60778188705445));
#9075=CARTESIAN_POINT('Ctrl Pts',(35.,-37.6099968246359,7.60566614541143));
#9076=CARTESIAN_POINT('Ctrl Pts',(35.,-37.7437398831261,7.60194410184982));
#9077=CARTESIAN_POINT('Ctrl Pts',(35.,-37.8215695783808,7.49599966476747));
#9078=CARTESIAN_POINT('Ctrl Pts',(35.,-37.8551581129432,7.45027780532837));
#9079=CARTESIAN_POINT('',(37.,-37.8551581129432,7.45027780532837));
#9080=CARTESIAN_POINT('Ctrl Pts',(37.,-37.8551581129432,7.45027780532837));
#9081=CARTESIAN_POINT('Ctrl Pts',(37.,-37.8215695783808,7.49599966476747));
#9082=CARTESIAN_POINT('Ctrl Pts',(37.,-37.7437398831261,7.60194410184982));
#9083=CARTESIAN_POINT('Ctrl Pts',(37.,-37.6099968246359,7.60566614541143));
#9084=CARTESIAN_POINT('Ctrl Pts',(37.,-37.5339725241065,7.60778188705445));
#9085=CARTESIAN_POINT('',(35.,-37.8551581129432,7.45027780532837));
#9086=CARTESIAN_POINT('Ctrl Pts',(35.,-37.916925214231,6.60098791122437));
#9087=CARTESIAN_POINT('Ctrl Pts',(37.,-37.916925214231,6.60098791122437));
#9088=CARTESIAN_POINT('Ctrl Pts',(35.,-37.9196679900652,6.78779396483103));
#9089=CARTESIAN_POINT('Ctrl Pts',(37.,-37.9196679900652,6.78779396483103));
#9090=CARTESIAN_POINT('Ctrl Pts',(35.,-37.9238583890943,7.07319530749033));
#9091=CARTESIAN_POINT('Ctrl Pts',(37.,-37.9238583890943,7.07319530749033));
#9092=CARTESIAN_POINT('Ctrl Pts',(35.,-37.8727976520061,7.35345779494108));
#9093=CARTESIAN_POINT('Ctrl Pts',(37.,-37.8727976520061,7.35345779494108));
#9094=CARTESIAN_POINT('Ctrl Pts',(35.,-37.8551581129432,7.45027780532837));
#9095=CARTESIAN_POINT('Ctrl Pts',(37.,-37.8551581129432,7.45027780532837));
#9096=CARTESIAN_POINT('',(35.,-37.916925214231,6.60098791122437));
#9097=CARTESIAN_POINT('Ctrl Pts',(35.,-37.8551581129432,7.45027780532837));
#9098=CARTESIAN_POINT('Ctrl Pts',(35.,-37.8727976520061,7.35345779494108));
#9099=CARTESIAN_POINT('Ctrl Pts',(35.,-37.9238583890943,7.07319530749033));
#9100=CARTESIAN_POINT('Ctrl Pts',(35.,-37.9196679900652,6.78779396483103));
#9101=CARTESIAN_POINT('Ctrl Pts',(35.,-37.916925214231,6.60098791122437));
#9102=CARTESIAN_POINT('',(37.,-37.916925214231,6.60098791122437));
#9103=CARTESIAN_POINT('Ctrl Pts',(37.,-37.916925214231,6.60098791122437));
#9104=CARTESIAN_POINT('Ctrl Pts',(37.,-37.9196679900652,6.78779396483103));
#9105=CARTESIAN_POINT('Ctrl Pts',(37.,-37.9238583890943,7.07319530749033));
#9106=CARTESIAN_POINT('Ctrl Pts',(37.,-37.8727976520061,7.35345779494108));
#9107=CARTESIAN_POINT('Ctrl Pts',(37.,-37.8551581129432,7.45027780532837));
#9108=CARTESIAN_POINT('',(35.,-37.916925214231,6.60098791122437));
#9109=CARTESIAN_POINT('Origin',(35.,-37.916925214231,6.0018527507782));
#9110=CARTESIAN_POINT('',(35.,-37.916925214231,6.0018527507782));
#9111=CARTESIAN_POINT('',(35.,-37.916925214231,-9.4990736246109));
#9112=CARTESIAN_POINT('',(37.,-37.916925214231,6.0018527507782));
#9113=CARTESIAN_POINT('',(37.,-37.916925214231,6.60098791122437));
#9114=CARTESIAN_POINT('',(35.,-37.916925214231,6.0018527507782));
#9115=CARTESIAN_POINT('Origin',(35.,-37.1880796179175,6.0018527507782));
#9116=CARTESIAN_POINT('',(35.,-18.5940398089588,6.0018527507782));
#9117=CARTESIAN_POINT('',(37.,-37.916925214231,6.0018527507782));
#9118=CARTESIAN_POINT('Origin',(35.,-37.916925214231,4.66769576072693));
#9119=CARTESIAN_POINT('',(35.,-34.686534665525,4.66769576072693));
#9120=CARTESIAN_POINT('',(35.,-37.916925214231,4.66769576072693));
#9121=CARTESIAN_POINT('',(35.,-18.9584626071155,4.66769576072693));
#9122=CARTESIAN_POINT('',(37.,-34.686534665525,4.66769576072693));
#9123=CARTESIAN_POINT('',(35.,-34.686534665525,4.66769576072693));
#9124=CARTESIAN_POINT('',(37.,-37.916925214231,4.66769576072693));
#9125=CARTESIAN_POINT('',(37.,-34.686534665525,4.66769576072693));
#9126=CARTESIAN_POINT('',(35.,-37.916925214231,4.66769576072693));
#9127=CARTESIAN_POINT('Origin',(35.,-37.916925214231,2.89499640464783));
#9128=CARTESIAN_POINT('',(35.,-37.916925214231,2.89499640464783));
#9129=CARTESIAN_POINT('',(35.,-37.916925214231,-11.0525017976761));
#9130=CARTESIAN_POINT('',(37.,-37.916925214231,2.89499640464783));
#9131=CARTESIAN_POINT('',(37.,-37.916925214231,4.66769576072693));
#9132=CARTESIAN_POINT('',(35.,-37.916925214231,2.89499640464783));
#9133=CARTESIAN_POINT('Ctrl Pts',(35.,-37.8366282209754,2.1785044670105));
#9134=CARTESIAN_POINT('Ctrl Pts',(37.,-37.8366282209754,2.1785044670105));
#9135=CARTESIAN_POINT('Ctrl Pts',(35.,-37.859678611206,2.26457080496973));
#9136=CARTESIAN_POINT('Ctrl Pts',(37.,-37.859678611206,2.26457080496973));
#9137=CARTESIAN_POINT('Ctrl Pts',(35.,-37.9223274412462,2.49849115621116));
#9138=CARTESIAN_POINT('Ctrl Pts',(37.,-37.9223274412462,2.49849115621116));
#9139=CARTESIAN_POINT('Ctrl Pts',(35.,-37.9190173948986,2.74143739776698));
#9140=CARTESIAN_POINT('Ctrl Pts',(37.,-37.9190173948986,2.74143739776698));
#9141=CARTESIAN_POINT('Ctrl Pts',(35.,-37.916925214231,2.89499640464783));
#9142=CARTESIAN_POINT('Ctrl Pts',(37.,-37.916925214231,2.89499640464783));
#9143=CARTESIAN_POINT('',(35.,-37.8366282209754,2.1785044670105));
#9144=CARTESIAN_POINT('Ctrl Pts',(35.,-37.916925214231,2.89499640464783));
#9145=CARTESIAN_POINT('Ctrl Pts',(35.,-37.9190173948986,2.74143739776698));
#9146=CARTESIAN_POINT('Ctrl Pts',(35.,-37.9223274412462,2.49849115621116));
#9147=CARTESIAN_POINT('Ctrl Pts',(35.,-37.859678611206,2.26457080496973));
#9148=CARTESIAN_POINT('Ctrl Pts',(35.,-37.8366282209754,2.1785044670105));
#9149=CARTESIAN_POINT('',(37.,-37.8366282209754,2.1785044670105));
#9150=CARTESIAN_POINT('Ctrl Pts',(37.,-37.8366282209754,2.1785044670105));
#9151=CARTESIAN_POINT('Ctrl Pts',(37.,-37.859678611206,2.26457080496973));
#9152=CARTESIAN_POINT('Ctrl Pts',(37.,-37.9223274412462,2.49849115621116));
#9153=CARTESIAN_POINT('Ctrl Pts',(37.,-37.9190173948986,2.74143739776698));
#9154=CARTESIAN_POINT('Ctrl Pts',(37.,-37.916925214231,2.89499640464783));
#9155=CARTESIAN_POINT('',(35.,-37.8366282209754,2.1785044670105));
#9156=CARTESIAN_POINT('Ctrl Pts',(35.,-37.527795098722,2.01791286468506));
#9157=CARTESIAN_POINT('Ctrl Pts',(37.,-37.527795098722,2.01791286468506));
#9158=CARTESIAN_POINT('Ctrl Pts',(35.,-37.5965450216962,2.02233587497514));
#9159=CARTESIAN_POINT('Ctrl Pts',(37.,-37.5965450216962,2.02233587497514));
#9160=CARTESIAN_POINT('Ctrl Pts',(35.,-37.7243891036884,2.03056069422896));
#9161=CARTESIAN_POINT('Ctrl Pts',(37.,-37.7243891036884,2.03056069422896));
#9162=CARTESIAN_POINT('Ctrl Pts',(35.,-37.8011476461655,2.13173708122988));
#9163=CARTESIAN_POINT('Ctrl Pts',(37.,-37.8011476461655,2.13173708122988));
#9164=CARTESIAN_POINT('Ctrl Pts',(35.,-37.8366282209754,2.1785044670105));
#9165=CARTESIAN_POINT('Ctrl Pts',(37.,-37.8366282209754,2.1785044670105));
#9166=CARTESIAN_POINT('',(35.,-37.527795098722,2.01791286468506));
#9167=CARTESIAN_POINT('Ctrl Pts',(35.,-37.8366282209754,2.1785044670105));
#9168=CARTESIAN_POINT('Ctrl Pts',(35.,-37.8011476461655,2.13173708122988));
#9169=CARTESIAN_POINT('Ctrl Pts',(35.,-37.7243891036884,2.03056069422896));
#9170=CARTESIAN_POINT('Ctrl Pts',(35.,-37.5965450216962,2.02233587497514));
#9171=CARTESIAN_POINT('Ctrl Pts',(35.,-37.527795098722,2.01791286468506));
#9172=CARTESIAN_POINT('',(37.,-37.527795098722,2.01791286468506));
#9173=CARTESIAN_POINT('Ctrl Pts',(37.,-37.527795098722,2.01791286468506));
#9174=CARTESIAN_POINT('Ctrl Pts',(37.,-37.5965450216962,2.02233587497514));
#9175=CARTESIAN_POINT('Ctrl Pts',(37.,-37.7243891036884,2.03056069422896));
#9176=CARTESIAN_POINT('Ctrl Pts',(37.,-37.8011476461655,2.13173708122988));
#9177=CARTESIAN_POINT('Ctrl Pts',(37.,-37.8366282209754,2.1785044670105));
#9178=CARTESIAN_POINT('',(35.,-37.527795098722,2.01791286468506));
#9179=CARTESIAN_POINT('Ctrl Pts',(35.,-37.1479299291968,2.23100662231446));
#9180=CARTESIAN_POINT('Ctrl Pts',(37.,-37.1479299291968,2.23100662231446));
#9181=CARTESIAN_POINT('Ctrl Pts',(35.,-37.1903629789985,2.16891904478552));
#9182=CARTESIAN_POINT('Ctrl Pts',(37.,-37.1903629789985,2.16891904478552));
#9183=CARTESIAN_POINT('Ctrl Pts',(35.,-37.2808894386949,2.03646171232663));
#9184=CARTESIAN_POINT('Ctrl Pts',(37.,-37.2808894386949,2.03646171232663));
#9185=CARTESIAN_POINT('Ctrl Pts',(35.,-37.4421325227288,2.02434828649964));
#9186=CARTESIAN_POINT('Ctrl Pts',(37.,-37.4421325227288,2.02434828649964));
#9187=CARTESIAN_POINT('Ctrl Pts',(35.,-37.527795098722,2.01791286468506));
#9188=CARTESIAN_POINT('Ctrl Pts',(37.,-37.527795098722,2.01791286468506));
#9189=CARTESIAN_POINT('',(35.,-37.1479299291968,2.23100662231446));
#9190=CARTESIAN_POINT('Ctrl Pts',(35.,-37.527795098722,2.01791286468506));
#9191=CARTESIAN_POINT('Ctrl Pts',(35.,-37.4421325227288,2.02434828649964));
#9192=CARTESIAN_POINT('Ctrl Pts',(35.,-37.2808894386949,2.03646171232663));
#9193=CARTESIAN_POINT('Ctrl Pts',(35.,-37.1903629789985,2.16891904478552));
#9194=CARTESIAN_POINT('Ctrl Pts',(35.,-37.1479299291968,2.23100662231446));
#9195=CARTESIAN_POINT('',(37.,-37.1479299291968,2.23100662231446));
#9196=CARTESIAN_POINT('Ctrl Pts',(37.,-37.1479299291968,2.23100662231446));
#9197=CARTESIAN_POINT('Ctrl Pts',(37.,-37.1903629789985,2.16891904478552));
#9198=CARTESIAN_POINT('Ctrl Pts',(37.,-37.2808894386949,2.03646171232663));
#9199=CARTESIAN_POINT('Ctrl Pts',(37.,-37.4421325227288,2.02434828649964));
#9200=CARTESIAN_POINT('Ctrl Pts',(37.,-37.527795098722,2.01791286468506));
#9201=CARTESIAN_POINT('',(35.,-37.1479299291968,2.23100662231446));
#9202=CARTESIAN_POINT('Ctrl Pts',(35.,-37.0521929487586,3.05558919906616));
#9203=CARTESIAN_POINT('Ctrl Pts',(37.,-37.0521929487586,3.05558919906616));
#9204=CARTESIAN_POINT('Ctrl Pts',(35.,-37.0508695389901,2.8836844269582));
#9205=CARTESIAN_POINT('Ctrl Pts',(37.,-37.0508695389901,2.8836844269582));
#9206=CARTESIAN_POINT('Ctrl Pts',(35.,-37.0487175763003,2.60415448499526));
#9207=CARTESIAN_POINT('Ctrl Pts',(37.,-37.0487175763003,2.60415448499526));
#9208=CARTESIAN_POINT('Ctrl Pts',(35.,-37.1203499076337,2.3347379198646));
#9209=CARTESIAN_POINT('Ctrl Pts',(37.,-37.1203499076337,2.3347379198646));
#9210=CARTESIAN_POINT('Ctrl Pts',(35.,-37.1479299291968,2.23100662231446));
#9211=CARTESIAN_POINT('Ctrl Pts',(37.,-37.1479299291968,2.23100662231446));
#9212=CARTESIAN_POINT('',(35.,-37.0521929487586,3.05558919906616));
#9213=CARTESIAN_POINT('Ctrl Pts',(35.,-37.1479299291968,2.23100662231446));
#9214=CARTESIAN_POINT('Ctrl Pts',(35.,-37.1203499076337,2.3347379198646));
#9215=CARTESIAN_POINT('Ctrl Pts',(35.,-37.0487175763003,2.60415448499526));
#9216=CARTESIAN_POINT('Ctrl Pts',(35.,-37.0508695389901,2.8836844269582));
#9217=CARTESIAN_POINT('Ctrl Pts',(35.,-37.0521929487586,3.05558919906616));
#9218=CARTESIAN_POINT('',(37.,-37.0521929487586,3.05558919906616));
#9219=CARTESIAN_POINT('Ctrl Pts',(37.,-37.0521929487586,3.05558919906616));
#9220=CARTESIAN_POINT('Ctrl Pts',(37.,-37.0508695389901,2.8836844269582));
#9221=CARTESIAN_POINT('Ctrl Pts',(37.,-37.0487175763003,2.60415448499526));
#9222=CARTESIAN_POINT('Ctrl Pts',(37.,-37.1203499076337,2.3347379198646));
#9223=CARTESIAN_POINT('Ctrl Pts',(37.,-37.1479299291968,2.23100662231446));
#9224=CARTESIAN_POINT('',(35.,-37.0521929487586,3.05558919906616));
#9225=CARTESIAN_POINT('Origin',(35.,-37.0521929487586,4.13650393486023));
#9226=CARTESIAN_POINT('',(35.,-37.0521929487586,4.13650393486023));
#9227=CARTESIAN_POINT('',(35.,-37.0521929487586,-10.4317480325699));
#9228=CARTESIAN_POINT('',(37.,-37.0521929487586,4.13650393486023));
#9229=CARTESIAN_POINT('',(37.,-37.0521929487586,3.05558919906616));
#9230=CARTESIAN_POINT('',(35.,-37.0521929487586,4.13650393486023));
#9231=CARTESIAN_POINT('Origin',(35.,-34.686534665525,4.13650393486023));
#9232=CARTESIAN_POINT('',(35.,-34.686534665525,4.13650393486023));
#9233=CARTESIAN_POINT('',(35.,-17.3432673327625,4.13650393486023));
#9234=CARTESIAN_POINT('',(37.,-34.686534665525,4.13650393486023));
#9235=CARTESIAN_POINT('',(37.,-37.0521929487586,4.13650393486023));
#9236=CARTESIAN_POINT('',(35.,-34.686534665525,4.13650393486023));
#9237=CARTESIAN_POINT('Origin',(35.,-34.686534665525,3.53119134902954));
#9238=CARTESIAN_POINT('',(35.,-34.686534665525,3.53119134902954));
#9239=CARTESIAN_POINT('',(35.,-34.686534665525,-10.7344043254852));
#9240=CARTESIAN_POINT('',(37.,-34.686534665525,3.53119134902954));
#9241=CARTESIAN_POINT('',(37.,-34.686534665525,4.13650393486023));
#9242=CARTESIAN_POINT('',(35.,-34.686534665525,3.53119134902954));
#9243=CARTESIAN_POINT('Ctrl Pts',(35.,-34.782274030149,2.36380338668824));
#9244=CARTESIAN_POINT('Ctrl Pts',(37.,-34.782274030149,2.36380338668824));
#9245=CARTESIAN_POINT('Ctrl Pts',(35.,-34.7544984965286,2.52868346266013));
#9246=CARTESIAN_POINT('Ctrl Pts',(37.,-34.7544984965286,2.52868346266013));
#9247=CARTESIAN_POINT('Ctrl Pts',(35.,-34.6894484504954,2.91483109454829));
#9248=CARTESIAN_POINT('Ctrl Pts',(37.,-34.6894484504954,2.91483109454829));
#9249=CARTESIAN_POINT('Ctrl Pts',(35.,-34.6875960912051,3.3066653085037));
#9250=CARTESIAN_POINT('Ctrl Pts',(37.,-34.6875960912051,3.3066653085037));
#9251=CARTESIAN_POINT('Ctrl Pts',(35.,-34.686534665525,3.53119134902954));
#9252=CARTESIAN_POINT('Ctrl Pts',(37.,-34.686534665525,3.53119134902954));
#9253=CARTESIAN_POINT('',(35.,-34.782274030149,2.36380338668824));
#9254=CARTESIAN_POINT('Ctrl Pts',(35.,-34.686534665525,3.53119134902954));
#9255=CARTESIAN_POINT('Ctrl Pts',(35.,-34.6875960912051,3.3066653085037));
#9256=CARTESIAN_POINT('Ctrl Pts',(35.,-34.6894484504954,2.91483109454829));
#9257=CARTESIAN_POINT('Ctrl Pts',(35.,-34.7544984965286,2.52868346266013));
#9258=CARTESIAN_POINT('Ctrl Pts',(35.,-34.782274030149,2.36380338668824));
#9259=CARTESIAN_POINT('',(37.,-34.782274030149,2.36380338668824));
#9260=CARTESIAN_POINT('Ctrl Pts',(37.,-34.782274030149,2.36380338668824));
#9261=CARTESIAN_POINT('Ctrl Pts',(37.,-34.7544984965286,2.52868346266013));
#9262=CARTESIAN_POINT('Ctrl Pts',(37.,-34.6894484504954,2.91483109454829));
#9263=CARTESIAN_POINT('Ctrl Pts',(37.,-34.6875960912051,3.3066653085037));
#9264=CARTESIAN_POINT('Ctrl Pts',(37.,-34.686534665525,3.53119134902954));
#9265=CARTESIAN_POINT('',(35.,-34.782274030149,2.36380338668824));
#9266=CARTESIAN_POINT('Ctrl Pts',(35.,-35.2300813421607,1.49289608001709));
#9267=CARTESIAN_POINT('Ctrl Pts',(37.,-35.2300813421607,1.49289608001709));
#9268=CARTESIAN_POINT('Ctrl Pts',(35.,-35.1251612252135,1.63818964569229));
#9269=CARTESIAN_POINT('Ctrl Pts',(37.,-35.1251612252135,1.63818964569229));
#9270=CARTESIAN_POINT('Ctrl Pts',(35.,-34.9316143004009,1.90621377347354));
#9271=CARTESIAN_POINT('Ctrl Pts',(37.,-34.9316143004009,1.90621377347354));
#9272=CARTESIAN_POINT('Ctrl Pts',(35.,-34.8291797123773,2.22008091349173));
#9273=CARTESIAN_POINT('Ctrl Pts',(37.,-34.8291797123773,2.22008091349173));
#9274=CARTESIAN_POINT('Ctrl Pts',(35.,-34.782274030149,2.36380338668824));
#9275=CARTESIAN_POINT('Ctrl Pts',(37.,-34.782274030149,2.36380338668824));
#9276=CARTESIAN_POINT('',(35.,-35.2300813421607,1.49289608001709));
#9277=CARTESIAN_POINT('Ctrl Pts',(35.,-34.782274030149,2.36380338668824));
#9278=CARTESIAN_POINT('Ctrl Pts',(35.,-34.8291797123773,2.22008091349173));
#9279=CARTESIAN_POINT('Ctrl Pts',(35.,-34.9316143004009,1.90621377347354));
#9280=CARTESIAN_POINT('Ctrl Pts',(35.,-35.1251612252135,1.63818964569229));
#9281=CARTESIAN_POINT('Ctrl Pts',(35.,-35.2300813421607,1.49289608001709));
#9282=CARTESIAN_POINT('',(37.,-35.2300813421607,1.49289608001709));
#9283=CARTESIAN_POINT('Ctrl Pts',(37.,-35.2300813421607,1.49289608001709));
#9284=CARTESIAN_POINT('Ctrl Pts',(37.,-35.1251612252135,1.63818964569229));
#9285=CARTESIAN_POINT('Ctrl Pts',(37.,-34.9316143004009,1.90621377347354));
#9286=CARTESIAN_POINT('Ctrl Pts',(37.,-34.8291797123773,2.22008091349173));
#9287=CARTESIAN_POINT('Ctrl Pts',(37.,-34.782274030149,2.36380338668824));
#9288=CARTESIAN_POINT('',(35.,-35.2300813421607,1.49289608001709));
#9289=CARTESIAN_POINT('Ctrl Pts',(35.,-36.122606061399,0.798022747039799));
#9290=CARTESIAN_POINT('Ctrl Pts',(37.,-36.122606061399,0.798022747039799));
#9291=CARTESIAN_POINT('Ctrl Pts',(35.,-35.9504664673684,0.884667674994026));
#9292=CARTESIAN_POINT('Ctrl Pts',(37.,-35.9504664673684,0.884667674994026));
#9293=CARTESIAN_POINT('Ctrl Pts',(35.,-35.6071358038799,1.05748009952641));
#9294=CARTESIAN_POINT('Ctrl Pts',(37.,-35.6071358038799,1.05748009952641));
#9295=CARTESIAN_POINT('Ctrl Pts',(35.,-35.3555344618491,1.34802498403359));
#9296=CARTESIAN_POINT('Ctrl Pts',(37.,-35.3555344618491,1.34802498403359));
#9297=CARTESIAN_POINT('Ctrl Pts',(35.,-35.2300813421607,1.49289608001709));
#9298=CARTESIAN_POINT('Ctrl Pts',(37.,-35.2300813421607,1.49289608001709));
#9299=CARTESIAN_POINT('',(35.,-36.122606061399,0.798022747039799));
#9300=CARTESIAN_POINT('Ctrl Pts',(35.,-35.2300813421607,1.49289608001709));
#9301=CARTESIAN_POINT('Ctrl Pts',(35.,-35.3555344618491,1.34802498403359));
#9302=CARTESIAN_POINT('Ctrl Pts',(35.,-35.6071358038799,1.05748009952641));
#9303=CARTESIAN_POINT('Ctrl Pts',(35.,-35.9504664673684,0.884667674994026));
#9304=CARTESIAN_POINT('Ctrl Pts',(35.,-36.122606061399,0.798022747039799));
#9305=CARTESIAN_POINT('',(37.,-36.122606061399,0.798022747039799));
#9306=CARTESIAN_POINT('Ctrl Pts',(37.,-36.122606061399,0.798022747039799));
#9307=CARTESIAN_POINT('Ctrl Pts',(37.,-35.9504664673684,0.884667674994026));
#9308=CARTESIAN_POINT('Ctrl Pts',(37.,-35.6071358038799,1.05748009952641));
#9309=CARTESIAN_POINT('Ctrl Pts',(37.,-35.3555344618491,1.34802498403359));
#9310=CARTESIAN_POINT('Ctrl Pts',(37.,-35.2300813421607,1.49289608001709));
#9311=CARTESIAN_POINT('',(35.,-36.122606061399,0.798022747039799));
#9312=CARTESIAN_POINT('Ctrl Pts',(35.,-37.4783828482032,0.566399097442631));
#9313=CARTESIAN_POINT('Ctrl Pts',(37.,-37.4783828482032,0.566399097442631));
#9314=CARTESIAN_POINT('Ctrl Pts',(35.,-37.2271254584197,0.572386826166058));
#9315=CARTESIAN_POINT('Ctrl Pts',(37.,-37.2271254584197,0.572386826166058));
#9316=CARTESIAN_POINT('Ctrl Pts',(35.,-36.7633256091063,0.583439665973278));
#9317=CARTESIAN_POINT('Ctrl Pts',(37.,-36.7633256091063,0.583439665973278));
#9318=CARTESIAN_POINT('Ctrl Pts',(35.,-36.3239539687501,0.730589414499376));
#9319=CARTESIAN_POINT('Ctrl Pts',(37.,-36.3239539687501,0.730589414499376));
#9320=CARTESIAN_POINT('Ctrl Pts',(35.,-36.122606061399,0.798022747039799));
#9321=CARTESIAN_POINT('Ctrl Pts',(37.,-36.122606061399,0.798022747039799));
#9322=CARTESIAN_POINT('',(35.,-37.4783828482032,0.566399097442631));
#9323=CARTESIAN_POINT('Ctrl Pts',(35.,-36.122606061399,0.798022747039799));
#9324=CARTESIAN_POINT('Ctrl Pts',(35.,-36.3239539687501,0.730589414499376));
#9325=CARTESIAN_POINT('Ctrl Pts',(35.,-36.7633256091063,0.583439665973278));
#9326=CARTESIAN_POINT('Ctrl Pts',(35.,-37.2271254584197,0.572386826166058));
#9327=CARTESIAN_POINT('Ctrl Pts',(35.,-37.4783828482032,0.566399097442631));
#9328=CARTESIAN_POINT('',(37.,-37.4783828482032,0.566399097442631));
#9329=CARTESIAN_POINT('Ctrl Pts',(37.,-37.4783828482032,0.566399097442631));
#9330=CARTESIAN_POINT('Ctrl Pts',(37.,-37.2271254584197,0.572386826166058));
#9331=CARTESIAN_POINT('Ctrl Pts',(37.,-36.7633256091063,0.583439665973278));
#9332=CARTESIAN_POINT('Ctrl Pts',(37.,-36.3239539687501,0.730589414499376));
#9333=CARTESIAN_POINT('Ctrl Pts',(37.,-36.122606061399,0.798022747039799));
#9334=CARTESIAN_POINT('',(35.,-37.4783828482032,0.566399097442631));
#9335=CARTESIAN_POINT('Ctrl Pts',(35.,-38.8743045553565,0.794935226440434));
#9336=CARTESIAN_POINT('Ctrl Pts',(37.,-38.8743045553565,0.794935226440434));
#9337=CARTESIAN_POINT('Ctrl Pts',(35.,-38.6586888092938,0.72832658051269));
#9338=CARTESIAN_POINT('Ctrl Pts',(37.,-38.6586888092938,0.72832658051269));
#9339=CARTESIAN_POINT('Ctrl Pts',(35.,-38.2042016837129,0.587925090457593));
#9340=CARTESIAN_POINT('Ctrl Pts',(37.,-38.2042016837129,0.587925090457593));
#9341=CARTESIAN_POINT('Ctrl Pts',(35.,-37.7284372504258,0.573815093077168));
#9342=CARTESIAN_POINT('Ctrl Pts',(37.,-37.7284372504258,0.573815093077168));
#9343=CARTESIAN_POINT('Ctrl Pts',(35.,-37.4783828482032,0.566399097442631));
#9344=CARTESIAN_POINT('Ctrl Pts',(37.,-37.4783828482032,0.566399097442631));
#9345=CARTESIAN_POINT('',(35.,-38.8743045553565,0.794935226440434));
#9346=CARTESIAN_POINT('Ctrl Pts',(35.,-37.4783828482032,0.566399097442631));
#9347=CARTESIAN_POINT('Ctrl Pts',(35.,-37.7284372504258,0.573815093077168));
#9348=CARTESIAN_POINT('Ctrl Pts',(35.,-38.2042016837129,0.587925090457593));
#9349=CARTESIAN_POINT('Ctrl Pts',(35.,-38.6586888092938,0.72832658051269));
#9350=CARTESIAN_POINT('Ctrl Pts',(35.,-38.8743045553565,0.794935226440434));
#9351=CARTESIAN_POINT('',(37.,-38.8743045553565,0.794935226440434));
#9352=CARTESIAN_POINT('Ctrl Pts',(37.,-38.8743045553565,0.794935226440434));
#9353=CARTESIAN_POINT('Ctrl Pts',(37.,-38.6586888092938,0.72832658051269));
#9354=CARTESIAN_POINT('Ctrl Pts',(37.,-38.2042016837129,0.587925090457593));
#9355=CARTESIAN_POINT('Ctrl Pts',(37.,-37.7284372504258,0.573815093077168));
#9356=CARTESIAN_POINT('Ctrl Pts',(37.,-37.4783828482032,0.566399097442631));
#9357=CARTESIAN_POINT('',(35.,-38.8743045553565,0.794935226440434));
#9358=CARTESIAN_POINT('Ctrl Pts',(35.,-39.8162439092994,1.42186403274537));
#9359=CARTESIAN_POINT('Ctrl Pts',(37.,-39.8162439092994,1.42186403274537));
#9360=CARTESIAN_POINT('Ctrl Pts',(35.,-39.6876956471851,1.29427017492301));
#9361=CARTESIAN_POINT('Ctrl Pts',(37.,-39.6876956471851,1.29427017492301));
#9362=CARTESIAN_POINT('Ctrl Pts',(35.,-39.4152552295061,1.02385248629267));
#9363=CARTESIAN_POINT('Ctrl Pts',(37.,-39.4152552295061,1.02385248629267));
#9364=CARTESIAN_POINT('Ctrl Pts',(35.,-39.0612670069156,0.874053220282387));
#9365=CARTESIAN_POINT('Ctrl Pts',(37.,-39.0612670069156,0.874053220282387));
#9366=CARTESIAN_POINT('Ctrl Pts',(35.,-38.8743045553565,0.794935226440434));
#9367=CARTESIAN_POINT('Ctrl Pts',(37.,-38.8743045553565,0.794935226440434));
#9368=CARTESIAN_POINT('',(35.,-39.8162439092994,1.42186403274537));
#9369=CARTESIAN_POINT('Ctrl Pts',(35.,-38.8743045553565,0.794935226440434));
#9370=CARTESIAN_POINT('Ctrl Pts',(35.,-39.0612670069156,0.874053220282387));
#9371=CARTESIAN_POINT('Ctrl Pts',(35.,-39.4152552295061,1.02385248629267));
#9372=CARTESIAN_POINT('Ctrl Pts',(35.,-39.6876956471851,1.29427017492301));
#9373=CARTESIAN_POINT('Ctrl Pts',(35.,-39.8162439092994,1.42186403274537));
#9374=CARTESIAN_POINT('',(37.,-39.8162439092994,1.42186403274537));
#9375=CARTESIAN_POINT('Ctrl Pts',(37.,-39.8162439092994,1.42186403274537));
#9376=CARTESIAN_POINT('Ctrl Pts',(37.,-39.6876956471851,1.29427017492301));
#9377=CARTESIAN_POINT('Ctrl Pts',(37.,-39.4152552295061,1.02385248629267));
#9378=CARTESIAN_POINT('Ctrl Pts',(37.,-39.0612670069156,0.874053220282387));
#9379=CARTESIAN_POINT('Ctrl Pts',(37.,-38.8743045553565,0.794935226440434));
#9380=CARTESIAN_POINT('',(35.,-39.8162439092994,1.42186403274537));
#9381=CARTESIAN_POINT('Ctrl Pts',(35.,-40.2825811132789,2.29894876480103));
#9382=CARTESIAN_POINT('Ctrl Pts',(37.,-40.2825811132789,2.29894876480103));
#9383=CARTESIAN_POINT('Ctrl Pts',(35.,-40.2300070613945,2.14188770649579));
#9384=CARTESIAN_POINT('Ctrl Pts',(37.,-40.2300070613945,2.14188770649579));
#9385=CARTESIAN_POINT('Ctrl Pts',(35.,-40.1234689872464,1.82361315706038));
#9386=CARTESIAN_POINT('Ctrl Pts',(37.,-40.1234689872464,1.82361315706038));
#9387=CARTESIAN_POINT('Ctrl Pts',(35.,-39.919539139187,1.55694014186567));
#9388=CARTESIAN_POINT('Ctrl Pts',(37.,-39.919539139187,1.55694014186567));
#9389=CARTESIAN_POINT('Ctrl Pts',(35.,-39.8162439092994,1.42186403274537));
#9390=CARTESIAN_POINT('Ctrl Pts',(37.,-39.8162439092994,1.42186403274537));
#9391=CARTESIAN_POINT('',(35.,-40.2825811132789,2.29894876480103));
#9392=CARTESIAN_POINT('Ctrl Pts',(35.,-39.8162439092994,1.42186403274537));
#9393=CARTESIAN_POINT('Ctrl Pts',(35.,-39.919539139187,1.55694014186567));
#9394=CARTESIAN_POINT('Ctrl Pts',(35.,-40.1234689872464,1.82361315706038));
#9395=CARTESIAN_POINT('Ctrl Pts',(35.,-40.2300070613945,2.14188770649579));
#9396=CARTESIAN_POINT('Ctrl Pts',(35.,-40.2825811132789,2.29894876480103));
#9397=CARTESIAN_POINT('',(37.,-40.2825811132789,2.29894876480103));
#9398=CARTESIAN_POINT('Ctrl Pts',(37.,-40.2825811132789,2.29894876480103));
#9399=CARTESIAN_POINT('Ctrl Pts',(37.,-40.2300070613945,2.14188770649579));
#9400=CARTESIAN_POINT('Ctrl Pts',(37.,-40.1234689872464,1.82361315706038));
#9401=CARTESIAN_POINT('Ctrl Pts',(37.,-39.919539139187,1.55694014186567));
#9402=CARTESIAN_POINT('Ctrl Pts',(37.,-39.8162439092994,1.42186403274537));
#9403=CARTESIAN_POINT('',(35.,-40.2825811132789,2.29894876480103));
#9404=CARTESIAN_POINT('Ctrl Pts',(35.,-40.4122915491462,3.69178533554077));
#9405=CARTESIAN_POINT('Ctrl Pts',(37.,-40.4122915491462,3.69178533554077));
#9406=CARTESIAN_POINT('Ctrl Pts',(35.,-40.4109913370236,3.42238368890123));
#9407=CARTESIAN_POINT('Ctrl Pts',(37.,-40.4109913370236,3.42238368890123));
#9408=CARTESIAN_POINT('Ctrl Pts',(35.,-40.4087303149113,2.95390391581857));
#9409=CARTESIAN_POINT('Ctrl Pts',(37.,-40.4087303149113,2.95390391581857));
#9410=CARTESIAN_POINT('Ctrl Pts',(35.,-40.3202011410414,2.49426851828078));
#9411=CARTESIAN_POINT('Ctrl Pts',(37.,-40.3202011410414,2.49426851828078));
#9412=CARTESIAN_POINT('Ctrl Pts',(35.,-40.2825811132789,2.29894876480103));
#9413=CARTESIAN_POINT('Ctrl Pts',(37.,-40.2825811132789,2.29894876480103));
#9414=CARTESIAN_POINT('',(35.,-40.4122915491462,3.69178533554077));
#9415=CARTESIAN_POINT('Ctrl Pts',(35.,-40.2825811132789,2.29894876480103));
#9416=CARTESIAN_POINT('Ctrl Pts',(35.,-40.3202011410414,2.49426851828078));
#9417=CARTESIAN_POINT('Ctrl Pts',(35.,-40.4087303149113,2.95390391581857));
#9418=CARTESIAN_POINT('Ctrl Pts',(35.,-40.4109913370236,3.42238368890123));
#9419=CARTESIAN_POINT('Ctrl Pts',(35.,-40.4122915491462,3.69178533554077));
#9420=CARTESIAN_POINT('',(37.,-40.4122915491462,3.69178533554077));
#9421=CARTESIAN_POINT('Ctrl Pts',(37.,-40.4122915491462,3.69178533554077));
#9422=CARTESIAN_POINT('Ctrl Pts',(37.,-40.4109913370236,3.42238368890123));
#9423=CARTESIAN_POINT('Ctrl Pts',(37.,-40.4087303149113,2.95390391581857));
#9424=CARTESIAN_POINT('Ctrl Pts',(37.,-40.3202011410414,2.49426851828078));
#9425=CARTESIAN_POINT('Ctrl Pts',(37.,-40.2825811132789,2.29894876480103));
#9426=CARTESIAN_POINT('',(35.,-40.4122915491462,3.69178533554077));
#9427=CARTESIAN_POINT('Origin',(35.,-40.4122915491462,6.08214855194092));
#9428=CARTESIAN_POINT('',(35.,-40.4122915491462,6.08214855194092));
#9429=CARTESIAN_POINT('',(35.,-40.4122915491462,-9.45892572402954));
#9430=CARTESIAN_POINT('',(37.,-40.4122915491462,6.08214855194092));
#9431=CARTESIAN_POINT('',(37.,-40.4122915491462,3.69178533554077));
#9432=CARTESIAN_POINT('',(35.,-40.4122915491462,6.08214855194092));
#9433=CARTESIAN_POINT('Ctrl Pts',(35.,-40.1219871267676,7.77764081954956));
#9434=CARTESIAN_POINT('Ctrl Pts',(37.,-40.1219871267676,7.77764081954956));
#9435=CARTESIAN_POINT('Ctrl Pts',(35.,-40.2063746461286,7.5350620982749));
#9436=CARTESIAN_POINT('Ctrl Pts',(37.,-40.2063746461286,7.5350620982749));
#9437=CARTESIAN_POINT('Ctrl Pts',(35.,-40.3969806767795,6.98714971108013));
#9438=CARTESIAN_POINT('Ctrl Pts',(37.,-40.3969806767795,6.98714971108013));
#9439=CARTESIAN_POINT('Ctrl Pts',(35.,-40.4068125612609,6.40600275621547));
#9440=CARTESIAN_POINT('Ctrl Pts',(37.,-40.4068125612609,6.40600275621547));
#9441=CARTESIAN_POINT('Ctrl Pts',(35.,-40.4122915491462,6.08214855194092));
#9442=CARTESIAN_POINT('Ctrl Pts',(37.,-40.4122915491462,6.08214855194092));
#9443=CARTESIAN_POINT('',(35.,-40.1219871267676,7.77764081954956));
#9444=CARTESIAN_POINT('Ctrl Pts',(35.,-40.4122915491462,6.08214855194092));
#9445=CARTESIAN_POINT('Ctrl Pts',(35.,-40.4068125612609,6.40600275621547));
#9446=CARTESIAN_POINT('Ctrl Pts',(35.,-40.3969806767795,6.98714971108013));
#9447=CARTESIAN_POINT('Ctrl Pts',(35.,-40.2063746461286,7.5350620982749));
#9448=CARTESIAN_POINT('Ctrl Pts',(35.,-40.1219871267676,7.77764081954956));
#9449=CARTESIAN_POINT('',(37.,-40.1219871267676,7.77764081954956));
#9450=CARTESIAN_POINT('Ctrl Pts',(37.,-40.1219871267676,7.77764081954956));
#9451=CARTESIAN_POINT('Ctrl Pts',(37.,-40.2063746461286,7.5350620982749));
#9452=CARTESIAN_POINT('Ctrl Pts',(37.,-40.3969806767795,6.98714971108013));
#9453=CARTESIAN_POINT('Ctrl Pts',(37.,-40.4068125612609,6.40600275621547));
#9454=CARTESIAN_POINT('Ctrl Pts',(37.,-40.4122915491462,6.08214855194092));
#9455=CARTESIAN_POINT('',(35.,-40.1219871267676,7.77764081954956));
#9456=CARTESIAN_POINT('Ctrl Pts',(35.,-39.1707828268409,8.72884511947632));
#9457=CARTESIAN_POINT('Ctrl Pts',(37.,-39.1707828268409,8.72884511947632));
#9458=CARTESIAN_POINT('Ctrl Pts',(35.,-39.3745958385338,8.60879708714704));
#9459=CARTESIAN_POINT('Ctrl Pts',(37.,-39.3745958385338,8.60879708714704));
#9460=CARTESIAN_POINT('Ctrl Pts',(35.,-39.7740397180848,8.37352039226008));
#9461=CARTESIAN_POINT('Ctrl Pts',(37.,-39.7740397180848,8.37352039226008));
#9462=CARTESIAN_POINT('Ctrl Pts',(35.,-40.0075993900573,7.97353627378587));
#9463=CARTESIAN_POINT('Ctrl Pts',(37.,-40.0075993900573,7.97353627378587));
#9464=CARTESIAN_POINT('Ctrl Pts',(35.,-40.1219871267676,7.77764081954956));
#9465=CARTESIAN_POINT('Ctrl Pts',(37.,-40.1219871267676,7.77764081954956));
#9466=CARTESIAN_POINT('',(35.,-39.1707828268409,8.72884511947632));
#9467=CARTESIAN_POINT('Ctrl Pts',(35.,-40.1219871267676,7.77764081954956));
#9468=CARTESIAN_POINT('Ctrl Pts',(35.,-40.0075993900573,7.97353627378587));
#9469=CARTESIAN_POINT('Ctrl Pts',(35.,-39.7740397180848,8.37352039226008));
#9470=CARTESIAN_POINT('Ctrl Pts',(35.,-39.3745958385338,8.60879708714704));
#9471=CARTESIAN_POINT('Ctrl Pts',(35.,-39.1707828268409,8.72884511947632));
#9472=CARTESIAN_POINT('',(37.,-39.1707828268409,8.72884511947632));
#9473=CARTESIAN_POINT('Ctrl Pts',(37.,-39.1707828268409,8.72884511947632));
#9474=CARTESIAN_POINT('Ctrl Pts',(37.,-39.3745958385338,8.60879708714704));
#9475=CARTESIAN_POINT('Ctrl Pts',(37.,-39.7740397180848,8.37352039226008));
#9476=CARTESIAN_POINT('Ctrl Pts',(37.,-40.0075993900573,7.97353627378587));
#9477=CARTESIAN_POINT('Ctrl Pts',(37.,-40.1219871267676,7.77764081954956));
#9478=CARTESIAN_POINT('',(35.,-39.1707828268409,8.72884511947632));
#9479=CARTESIAN_POINT('Ctrl Pts',(35.,-37.6513269171119,9.05929565429688));
#9480=CARTESIAN_POINT('Ctrl Pts',(37.,-37.6513269171119,9.05929565429688));
#9481=CARTESIAN_POINT('Ctrl Pts',(35.,-37.9246071830754,9.0478048645256));
#9482=CARTESIAN_POINT('Ctrl Pts',(37.,-37.9246071830754,9.0478048645256));
#9483=CARTESIAN_POINT('Ctrl Pts',(35.,-38.4506601886598,9.02568557803264));
#9484=CARTESIAN_POINT('Ctrl Pts',(37.,-38.4506601886598,9.02568557803264));
#9485=CARTESIAN_POINT('Ctrl Pts',(35.,-38.9370625457168,8.82518653654109));
#9486=CARTESIAN_POINT('Ctrl Pts',(37.,-38.9370625457168,8.82518653654109));
#9487=CARTESIAN_POINT('Ctrl Pts',(35.,-39.1707828268409,8.72884511947632));
#9488=CARTESIAN_POINT('Ctrl Pts',(37.,-39.1707828268409,8.72884511947632));
#9489=CARTESIAN_POINT('',(35.,-37.6513269171119,9.05929565429688));
#9490=CARTESIAN_POINT('Ctrl Pts',(35.,-39.1707828268409,8.72884511947632));
#9491=CARTESIAN_POINT('Ctrl Pts',(35.,-38.9370625457168,8.82518653654109));
#9492=CARTESIAN_POINT('Ctrl Pts',(35.,-38.4506601886598,9.02568557803264));
#9493=CARTESIAN_POINT('Ctrl Pts',(35.,-37.9246071830754,9.0478048645256));
#9494=CARTESIAN_POINT('Ctrl Pts',(35.,-37.6513269171119,9.05929565429688));
#9495=CARTESIAN_POINT('',(37.,-37.6513269171119,9.05929565429688));
#9496=CARTESIAN_POINT('Ctrl Pts',(37.,-37.6513269171119,9.05929565429688));
#9497=CARTESIAN_POINT('Ctrl Pts',(37.,-37.9246071830754,9.0478048645256));
#9498=CARTESIAN_POINT('Ctrl Pts',(37.,-38.4506601886598,9.02568557803264));
#9499=CARTESIAN_POINT('Ctrl Pts',(37.,-38.9370625457168,8.82518653654109));
#9500=CARTESIAN_POINT('Ctrl Pts',(37.,-39.1707828268409,8.72884511947632));
#9501=CARTESIAN_POINT('',(35.,-37.6513269171119,9.05929565429688));
#9502=CARTESIAN_POINT('Ctrl Pts',(35.,-35.9187772497535,8.66090059280396));
#9503=CARTESIAN_POINT('Ctrl Pts',(37.,-35.9187772497535,8.66090059280396));
#9504=CARTESIAN_POINT('Ctrl Pts',(35.,-36.1729605535677,8.77692820307194));
#9505=CARTESIAN_POINT('Ctrl Pts',(37.,-36.1729605535677,8.77692820307194));
#9506=CARTESIAN_POINT('Ctrl Pts',(35.,-36.7221388907948,9.02761284334231));
#9507=CARTESIAN_POINT('Ctrl Pts',(37.,-36.7221388907948,9.02761284334231));
#9508=CARTESIAN_POINT('Ctrl Pts',(35.,-37.3266236483243,9.0482241467118));
#9509=CARTESIAN_POINT('Ctrl Pts',(37.,-37.3266236483243,9.0482241467118));
#9510=CARTESIAN_POINT('Ctrl Pts',(35.,-37.6513269171119,9.05929565429688));
#9511=CARTESIAN_POINT('Ctrl Pts',(37.,-37.6513269171119,9.05929565429688));
#9512=CARTESIAN_POINT('',(35.,-35.9187772497535,8.66090059280396));
#9513=CARTESIAN_POINT('Ctrl Pts',(35.,-37.6513269171119,9.05929565429688));
#9514=CARTESIAN_POINT('Ctrl Pts',(35.,-37.3266236483243,9.0482241467118));
#9515=CARTESIAN_POINT('Ctrl Pts',(35.,-36.7221388907948,9.02761284334231));
#9516=CARTESIAN_POINT('Ctrl Pts',(35.,-36.1729605535677,8.77692820307194));
#9517=CARTESIAN_POINT('Ctrl Pts',(35.,-35.9187772497535,8.66090059280396));
#9518=CARTESIAN_POINT('',(37.,-35.9187772497535,8.66090059280396));
#9519=CARTESIAN_POINT('Ctrl Pts',(37.,-35.9187772497535,8.66090059280396));
#9520=CARTESIAN_POINT('Ctrl Pts',(37.,-36.1729605535677,8.77692820307194));
#9521=CARTESIAN_POINT('Ctrl Pts',(37.,-36.7221388907948,9.02761284334231));
#9522=CARTESIAN_POINT('Ctrl Pts',(37.,-37.3266236483243,9.0482241467118));
#9523=CARTESIAN_POINT('Ctrl Pts',(37.,-37.6513269171119,9.05929565429688));
#9524=CARTESIAN_POINT('',(35.,-35.9187772497535,8.66090059280396));
#9525=CARTESIAN_POINT('Ctrl Pts',(35.,-34.9613955244422,7.60469436645508));
#9526=CARTESIAN_POINT('Ctrl Pts',(37.,-34.9613955244422,7.60469436645508));
#9527=CARTESIAN_POINT('Ctrl Pts',(35.,-35.073021660903,7.8148883759441));
#9528=CARTESIAN_POINT('Ctrl Pts',(37.,-35.073021660903,7.8148883759441));
#9529=CARTESIAN_POINT('Ctrl Pts',(35.,-35.3026657871295,8.24731236890498));
#9530=CARTESIAN_POINT('Ctrl Pts',(37.,-35.3026657871295,8.24731236890498));
#9531=CARTESIAN_POINT('Ctrl Pts',(35.,-35.7096309754089,8.52050321117946));
#9532=CARTESIAN_POINT('Ctrl Pts',(37.,-35.7096309754089,8.52050321117946));
#9533=CARTESIAN_POINT('Ctrl Pts',(35.,-35.9187772497535,8.66090059280396));
#9534=CARTESIAN_POINT('Ctrl Pts',(37.,-35.9187772497535,8.66090059280396));
#9535=CARTESIAN_POINT('',(35.,-34.9613955244422,7.60469436645508));
#9536=CARTESIAN_POINT('Ctrl Pts',(35.,-35.9187772497535,8.66090059280396));
#9537=CARTESIAN_POINT('Ctrl Pts',(35.,-35.7096309754089,8.52050321117946));
#9538=CARTESIAN_POINT('Ctrl Pts',(35.,-35.3026657871295,8.24731236890498));
#9539=CARTESIAN_POINT('Ctrl Pts',(35.,-35.073021660903,7.8148883759441));
#9540=CARTESIAN_POINT('Ctrl Pts',(35.,-34.9613955244422,7.60469436645508));
#9541=CARTESIAN_POINT('',(37.,-34.9613955244422,7.60469436645508));
#9542=CARTESIAN_POINT('Ctrl Pts',(37.,-34.9613955244422,7.60469436645508));
#9543=CARTESIAN_POINT('Ctrl Pts',(37.,-35.073021660903,7.8148883759441));
#9544=CARTESIAN_POINT('Ctrl Pts',(37.,-35.3026657871295,8.24731236890498));
#9545=CARTESIAN_POINT('Ctrl Pts',(37.,-35.7096309754089,8.52050321117946));
#9546=CARTESIAN_POINT('Ctrl Pts',(37.,-35.9187772497535,8.66090059280396));
#9547=CARTESIAN_POINT('',(35.,-34.9613955244422,7.60469436645508));
#9548=CARTESIAN_POINT('Ctrl Pts',(35.,-34.686534665525,5.75478672981262));
#9549=CARTESIAN_POINT('Ctrl Pts',(37.,-34.686534665525,5.75478672981262));
#9550=CARTESIAN_POINT('Ctrl Pts',(35.,-34.6907419296245,6.11064200019697));
#9551=CARTESIAN_POINT('Ctrl Pts',(37.,-34.6907419296245,6.11064200019697));
#9552=CARTESIAN_POINT('Ctrl Pts',(35.,-34.6981928086341,6.74084597643312));
#9553=CARTESIAN_POINT('Ctrl Pts',(37.,-34.6981928086341,6.74084597643312));
#9554=CARTESIAN_POINT('Ctrl Pts',(35.,-34.8815667583697,7.3426911768701));
#9555=CARTESIAN_POINT('Ctrl Pts',(37.,-34.8815667583697,7.3426911768701));
#9556=CARTESIAN_POINT('Ctrl Pts',(35.,-34.9613955244422,7.60469436645508));
#9557=CARTESIAN_POINT('Ctrl Pts',(37.,-34.9613955244422,7.60469436645508));
#9558=CARTESIAN_POINT('',(35.,-34.686534665525,5.75478672981262));
#9559=CARTESIAN_POINT('Ctrl Pts',(35.,-34.9613955244422,7.60469436645508));
#9560=CARTESIAN_POINT('Ctrl Pts',(35.,-34.8815667583697,7.3426911768701));
#9561=CARTESIAN_POINT('Ctrl Pts',(35.,-34.6981928086341,6.74084597643312));
#9562=CARTESIAN_POINT('Ctrl Pts',(35.,-34.6907419296245,6.11064200019697));
#9563=CARTESIAN_POINT('Ctrl Pts',(35.,-34.686534665525,5.75478672981262));
#9564=CARTESIAN_POINT('',(37.,-34.686534665525,5.75478672981262));
#9565=CARTESIAN_POINT('Ctrl Pts',(37.,-34.686534665525,5.75478672981262));
#9566=CARTESIAN_POINT('Ctrl Pts',(37.,-34.6907419296245,6.11064200019697));
#9567=CARTESIAN_POINT('Ctrl Pts',(37.,-34.6981928086341,6.74084597643312));
#9568=CARTESIAN_POINT('Ctrl Pts',(37.,-34.8815667583697,7.3426911768701));
#9569=CARTESIAN_POINT('Ctrl Pts',(37.,-34.9613955244422,7.60469436645508));
#9570=CARTESIAN_POINT('',(35.,-34.686534665525,5.75478672981262));
#9571=CARTESIAN_POINT('Origin',(35.,-34.686534665525,4.66769576072693));
#9572=CARTESIAN_POINT('',(35.,-34.686534665525,-10.1661521196365));
#9573=CARTESIAN_POINT('',(37.,-34.686534665525,5.75478672981262));
#9574=CARTESIAN_POINT('Origin',(37.,-32.5000014528632,-2.10500359535217));
#9575=CARTESIAN_POINT('Origin',(35.,0.,-25.));
#9576=CARTESIAN_POINT('Origin',(35.,-26.1936357244849,6.60098791122437));
#9577=CARTESIAN_POINT('',(35.,-26.1936357244849,6.0018527507782));
#9578=CARTESIAN_POINT('',(35.,-26.1936357244849,6.60098791122437));
#9579=CARTESIAN_POINT('',(35.,-26.1936357244849,-9.19950604438782));
#9580=CARTESIAN_POINT('',(37.,-26.1936357244849,6.0018527507782));
#9581=CARTESIAN_POINT('',(35.,-26.1936357244849,6.0018527507782));
#9582=CARTESIAN_POINT('',(37.,-26.1936357244849,6.60098791122437));
#9583=CARTESIAN_POINT('',(37.,-26.1936357244849,6.0018527507782));
#9584=CARTESIAN_POINT('',(35.,-26.1936357244849,6.60098791122437));
#9585=CARTESIAN_POINT('Ctrl Pts',(35.,-26.2615802511573,7.42248296737671));
#9586=CARTESIAN_POINT('Ctrl Pts',(37.,-26.2615802511573,7.42248296737671));
#9587=CARTESIAN_POINT('Ctrl Pts',(35.,-26.2420833163842,7.32339604244904));
#9588=CARTESIAN_POINT('Ctrl Pts',(37.,-26.2420833163842,7.32339604244904));
#9589=CARTESIAN_POINT('Ctrl Pts',(35.,-26.188812570042,7.05266454003146));
#9590=CARTESIAN_POINT('Ctrl Pts',(37.,-26.188812570042,7.05266454003146));
#9591=CARTESIAN_POINT('Ctrl Pts',(35.,-26.191764311576,6.77624115757953));
#9592=CARTESIAN_POINT('Ctrl Pts',(37.,-26.191764311576,6.77624115757953));
#9593=CARTESIAN_POINT('Ctrl Pts',(35.,-26.1936357244849,6.60098791122437));
#9594=CARTESIAN_POINT('Ctrl Pts',(37.,-26.1936357244849,6.60098791122437));
#9595=CARTESIAN_POINT('',(35.,-26.2615802511573,7.42248296737671));
#9596=CARTESIAN_POINT('Ctrl Pts',(35.,-26.1936357244849,6.60098791122437));
#9597=CARTESIAN_POINT('Ctrl Pts',(35.,-26.191764311576,6.77624115757953));
#9598=CARTESIAN_POINT('Ctrl Pts',(35.,-26.188812570042,7.05266454003146));
#9599=CARTESIAN_POINT('Ctrl Pts',(35.,-26.2420833163842,7.32339604244904));
#9600=CARTESIAN_POINT('Ctrl Pts',(35.,-26.2615802511573,7.42248296737671));
#9601=CARTESIAN_POINT('',(37.,-26.2615802511573,7.42248296737671));
#9602=CARTESIAN_POINT('Ctrl Pts',(37.,-26.2615802511573,7.42248296737671));
#9603=CARTESIAN_POINT('Ctrl Pts',(37.,-26.2420833163842,7.32339604244904));
#9604=CARTESIAN_POINT('Ctrl Pts',(37.,-26.188812570042,7.05266454003146));
#9605=CARTESIAN_POINT('Ctrl Pts',(37.,-26.191764311576,6.77624115757953));
#9606=CARTESIAN_POINT('Ctrl Pts',(37.,-26.1936357244849,6.60098791122437));
#9607=CARTESIAN_POINT('',(35.,-26.2615802511573,7.42248296737671));
#9608=CARTESIAN_POINT('Ctrl Pts',(35.,-26.5395286306739,7.60778188705445));
#9609=CARTESIAN_POINT('Ctrl Pts',(37.,-26.5395286306739,7.60778188705445));
#9610=CARTESIAN_POINT('Ctrl Pts',(35.,-26.4756943247471,7.60071639018047));
#9611=CARTESIAN_POINT('Ctrl Pts',(37.,-26.4756943247471,7.60071639018047));
#9612=CARTESIAN_POINT('Ctrl Pts',(35.,-26.3505989706822,7.58687021733875));
#9613=CARTESIAN_POINT('Ctrl Pts',(37.,-26.3505989706822,7.58687021733875));
#9614=CARTESIAN_POINT('Ctrl Pts',(35.,-26.2908434264362,7.47652208336181));
#9615=CARTESIAN_POINT('Ctrl Pts',(37.,-26.2908434264362,7.47652208336181));
#9616=CARTESIAN_POINT('Ctrl Pts',(35.,-26.2615802511573,7.42248296737671));
#9617=CARTESIAN_POINT('Ctrl Pts',(37.,-26.2615802511573,7.42248296737671));
#9618=CARTESIAN_POINT('',(35.,-26.5395286306739,7.60778188705445));
#9619=CARTESIAN_POINT('Ctrl Pts',(35.,-26.2615802511573,7.42248296737671));
#9620=CARTESIAN_POINT('Ctrl Pts',(35.,-26.2908434264362,7.47652208336181));
#9621=CARTESIAN_POINT('Ctrl Pts',(35.,-26.3505989706822,7.58687021733875));
#9622=CARTESIAN_POINT('Ctrl Pts',(35.,-26.4756943247471,7.60071639018047));
#9623=CARTESIAN_POINT('Ctrl Pts',(35.,-26.5395286306739,7.60778188705445));
#9624=CARTESIAN_POINT('',(37.,-26.5395286306739,7.60778188705445));
#9625=CARTESIAN_POINT('Ctrl Pts',(37.,-26.5395286306739,7.60778188705445));
#9626=CARTESIAN_POINT('Ctrl Pts',(37.,-26.4756943247471,7.60071639018047));
#9627=CARTESIAN_POINT('Ctrl Pts',(37.,-26.3505989706822,7.58687021733875));
#9628=CARTESIAN_POINT('Ctrl Pts',(37.,-26.2908434264362,7.47652208336181));
#9629=CARTESIAN_POINT('Ctrl Pts',(37.,-26.2615802511573,7.42248296737671));
#9630=CARTESIAN_POINT('',(35.,-26.5395286306739,7.60778188705445));
#9631=CARTESIAN_POINT('Ctrl Pts',(35.,-26.8607142195106,7.45027780532837));
#9632=CARTESIAN_POINT('Ctrl Pts',(37.,-26.8607142195106,7.45027780532837));
#9633=CARTESIAN_POINT('Ctrl Pts',(35.,-26.8271256849482,7.49599966476747));
#9634=CARTESIAN_POINT('Ctrl Pts',(37.,-26.8271256849482,7.49599966476747));
#9635=CARTESIAN_POINT('Ctrl Pts',(35.,-26.7492959896934,7.60194410184982));
#9636=CARTESIAN_POINT('Ctrl Pts',(37.,-26.7492959896934,7.60194410184982));
#9637=CARTESIAN_POINT('Ctrl Pts',(35.,-26.6155529312033,7.60566614541143));
#9638=CARTESIAN_POINT('Ctrl Pts',(37.,-26.6155529312033,7.60566614541143));
#9639=CARTESIAN_POINT('Ctrl Pts',(35.,-26.5395286306739,7.60778188705445));
#9640=CARTESIAN_POINT('Ctrl Pts',(37.,-26.5395286306739,7.60778188705445));
#9641=CARTESIAN_POINT('',(35.,-26.8607142195106,7.45027780532837));
#9642=CARTESIAN_POINT('Ctrl Pts',(35.,-26.5395286306739,7.60778188705445));
#9643=CARTESIAN_POINT('Ctrl Pts',(35.,-26.6155529312033,7.60566614541143));
#9644=CARTESIAN_POINT('Ctrl Pts',(35.,-26.7492959896934,7.60194410184982));
#9645=CARTESIAN_POINT('Ctrl Pts',(35.,-26.8271256849482,7.49599966476747));
#9646=CARTESIAN_POINT('Ctrl Pts',(35.,-26.8607142195106,7.45027780532837));
#9647=CARTESIAN_POINT('',(37.,-26.8607142195106,7.45027780532837));
#9648=CARTESIAN_POINT('Ctrl Pts',(37.,-26.8607142195106,7.45027780532837));
#9649=CARTESIAN_POINT('Ctrl Pts',(37.,-26.8271256849482,7.49599966476747));
#9650=CARTESIAN_POINT('Ctrl Pts',(37.,-26.7492959896934,7.60194410184982));
#9651=CARTESIAN_POINT('Ctrl Pts',(37.,-26.6155529312033,7.60566614541143));
#9652=CARTESIAN_POINT('Ctrl Pts',(37.,-26.5395286306739,7.60778188705445));
#9653=CARTESIAN_POINT('',(35.,-26.8607142195106,7.45027780532837));
#9654=CARTESIAN_POINT('Ctrl Pts',(35.,-26.9224813207984,6.60098791122437));
#9655=CARTESIAN_POINT('Ctrl Pts',(37.,-26.9224813207984,6.60098791122437));
#9656=CARTESIAN_POINT('Ctrl Pts',(35.,-26.9252240966325,6.78779396483103));
#9657=CARTESIAN_POINT('Ctrl Pts',(37.,-26.9252240966325,6.78779396483103));
#9658=CARTESIAN_POINT('Ctrl Pts',(35.,-26.9294144956617,7.07319530749033));
#9659=CARTESIAN_POINT('Ctrl Pts',(37.,-26.9294144956617,7.07319530749033));
#9660=CARTESIAN_POINT('Ctrl Pts',(35.,-26.8783537585735,7.35345779494108));
#9661=CARTESIAN_POINT('Ctrl Pts',(37.,-26.8783537585735,7.35345779494108));
#9662=CARTESIAN_POINT('Ctrl Pts',(35.,-26.8607142195106,7.45027780532837));
#9663=CARTESIAN_POINT('Ctrl Pts',(37.,-26.8607142195106,7.45027780532837));
#9664=CARTESIAN_POINT('',(35.,-26.9224813207984,6.60098791122437));
#9665=CARTESIAN_POINT('Ctrl Pts',(35.,-26.8607142195106,7.45027780532837));
#9666=CARTESIAN_POINT('Ctrl Pts',(35.,-26.8783537585735,7.35345779494108));
#9667=CARTESIAN_POINT('Ctrl Pts',(35.,-26.9294144956617,7.07319530749033));
#9668=CARTESIAN_POINT('Ctrl Pts',(35.,-26.9252240966325,6.78779396483103));
#9669=CARTESIAN_POINT('Ctrl Pts',(35.,-26.9224813207984,6.60098791122437));
#9670=CARTESIAN_POINT('',(37.,-26.9224813207984,6.60098791122437));
#9671=CARTESIAN_POINT('Ctrl Pts',(37.,-26.9224813207984,6.60098791122437));
#9672=CARTESIAN_POINT('Ctrl Pts',(37.,-26.9252240966325,6.78779396483103));
#9673=CARTESIAN_POINT('Ctrl Pts',(37.,-26.9294144956617,7.07319530749033));
#9674=CARTESIAN_POINT('Ctrl Pts',(37.,-26.8783537585735,7.35345779494108));
#9675=CARTESIAN_POINT('Ctrl Pts',(37.,-26.8607142195106,7.45027780532837));
#9676=CARTESIAN_POINT('',(35.,-26.9224813207984,6.60098791122437));
#9677=CARTESIAN_POINT('Origin',(35.,-26.9224813207984,6.0018527507782));
#9678=CARTESIAN_POINT('',(35.,-26.9224813207984,6.0018527507782));
#9679=CARTESIAN_POINT('',(35.,-26.9224813207984,-9.4990736246109));
#9680=CARTESIAN_POINT('',(37.,-26.9224813207984,6.0018527507782));
#9681=CARTESIAN_POINT('',(37.,-26.9224813207984,6.60098791122437));
#9682=CARTESIAN_POINT('',(35.,-26.9224813207984,6.0018527507782));
#9683=CARTESIAN_POINT('Origin',(35.,-26.1936357244849,6.0018527507782));
#9684=CARTESIAN_POINT('',(35.,-13.0968178622425,6.0018527507782));
#9685=CARTESIAN_POINT('',(37.,-26.9224813207984,6.0018527507782));
#9686=CARTESIAN_POINT('Origin',(35.,-26.9224813207984,4.66769576072693));
#9687=CARTESIAN_POINT('',(35.,-23.6920931562781,4.66769576072693));
#9688=CARTESIAN_POINT('',(35.,-26.9224813207984,4.66769576072693));
#9689=CARTESIAN_POINT('',(35.,-13.4612406603992,4.66769576072693));
#9690=CARTESIAN_POINT('',(37.,-23.6920931562781,4.66769576072693));
#9691=CARTESIAN_POINT('',(35.,-23.6920931562781,4.66769576072693));
#9692=CARTESIAN_POINT('',(37.,-26.9224813207984,4.66769576072693));
#9693=CARTESIAN_POINT('',(37.,-23.6920931562781,4.66769576072693));
#9694=CARTESIAN_POINT('',(35.,-26.9224813207984,4.66769576072693));
#9695=CARTESIAN_POINT('Origin',(35.,-26.9224813207984,2.89499640464783));
#9696=CARTESIAN_POINT('',(35.,-26.9224813207984,2.89499640464783));
#9697=CARTESIAN_POINT('',(35.,-26.9224813207984,-11.0525017976761));
#9698=CARTESIAN_POINT('',(37.,-26.9224813207984,2.89499640464783));
#9699=CARTESIAN_POINT('',(37.,-26.9224813207984,4.66769576072693));
#9700=CARTESIAN_POINT('',(35.,-26.9224813207984,2.89499640464783));
#9701=CARTESIAN_POINT('Ctrl Pts',(35.,-26.8421843275428,2.1785044670105));
#9702=CARTESIAN_POINT('Ctrl Pts',(37.,-26.8421843275428,2.1785044670105));
#9703=CARTESIAN_POINT('Ctrl Pts',(35.,-26.8652347177734,2.26457080496972));
#9704=CARTESIAN_POINT('Ctrl Pts',(37.,-26.8652347177734,2.26457080496972));
#9705=CARTESIAN_POINT('Ctrl Pts',(35.,-26.9278835478135,2.49849115621116));
#9706=CARTESIAN_POINT('Ctrl Pts',(37.,-26.9278835478135,2.49849115621116));
#9707=CARTESIAN_POINT('Ctrl Pts',(35.,-26.924573501466,2.74143739776697));
#9708=CARTESIAN_POINT('Ctrl Pts',(37.,-26.924573501466,2.74143739776697));
#9709=CARTESIAN_POINT('Ctrl Pts',(35.,-26.9224813207984,2.89499640464783));
#9710=CARTESIAN_POINT('Ctrl Pts',(37.,-26.9224813207984,2.89499640464783));
#9711=CARTESIAN_POINT('',(35.,-26.8421843275428,2.1785044670105));
#9712=CARTESIAN_POINT('Ctrl Pts',(35.,-26.9224813207984,2.89499640464783));
#9713=CARTESIAN_POINT('Ctrl Pts',(35.,-26.924573501466,2.74143739776697));
#9714=CARTESIAN_POINT('Ctrl Pts',(35.,-26.9278835478135,2.49849115621116));
#9715=CARTESIAN_POINT('Ctrl Pts',(35.,-26.8652347177734,2.26457080496972));
#9716=CARTESIAN_POINT('Ctrl Pts',(35.,-26.8421843275428,2.1785044670105));
#9717=CARTESIAN_POINT('',(37.,-26.8421843275428,2.1785044670105));
#9718=CARTESIAN_POINT('Ctrl Pts',(37.,-26.8421843275428,2.1785044670105));
#9719=CARTESIAN_POINT('Ctrl Pts',(37.,-26.8652347177734,2.26457080496972));
#9720=CARTESIAN_POINT('Ctrl Pts',(37.,-26.9278835478135,2.49849115621116));
#9721=CARTESIAN_POINT('Ctrl Pts',(37.,-26.924573501466,2.74143739776697));
#9722=CARTESIAN_POINT('Ctrl Pts',(37.,-26.9224813207984,2.89499640464783));
#9723=CARTESIAN_POINT('',(35.,-26.8421843275428,2.1785044670105));
#9724=CARTESIAN_POINT('Ctrl Pts',(35.,-26.5333512052894,2.01791286468506));
#9725=CARTESIAN_POINT('Ctrl Pts',(37.,-26.5333512052894,2.01791286468506));
#9726=CARTESIAN_POINT('Ctrl Pts',(35.,-26.6021011282636,2.02233587497513));
#9727=CARTESIAN_POINT('Ctrl Pts',(37.,-26.6021011282636,2.02233587497513));
#9728=CARTESIAN_POINT('Ctrl Pts',(35.,-26.7299452102558,2.03056069422896));
#9729=CARTESIAN_POINT('Ctrl Pts',(37.,-26.7299452102558,2.03056069422896));
#9730=CARTESIAN_POINT('Ctrl Pts',(35.,-26.8067037527329,2.13173708122987));
#9731=CARTESIAN_POINT('Ctrl Pts',(37.,-26.8067037527329,2.13173708122987));
#9732=CARTESIAN_POINT('Ctrl Pts',(35.,-26.8421843275428,2.1785044670105));
#9733=CARTESIAN_POINT('Ctrl Pts',(37.,-26.8421843275428,2.1785044670105));
#9734=CARTESIAN_POINT('',(35.,-26.5333512052894,2.01791286468506));
#9735=CARTESIAN_POINT('Ctrl Pts',(35.,-26.8421843275428,2.1785044670105));
#9736=CARTESIAN_POINT('Ctrl Pts',(35.,-26.8067037527329,2.13173708122987));
#9737=CARTESIAN_POINT('Ctrl Pts',(35.,-26.7299452102558,2.03056069422896));
#9738=CARTESIAN_POINT('Ctrl Pts',(35.,-26.6021011282636,2.02233587497513));
#9739=CARTESIAN_POINT('Ctrl Pts',(35.,-26.5333512052894,2.01791286468506));
#9740=CARTESIAN_POINT('',(37.,-26.5333512052894,2.01791286468506));
#9741=CARTESIAN_POINT('Ctrl Pts',(37.,-26.5333512052894,2.01791286468506));
#9742=CARTESIAN_POINT('Ctrl Pts',(37.,-26.6021011282636,2.02233587497513));
#9743=CARTESIAN_POINT('Ctrl Pts',(37.,-26.7299452102558,2.03056069422896));
#9744=CARTESIAN_POINT('Ctrl Pts',(37.,-26.8067037527329,2.13173708122987));
#9745=CARTESIAN_POINT('Ctrl Pts',(37.,-26.8421843275428,2.1785044670105));
#9746=CARTESIAN_POINT('',(35.,-26.5333512052894,2.01791286468506));
#9747=CARTESIAN_POINT('Ctrl Pts',(35.,-26.15348841995,2.23100662231445));
#9748=CARTESIAN_POINT('Ctrl Pts',(37.,-26.15348841995,2.23100662231445));
#9749=CARTESIAN_POINT('Ctrl Pts',(35.,-26.1959206302556,2.16891905227536));
#9750=CARTESIAN_POINT('Ctrl Pts',(37.,-26.1959206302556,2.16891905227536));
#9751=CARTESIAN_POINT('Ctrl Pts',(35.,-26.2864456554408,2.03646121420849));
#9752=CARTESIAN_POINT('Ctrl Pts',(37.,-26.2864456554408,2.03646121420849));
#9753=CARTESIAN_POINT('Ctrl Pts',(35.,-26.4476884731615,2.02434812828126));
#9754=CARTESIAN_POINT('Ctrl Pts',(37.,-26.4476884731615,2.02434812828126));
#9755=CARTESIAN_POINT('Ctrl Pts',(35.,-26.5333512052894,2.01791286468506));
#9756=CARTESIAN_POINT('Ctrl Pts',(37.,-26.5333512052894,2.01791286468506));
#9757=CARTESIAN_POINT('',(35.,-26.15348841995,2.23100662231445));
#9758=CARTESIAN_POINT('Ctrl Pts',(35.,-26.5333512052894,2.01791286468506));
#9759=CARTESIAN_POINT('Ctrl Pts',(35.,-26.4476884731615,2.02434812828126));
#9760=CARTESIAN_POINT('Ctrl Pts',(35.,-26.2864456554408,2.03646121420849));
#9761=CARTESIAN_POINT('Ctrl Pts',(35.,-26.1959206302556,2.16891905227536));
#9762=CARTESIAN_POINT('Ctrl Pts',(35.,-26.15348841995,2.23100662231445));
#9763=CARTESIAN_POINT('',(37.,-26.15348841995,2.23100662231445));
#9764=CARTESIAN_POINT('Ctrl Pts',(37.,-26.15348841995,2.23100662231445));
#9765=CARTESIAN_POINT('Ctrl Pts',(37.,-26.1959206302556,2.16891905227536));
#9766=CARTESIAN_POINT('Ctrl Pts',(37.,-26.2864456554408,2.03646121420849));
#9767=CARTESIAN_POINT('Ctrl Pts',(37.,-26.4476884731615,2.02434812828126));
#9768=CARTESIAN_POINT('Ctrl Pts',(37.,-26.5333512052894,2.01791286468506));
#9769=CARTESIAN_POINT('',(35.,-26.15348841995,2.23100662231445));
#9770=CARTESIAN_POINT('Ctrl Pts',(35.,-26.057749055326,3.05558919906616));
#9771=CARTESIAN_POINT('Ctrl Pts',(37.,-26.057749055326,3.05558919906616));
#9772=CARTESIAN_POINT('Ctrl Pts',(35.,-26.0564252807434,2.88368434263505));
#9773=CARTESIAN_POINT('Ctrl Pts',(37.,-26.0564252807434,2.88368434263505));
#9774=CARTESIAN_POINT('Ctrl Pts',(35.,-26.0542727234603,2.60415408455942));
#9775=CARTESIAN_POINT('Ctrl Pts',(37.,-26.0542727234603,2.60415408455942));
#9776=CARTESIAN_POINT('Ctrl Pts',(35.,-26.1259074485344,2.33473788515012));
#9777=CARTESIAN_POINT('Ctrl Pts',(37.,-26.1259074485344,2.33473788515012));
#9778=CARTESIAN_POINT('Ctrl Pts',(35.,-26.15348841995,2.23100662231445));
#9779=CARTESIAN_POINT('Ctrl Pts',(37.,-26.15348841995,2.23100662231445));
#9780=CARTESIAN_POINT('',(35.,-26.057749055326,3.05558919906616));
#9781=CARTESIAN_POINT('Ctrl Pts',(35.,-26.15348841995,2.23100662231445));
#9782=CARTESIAN_POINT('Ctrl Pts',(35.,-26.1259074485344,2.33473788515012));
#9783=CARTESIAN_POINT('Ctrl Pts',(35.,-26.0542727234603,2.60415408455942));
#9784=CARTESIAN_POINT('Ctrl Pts',(35.,-26.0564252807434,2.88368434263505));
#9785=CARTESIAN_POINT('Ctrl Pts',(35.,-26.057749055326,3.05558919906616));
#9786=CARTESIAN_POINT('',(37.,-26.057749055326,3.05558919906616));
#9787=CARTESIAN_POINT('Ctrl Pts',(37.,-26.057749055326,3.05558919906616));
#9788=CARTESIAN_POINT('Ctrl Pts',(37.,-26.0564252807434,2.88368434263505));
#9789=CARTESIAN_POINT('Ctrl Pts',(37.,-26.0542727234603,2.60415408455942));
#9790=CARTESIAN_POINT('Ctrl Pts',(37.,-26.1259074485344,2.33473788515012));
#9791=CARTESIAN_POINT('Ctrl Pts',(37.,-26.15348841995,2.23100662231445));
#9792=CARTESIAN_POINT('',(35.,-26.057749055326,3.05558919906616));
#9793=CARTESIAN_POINT('Origin',(35.,-26.057749055326,4.13650393486023));
#9794=CARTESIAN_POINT('',(35.,-26.057749055326,4.13650393486023));
#9795=CARTESIAN_POINT('',(35.,-26.057749055326,-10.4317480325699));
#9796=CARTESIAN_POINT('',(37.,-26.057749055326,4.13650393486023));
#9797=CARTESIAN_POINT('',(37.,-26.057749055326,3.05558919906616));
#9798=CARTESIAN_POINT('',(35.,-26.057749055326,4.13650393486023));
#9799=CARTESIAN_POINT('Origin',(35.,-23.6920931562781,4.13650393486023));
#9800=CARTESIAN_POINT('',(35.,-23.6920931562781,4.13650393486023));
#9801=CARTESIAN_POINT('',(35.,-11.8460465781391,4.13650393486023));
#9802=CARTESIAN_POINT('',(37.,-23.6920931562781,4.13650393486023));
#9803=CARTESIAN_POINT('',(37.,-26.057749055326,4.13650393486023));
#9804=CARTESIAN_POINT('',(35.,-23.6920931562781,4.13650393486023));
#9805=CARTESIAN_POINT('Origin',(35.,-23.6920931562781,3.53119134902954));
#9806=CARTESIAN_POINT('',(35.,-23.6920931562781,3.53119134902954));
#9807=CARTESIAN_POINT('',(35.,-23.6920931562781,-10.7344043254852));
#9808=CARTESIAN_POINT('',(37.,-23.6920931562781,3.53119134902954));
#9809=CARTESIAN_POINT('',(37.,-23.6920931562781,4.13650393486023));
#9810=CARTESIAN_POINT('',(35.,-23.6920931562781,3.53119134902954));
#9811=CARTESIAN_POINT('Ctrl Pts',(35.,-23.7878301367164,2.36380338668823));
#9812=CARTESIAN_POINT('Ctrl Pts',(37.,-23.7878301367164,2.36380338668823));
#9813=CARTESIAN_POINT('Ctrl Pts',(35.,-23.7600555681297,2.52868348710412));
#9814=CARTESIAN_POINT('Ctrl Pts',(37.,-23.7600555681297,2.52868348710412));
#9815=CARTESIAN_POINT('Ctrl Pts',(35.,-23.6950077567596,2.91483132724305));
#9816=CARTESIAN_POINT('Ctrl Pts',(37.,-23.6950077567596,2.91483132724305));
#9817=CARTESIAN_POINT('Ctrl Pts',(35.,-23.6931548792271,3.3066653516764));
#9818=CARTESIAN_POINT('Ctrl Pts',(37.,-23.6931548792271,3.3066653516764));
#9819=CARTESIAN_POINT('Ctrl Pts',(35.,-23.6920931562781,3.53119134902954));
#9820=CARTESIAN_POINT('Ctrl Pts',(37.,-23.6920931562781,3.53119134902954));
#9821=CARTESIAN_POINT('',(35.,-23.7878301367164,2.36380338668823));
#9822=CARTESIAN_POINT('Ctrl Pts',(35.,-23.6920931562781,3.53119134902954));
#9823=CARTESIAN_POINT('Ctrl Pts',(35.,-23.6931548792271,3.3066653516764));
#9824=CARTESIAN_POINT('Ctrl Pts',(35.,-23.6950077567596,2.91483132724305));
#9825=CARTESIAN_POINT('Ctrl Pts',(35.,-23.7600555681297,2.52868348710412));
#9826=CARTESIAN_POINT('Ctrl Pts',(35.,-23.7878301367164,2.36380338668823));
#9827=CARTESIAN_POINT('',(37.,-23.7878301367164,2.36380338668823));
#9828=CARTESIAN_POINT('Ctrl Pts',(37.,-23.7878301367164,2.36380338668823));
#9829=CARTESIAN_POINT('Ctrl Pts',(37.,-23.7600555681297,2.52868348710412));
#9830=CARTESIAN_POINT('Ctrl Pts',(37.,-23.6950077567596,2.91483132724305));
#9831=CARTESIAN_POINT('Ctrl Pts',(37.,-23.6931548792271,3.3066653516764));
#9832=CARTESIAN_POINT('Ctrl Pts',(37.,-23.6920931562781,3.53119134902954));
#9833=CARTESIAN_POINT('',(35.,-23.7878301367164,2.36380338668823));
#9834=CARTESIAN_POINT('Ctrl Pts',(35.,-24.2356374487281,1.49289608001709));
#9835=CARTESIAN_POINT('Ctrl Pts',(37.,-24.2356374487281,1.49289608001709));
#9836=CARTESIAN_POINT('Ctrl Pts',(35.,-24.130716122373,1.63818944366813));
#9837=CARTESIAN_POINT('Ctrl Pts',(37.,-24.130716122373,1.63818944366813));
#9838=CARTESIAN_POINT('Ctrl Pts',(35.,-23.9371673463386,1.90621267285815));
#9839=CARTESIAN_POINT('Ctrl Pts',(37.,-23.9371673463386,1.90621267285815));
#9840=CARTESIAN_POINT('Ctrl Pts',(35.,-23.8347347829089,2.22008079680266));
#9841=CARTESIAN_POINT('Ctrl Pts',(37.,-23.8347347829089,2.22008079680266));
#9842=CARTESIAN_POINT('Ctrl Pts',(35.,-23.7878301367164,2.36380338668823));
#9843=CARTESIAN_POINT('Ctrl Pts',(37.,-23.7878301367164,2.36380338668823));
#9844=CARTESIAN_POINT('',(35.,-24.2356374487281,1.49289608001709));
#9845=CARTESIAN_POINT('Ctrl Pts',(35.,-23.7878301367164,2.36380338668823));
#9846=CARTESIAN_POINT('Ctrl Pts',(35.,-23.8347347829089,2.22008079680266));
#9847=CARTESIAN_POINT('Ctrl Pts',(35.,-23.9371673463386,1.90621267285815));
#9848=CARTESIAN_POINT('Ctrl Pts',(35.,-24.130716122373,1.63818944366813));
#9849=CARTESIAN_POINT('Ctrl Pts',(35.,-24.2356374487281,1.49289608001709));
#9850=CARTESIAN_POINT('',(37.,-24.2356374487281,1.49289608001709));
#9851=CARTESIAN_POINT('Ctrl Pts',(37.,-24.2356374487281,1.49289608001709));
#9852=CARTESIAN_POINT('Ctrl Pts',(37.,-24.130716122373,1.63818944366813));
#9853=CARTESIAN_POINT('Ctrl Pts',(37.,-23.9371673463386,1.90621267285815));
#9854=CARTESIAN_POINT('Ctrl Pts',(37.,-23.8347347829089,2.22008079680266));
#9855=CARTESIAN_POINT('Ctrl Pts',(37.,-23.7878301367164,2.36380338668823));
#9856=CARTESIAN_POINT('',(35.,-24.2356374487281,1.49289608001709));
#9857=CARTESIAN_POINT('Ctrl Pts',(35.,-25.1281645521522,0.798022747039795));
#9858=CARTESIAN_POINT('Ctrl Pts',(37.,-25.1281645521522,0.798022747039795));
#9859=CARTESIAN_POINT('Ctrl Pts',(35.,-24.9560250710968,0.884667789614331));
#9860=CARTESIAN_POINT('Ctrl Pts',(37.,-24.9560250710968,0.884667789614331));
#9861=CARTESIAN_POINT('Ctrl Pts',(35.,-24.6126941295304,1.057480696141));
#9862=CARTESIAN_POINT('Ctrl Pts',(37.,-24.6126941295304,1.057480696141));
#9863=CARTESIAN_POINT('Ctrl Pts',(35.,-24.3610914301706,1.34802504001231));
#9864=CARTESIAN_POINT('Ctrl Pts',(37.,-24.3610914301706,1.34802504001231));
#9865=CARTESIAN_POINT('Ctrl Pts',(35.,-24.2356374487281,1.49289608001709));
#9866=CARTESIAN_POINT('Ctrl Pts',(37.,-24.2356374487281,1.49289608001709));
#9867=CARTESIAN_POINT('',(35.,-25.1281645521522,0.798022747039795));
#9868=CARTESIAN_POINT('Ctrl Pts',(35.,-24.2356374487281,1.49289608001709));
#9869=CARTESIAN_POINT('Ctrl Pts',(35.,-24.3610914301706,1.34802504001231));
#9870=CARTESIAN_POINT('Ctrl Pts',(35.,-24.6126941295304,1.057480696141));
#9871=CARTESIAN_POINT('Ctrl Pts',(35.,-24.9560250710968,0.884667789614331));
#9872=CARTESIAN_POINT('Ctrl Pts',(35.,-25.1281645521522,0.798022747039795));
#9873=CARTESIAN_POINT('',(37.,-25.1281645521522,0.798022747039795));
#9874=CARTESIAN_POINT('Ctrl Pts',(37.,-25.1281645521522,0.798022747039795));
#9875=CARTESIAN_POINT('Ctrl Pts',(37.,-24.9560250710968,0.884667789614331));
#9876=CARTESIAN_POINT('Ctrl Pts',(37.,-24.6126941295304,1.057480696141));
#9877=CARTESIAN_POINT('Ctrl Pts',(37.,-24.3610914301706,1.34802504001231));
#9878=CARTESIAN_POINT('Ctrl Pts',(37.,-24.2356374487281,1.49289608001709));
#9879=CARTESIAN_POINT('',(35.,-25.1281645521522,0.798022747039795));
#9880=CARTESIAN_POINT('Ctrl Pts',(35.,-26.4839389547706,0.566399097442627));
#9881=CARTESIAN_POINT('Ctrl Pts',(37.,-26.4839389547706,0.566399097442627));
#9882=CARTESIAN_POINT('Ctrl Pts',(35.,-26.2326815418848,0.572386736970363));
#9883=CARTESIAN_POINT('Ctrl Pts',(37.,-26.2326815418848,0.572386736970363));
#9884=CARTESIAN_POINT('Ctrl Pts',(35.,-25.7688824192149,0.583439393797218));
#9885=CARTESIAN_POINT('Ctrl Pts',(37.,-25.7688824192149,0.583439393797218));
#9886=CARTESIAN_POINT('Ctrl Pts',(35.,-25.329511660622,0.730589419639029));
#9887=CARTESIAN_POINT('Ctrl Pts',(37.,-25.329511660622,0.730589419639029));
#9888=CARTESIAN_POINT('Ctrl Pts',(35.,-25.1281645521522,0.798022747039795));
#9889=CARTESIAN_POINT('Ctrl Pts',(37.,-25.1281645521522,0.798022747039795));
#9890=CARTESIAN_POINT('',(35.,-26.4839389547706,0.566399097442627));
#9891=CARTESIAN_POINT('Ctrl Pts',(35.,-25.1281645521522,0.798022747039795));
#9892=CARTESIAN_POINT('Ctrl Pts',(35.,-25.329511660622,0.730589419639029));
#9893=CARTESIAN_POINT('Ctrl Pts',(35.,-25.7688824192149,0.583439393797218));
#9894=CARTESIAN_POINT('Ctrl Pts',(35.,-26.2326815418848,0.572386736970363));
#9895=CARTESIAN_POINT('Ctrl Pts',(35.,-26.4839389547706,0.566399097442627));
#9896=CARTESIAN_POINT('',(37.,-26.4839389547706,0.566399097442627));
#9897=CARTESIAN_POINT('Ctrl Pts',(37.,-26.4839389547706,0.566399097442627));
#9898=CARTESIAN_POINT('Ctrl Pts',(37.,-26.2326815418848,0.572386736970363));
#9899=CARTESIAN_POINT('Ctrl Pts',(37.,-25.7688824192149,0.583439393797218));
#9900=CARTESIAN_POINT('Ctrl Pts',(37.,-25.329511660622,0.730589419639029));
#9901=CARTESIAN_POINT('Ctrl Pts',(37.,-25.1281645521522,0.798022747039795));
#9902=CARTESIAN_POINT('',(35.,-26.4839389547706,0.566399097442627));
#9903=CARTESIAN_POINT('Ctrl Pts',(35.,-27.8798630461097,0.79493522644043));
#9904=CARTESIAN_POINT('Ctrl Pts',(37.,-27.8798630461097,0.79493522644043));
#9905=CARTESIAN_POINT('Ctrl Pts',(35.,-27.6642472983721,0.728326583385313));
#9906=CARTESIAN_POINT('Ctrl Pts',(37.,-27.6642472983721,0.728326583385313));
#9907=CARTESIAN_POINT('Ctrl Pts',(35.,-27.2097594085614,0.587924864387914));
#9908=CARTESIAN_POINT('Ctrl Pts',(37.,-27.2097594085614,0.587924864387914));
#9909=CARTESIAN_POINT('Ctrl Pts',(35.,-26.7339941621444,0.57381502253715));
#9910=CARTESIAN_POINT('Ctrl Pts',(37.,-26.7339941621444,0.57381502253715));
#9911=CARTESIAN_POINT('Ctrl Pts',(35.,-26.4839389547706,0.566399097442627));
#9912=CARTESIAN_POINT('Ctrl Pts',(37.,-26.4839389547706,0.566399097442627));
#9913=CARTESIAN_POINT('',(35.,-27.8798630461097,0.79493522644043));
#9914=CARTESIAN_POINT('Ctrl Pts',(35.,-26.4839389547706,0.566399097442627));
#9915=CARTESIAN_POINT('Ctrl Pts',(35.,-26.7339941621444,0.57381502253715));
#9916=CARTESIAN_POINT('Ctrl Pts',(35.,-27.2097594085614,0.587924864387914));
#9917=CARTESIAN_POINT('Ctrl Pts',(35.,-27.6642472983721,0.728326583385313));
#9918=CARTESIAN_POINT('Ctrl Pts',(35.,-27.8798630461097,0.79493522644043));
#9919=CARTESIAN_POINT('',(37.,-27.8798630461097,0.79493522644043));
#9920=CARTESIAN_POINT('Ctrl Pts',(37.,-27.8798630461097,0.79493522644043));
#9921=CARTESIAN_POINT('Ctrl Pts',(37.,-27.6642472983721,0.728326583385313));
#9922=CARTESIAN_POINT('Ctrl Pts',(37.,-27.2097594085614,0.587924864387914));
#9923=CARTESIAN_POINT('Ctrl Pts',(37.,-26.7339941621444,0.57381502253715));
#9924=CARTESIAN_POINT('Ctrl Pts',(37.,-26.4839389547706,0.566399097442627));
#9925=CARTESIAN_POINT('',(35.,-27.8798630461097,0.79493522644043));
#9926=CARTESIAN_POINT('Ctrl Pts',(35.,-28.8218024000525,1.42186403274536));
#9927=CARTESIAN_POINT('Ctrl Pts',(37.,-28.8218024000525,1.42186403274536));
#9928=CARTESIAN_POINT('Ctrl Pts',(35.,-28.6932541379383,1.294270174923));
#9929=CARTESIAN_POINT('Ctrl Pts',(37.,-28.6932541379383,1.294270174923));
#9930=CARTESIAN_POINT('Ctrl Pts',(35.,-28.4208137202593,1.02385248629266));
#9931=CARTESIAN_POINT('Ctrl Pts',(37.,-28.4208137202593,1.02385248629266));
#9932=CARTESIAN_POINT('Ctrl Pts',(35.,-28.0668254976688,0.874053220282383));
#9933=CARTESIAN_POINT('Ctrl Pts',(37.,-28.0668254976688,0.874053220282383));
#9934=CARTESIAN_POINT('Ctrl Pts',(35.,-27.8798630461097,0.79493522644043));
#9935=CARTESIAN_POINT('Ctrl Pts',(37.,-27.8798630461097,0.79493522644043));
#9936=CARTESIAN_POINT('',(35.,-28.8218024000525,1.42186403274536));
#9937=CARTESIAN_POINT('Ctrl Pts',(35.,-27.8798630461097,0.79493522644043));
#9938=CARTESIAN_POINT('Ctrl Pts',(35.,-28.0668254976688,0.874053220282383));
#9939=CARTESIAN_POINT('Ctrl Pts',(35.,-28.4208137202593,1.02385248629266));
#9940=CARTESIAN_POINT('Ctrl Pts',(35.,-28.6932541379383,1.294270174923));
#9941=CARTESIAN_POINT('Ctrl Pts',(35.,-28.8218024000525,1.42186403274536));
#9942=CARTESIAN_POINT('',(37.,-28.8218024000525,1.42186403274536));
#9943=CARTESIAN_POINT('Ctrl Pts',(37.,-28.8218024000525,1.42186403274536));
#9944=CARTESIAN_POINT('Ctrl Pts',(37.,-28.6932541379383,1.294270174923));
#9945=CARTESIAN_POINT('Ctrl Pts',(37.,-28.4208137202593,1.02385248629266));
#9946=CARTESIAN_POINT('Ctrl Pts',(37.,-28.0668254976688,0.874053220282383));
#9947=CARTESIAN_POINT('Ctrl Pts',(37.,-27.8798630461097,0.79493522644043));
#9948=CARTESIAN_POINT('',(35.,-28.8218024000525,1.42186403274536));
#9949=CARTESIAN_POINT('Ctrl Pts',(35.,-29.288139604032,2.29894876480103));
#9950=CARTESIAN_POINT('Ctrl Pts',(37.,-29.288139604032,2.29894876480103));
#9951=CARTESIAN_POINT('Ctrl Pts',(35.,-29.2355655521477,2.14188770649579));
#9952=CARTESIAN_POINT('Ctrl Pts',(37.,-29.2355655521477,2.14188770649579));
#9953=CARTESIAN_POINT('Ctrl Pts',(35.,-29.1290274779996,1.82361315706038));
#9954=CARTESIAN_POINT('Ctrl Pts',(37.,-29.1290274779996,1.82361315706038));
#9955=CARTESIAN_POINT('Ctrl Pts',(35.,-28.9250976299402,1.55694014186566));
#9956=CARTESIAN_POINT('Ctrl Pts',(37.,-28.9250976299402,1.55694014186566));
#9957=CARTESIAN_POINT('Ctrl Pts',(35.,-28.8218024000525,1.42186403274536));
#9958=CARTESIAN_POINT('Ctrl Pts',(37.,-28.8218024000525,1.42186403274536));
#9959=CARTESIAN_POINT('',(35.,-29.288139604032,2.29894876480103));
#9960=CARTESIAN_POINT('Ctrl Pts',(35.,-28.8218024000525,1.42186403274536));
#9961=CARTESIAN_POINT('Ctrl Pts',(35.,-28.9250976299402,1.55694014186566));
#9962=CARTESIAN_POINT('Ctrl Pts',(35.,-29.1290274779996,1.82361315706038));
#9963=CARTESIAN_POINT('Ctrl Pts',(35.,-29.2355655521477,2.14188770649579));
#9964=CARTESIAN_POINT('Ctrl Pts',(35.,-29.288139604032,2.29894876480103));
#9965=CARTESIAN_POINT('',(37.,-29.288139604032,2.29894876480103));
#9966=CARTESIAN_POINT('Ctrl Pts',(37.,-29.288139604032,2.29894876480103));
#9967=CARTESIAN_POINT('Ctrl Pts',(37.,-29.2355655521477,2.14188770649579));
#9968=CARTESIAN_POINT('Ctrl Pts',(37.,-29.1290274779996,1.82361315706038));
#9969=CARTESIAN_POINT('Ctrl Pts',(37.,-28.9250976299402,1.55694014186566));
#9970=CARTESIAN_POINT('Ctrl Pts',(37.,-28.8218024000525,1.42186403274536));
#9971=CARTESIAN_POINT('',(35.,-29.288139604032,2.29894876480103));
#9972=CARTESIAN_POINT('Ctrl Pts',(35.,-29.4178488478065,3.69178533554077));
#9973=CARTESIAN_POINT('Ctrl Pts',(37.,-29.4178488478065,3.69178533554077));
#9974=CARTESIAN_POINT('Ctrl Pts',(35.,-29.4165491463099,3.42238368439048));
#9975=CARTESIAN_POINT('Ctrl Pts',(37.,-29.4165491463099,3.42238368439048));
#9976=CARTESIAN_POINT('Ctrl Pts',(35.,-29.4142890121008,2.95390389161554));
#9977=CARTESIAN_POINT('Ctrl Pts',(37.,-29.4142890121008,2.95390389161554));
#9978=CARTESIAN_POINT('Ctrl Pts',(35.,-29.3257596942613,2.49426851575424));
#9979=CARTESIAN_POINT('Ctrl Pts',(37.,-29.3257596942613,2.49426851575424));
#9980=CARTESIAN_POINT('Ctrl Pts',(35.,-29.288139604032,2.29894876480103));
#9981=CARTESIAN_POINT('Ctrl Pts',(37.,-29.288139604032,2.29894876480103));
#9982=CARTESIAN_POINT('',(35.,-29.4178488478065,3.69178533554077));
#9983=CARTESIAN_POINT('Ctrl Pts',(35.,-29.288139604032,2.29894876480103));
#9984=CARTESIAN_POINT('Ctrl Pts',(35.,-29.3257596942613,2.49426851575424));
#9985=CARTESIAN_POINT('Ctrl Pts',(35.,-29.4142890121008,2.95390389161554));
#9986=CARTESIAN_POINT('Ctrl Pts',(35.,-29.4165491463099,3.42238368439048));
#9987=CARTESIAN_POINT('Ctrl Pts',(35.,-29.4178488478065,3.69178533554077));
#9988=CARTESIAN_POINT('',(37.,-29.4178488478065,3.69178533554077));
#9989=CARTESIAN_POINT('Ctrl Pts',(37.,-29.4178488478065,3.69178533554077));
#9990=CARTESIAN_POINT('Ctrl Pts',(37.,-29.4165491463099,3.42238368439048));
#9991=CARTESIAN_POINT('Ctrl Pts',(37.,-29.4142890121008,2.95390389161554));
#9992=CARTESIAN_POINT('Ctrl Pts',(37.,-29.3257596942613,2.49426851575424));
#9993=CARTESIAN_POINT('Ctrl Pts',(37.,-29.288139604032,2.29894876480103));
#9994=CARTESIAN_POINT('',(35.,-29.4178488478065,3.69178533554077));
#9995=CARTESIAN_POINT('Origin',(35.,-29.4178488478065,6.08214855194092));
#9996=CARTESIAN_POINT('',(35.,-29.4178488478065,6.08214855194092));
#9997=CARTESIAN_POINT('',(35.,-29.4178488478065,-9.45892572402954));
#9998=CARTESIAN_POINT('',(37.,-29.4178488478065,6.08214855194092));
#9999=CARTESIAN_POINT('',(37.,-29.4178488478065,3.69178533554077));
#10000=CARTESIAN_POINT('',(35.,-29.4178488478065,6.08214855194092));
#10001=CARTESIAN_POINT('Ctrl Pts',(35.,-29.1275456175208,7.77764081954956));
#10002=CARTESIAN_POINT('Ctrl Pts',(37.,-29.1275456175208,7.77764081954956));
#10003=CARTESIAN_POINT('Ctrl Pts',(35.,-29.2119332069826,7.53506210363401));
#10004=CARTESIAN_POINT('Ctrl Pts',(37.,-29.2119332069826,7.53506210363401));
#10005=CARTESIAN_POINT('Ctrl Pts',(35.,-29.4025393860808,6.98714975697141));
#10006=CARTESIAN_POINT('Ctrl Pts',(37.,-29.4025393860808,6.98714975697141));
#10007=CARTESIAN_POINT('Ctrl Pts',(35.,-29.4123703648634,6.40600276406544));
#10008=CARTESIAN_POINT('Ctrl Pts',(37.,-29.4123703648634,6.40600276406544));
#10009=CARTESIAN_POINT('Ctrl Pts',(35.,-29.4178488478065,6.08214855194092));
#10010=CARTESIAN_POINT('Ctrl Pts',(37.,-29.4178488478065,6.08214855194092));
#10011=CARTESIAN_POINT('',(35.,-29.1275456175208,7.77764081954956));
#10012=CARTESIAN_POINT('Ctrl Pts',(35.,-29.4178488478065,6.08214855194092));
#10013=CARTESIAN_POINT('Ctrl Pts',(35.,-29.4123703648634,6.40600276406544));
#10014=CARTESIAN_POINT('Ctrl Pts',(35.,-29.4025393860808,6.98714975697141));
#10015=CARTESIAN_POINT('Ctrl Pts',(35.,-29.2119332069826,7.53506210363401));
#10016=CARTESIAN_POINT('Ctrl Pts',(35.,-29.1275456175208,7.77764081954956));
#10017=CARTESIAN_POINT('',(37.,-29.1275456175208,7.77764081954956));
#10018=CARTESIAN_POINT('Ctrl Pts',(37.,-29.1275456175208,7.77764081954956));
#10019=CARTESIAN_POINT('Ctrl Pts',(37.,-29.2119332069826,7.53506210363401));
#10020=CARTESIAN_POINT('Ctrl Pts',(37.,-29.4025393860808,6.98714975697141));
#10021=CARTESIAN_POINT('Ctrl Pts',(37.,-29.4123703648634,6.40600276406544));
#10022=CARTESIAN_POINT('Ctrl Pts',(37.,-29.4178488478065,6.08214855194092));
#10023=CARTESIAN_POINT('',(35.,-29.1275456175208,7.77764081954956));
#10024=CARTESIAN_POINT('Ctrl Pts',(35.,-28.1763413175941,8.72884511947632));
#10025=CARTESIAN_POINT('Ctrl Pts',(37.,-28.1763413175941,8.72884511947632));
#10026=CARTESIAN_POINT('Ctrl Pts',(35.,-28.380154329287,8.60879708714704));
#10027=CARTESIAN_POINT('Ctrl Pts',(37.,-28.380154329287,8.60879708714704));
#10028=CARTESIAN_POINT('Ctrl Pts',(35.,-28.779598208838,8.37352039226008));
#10029=CARTESIAN_POINT('Ctrl Pts',(37.,-28.779598208838,8.37352039226008));
#10030=CARTESIAN_POINT('Ctrl Pts',(35.,-29.0131578808105,7.97353627378587));
#10031=CARTESIAN_POINT('Ctrl Pts',(37.,-29.0131578808105,7.97353627378587));
#10032=CARTESIAN_POINT('Ctrl Pts',(35.,-29.1275456175208,7.77764081954956));
#10033=CARTESIAN_POINT('Ctrl Pts',(37.,-29.1275456175208,7.77764081954956));
#10034=CARTESIAN_POINT('',(35.,-28.1763413175941,8.72884511947632));
#10035=CARTESIAN_POINT('Ctrl Pts',(35.,-29.1275456175208,7.77764081954956));
#10036=CARTESIAN_POINT('Ctrl Pts',(35.,-29.0131578808105,7.97353627378587));
#10037=CARTESIAN_POINT('Ctrl Pts',(35.,-28.779598208838,8.37352039226008));
#10038=CARTESIAN_POINT('Ctrl Pts',(35.,-28.380154329287,8.60879708714704));
#10039=CARTESIAN_POINT('Ctrl Pts',(35.,-28.1763413175941,8.72884511947632));
#10040=CARTESIAN_POINT('',(37.,-28.1763413175941,8.72884511947632));
#10041=CARTESIAN_POINT('Ctrl Pts',(37.,-28.1763413175941,8.72884511947632));
#10042=CARTESIAN_POINT('Ctrl Pts',(37.,-28.380154329287,8.60879708714704));
#10043=CARTESIAN_POINT('Ctrl Pts',(37.,-28.779598208838,8.37352039226008));
#10044=CARTESIAN_POINT('Ctrl Pts',(37.,-29.0131578808105,7.97353627378587));
#10045=CARTESIAN_POINT('Ctrl Pts',(37.,-29.1275456175208,7.77764081954956));
#10046=CARTESIAN_POINT('',(35.,-28.1763413175941,8.72884511947632));
#10047=CARTESIAN_POINT('Ctrl Pts',(35.,-26.656885407865,9.05929565429688));
#10048=CARTESIAN_POINT('Ctrl Pts',(37.,-26.656885407865,9.05929565429688));
#10049=CARTESIAN_POINT('Ctrl Pts',(35.,-26.9301656738285,9.0478048645256));
#10050=CARTESIAN_POINT('Ctrl Pts',(37.,-26.9301656738285,9.0478048645256));
#10051=CARTESIAN_POINT('Ctrl Pts',(35.,-27.4562186794129,9.02568557803264));
#10052=CARTESIAN_POINT('Ctrl Pts',(37.,-27.4562186794129,9.02568557803264));
#10053=CARTESIAN_POINT('Ctrl Pts',(35.,-27.9426210364699,8.82518653654109));
#10054=CARTESIAN_POINT('Ctrl Pts',(37.,-27.9426210364699,8.82518653654109));
#10055=CARTESIAN_POINT('Ctrl Pts',(35.,-28.1763413175941,8.72884511947632));
#10056=CARTESIAN_POINT('Ctrl Pts',(37.,-28.1763413175941,8.72884511947632));
#10057=CARTESIAN_POINT('',(35.,-26.656885407865,9.05929565429688));
#10058=CARTESIAN_POINT('Ctrl Pts',(35.,-28.1763413175941,8.72884511947632));
#10059=CARTESIAN_POINT('Ctrl Pts',(35.,-27.9426210364699,8.82518653654109));
#10060=CARTESIAN_POINT('Ctrl Pts',(35.,-27.4562186794129,9.02568557803264));
#10061=CARTESIAN_POINT('Ctrl Pts',(35.,-26.9301656738285,9.0478048645256));
#10062=CARTESIAN_POINT('Ctrl Pts',(35.,-26.656885407865,9.05929565429688));
#10063=CARTESIAN_POINT('',(37.,-26.656885407865,9.05929565429688));
#10064=CARTESIAN_POINT('Ctrl Pts',(37.,-26.656885407865,9.05929565429688));
#10065=CARTESIAN_POINT('Ctrl Pts',(37.,-26.9301656738285,9.0478048645256));
#10066=CARTESIAN_POINT('Ctrl Pts',(37.,-27.4562186794129,9.02568557803264));
#10067=CARTESIAN_POINT('Ctrl Pts',(37.,-27.9426210364699,8.82518653654109));
#10068=CARTESIAN_POINT('Ctrl Pts',(37.,-28.1763413175941,8.72884511947632));
#10069=CARTESIAN_POINT('',(35.,-26.656885407865,9.05929565429688));
#10070=CARTESIAN_POINT('Ctrl Pts',(35.,-24.9243333563209,8.66090059280396));
#10071=CARTESIAN_POINT('Ctrl Pts',(37.,-24.9243333563209,8.66090059280396));
#10072=CARTESIAN_POINT('Ctrl Pts',(35.,-25.1785166636633,8.77692819764438));
#10073=CARTESIAN_POINT('Ctrl Pts',(37.,-25.1785166636633,8.77692819764438));
#10074=CARTESIAN_POINT('Ctrl Pts',(35.,-25.7276957347078,9.02761315767569));
#10075=CARTESIAN_POINT('Ctrl Pts',(37.,-25.7276957347078,9.02761315767569));
#10076=CARTESIAN_POINT('Ctrl Pts',(35.,-26.3321813229117,9.04822424834865));
#10077=CARTESIAN_POINT('Ctrl Pts',(37.,-26.3321813229117,9.04822424834865));
#10078=CARTESIAN_POINT('Ctrl Pts',(35.,-26.656885407865,9.05929565429688));
#10079=CARTESIAN_POINT('Ctrl Pts',(37.,-26.656885407865,9.05929565429688));
#10080=CARTESIAN_POINT('',(35.,-24.9243333563209,8.66090059280396));
#10081=CARTESIAN_POINT('Ctrl Pts',(35.,-26.656885407865,9.05929565429688));
#10082=CARTESIAN_POINT('Ctrl Pts',(35.,-26.3321813229117,9.04822424834865));
#10083=CARTESIAN_POINT('Ctrl Pts',(35.,-25.7276957347078,9.02761315767569));
#10084=CARTESIAN_POINT('Ctrl Pts',(35.,-25.1785166636633,8.77692819764438));
#10085=CARTESIAN_POINT('Ctrl Pts',(35.,-24.9243333563209,8.66090059280396));
#10086=CARTESIAN_POINT('',(37.,-24.9243333563209,8.66090059280396));
#10087=CARTESIAN_POINT('Ctrl Pts',(37.,-24.9243333563209,8.66090059280396));
#10088=CARTESIAN_POINT('Ctrl Pts',(37.,-25.1785166636633,8.77692819764438));
#10089=CARTESIAN_POINT('Ctrl Pts',(37.,-25.7276957347078,9.02761315767569));
#10090=CARTESIAN_POINT('Ctrl Pts',(37.,-26.3321813229117,9.04822424834865));
#10091=CARTESIAN_POINT('Ctrl Pts',(37.,-26.656885407865,9.05929565429688));
#10092=CARTESIAN_POINT('',(35.,-24.9243333563209,8.66090059280396));
#10093=CARTESIAN_POINT('Ctrl Pts',(35.,-23.9669516310096,7.60469436645508));
#10094=CARTESIAN_POINT('Ctrl Pts',(37.,-23.9669516310096,7.60469436645508));
#10095=CARTESIAN_POINT('Ctrl Pts',(35.,-24.0785787143696,7.81488825017387));
#10096=CARTESIAN_POINT('Ctrl Pts',(37.,-24.0785787143696,7.81488825017387));
#10097=CARTESIAN_POINT('Ctrl Pts',(35.,-24.3082242776946,8.24731102232874));
#10098=CARTESIAN_POINT('Ctrl Pts',(37.,-24.3082242776946,8.24731102232874));
#10099=CARTESIAN_POINT('Ctrl Pts',(35.,-24.7151881819622,8.52050294921974));
#10100=CARTESIAN_POINT('Ctrl Pts',(37.,-24.7151881819622,8.52050294921974));
#10101=CARTESIAN_POINT('Ctrl Pts',(35.,-24.9243333563209,8.66090059280396));
#10102=CARTESIAN_POINT('Ctrl Pts',(37.,-24.9243333563209,8.66090059280396));
#10103=CARTESIAN_POINT('',(35.,-23.9669516310096,7.60469436645508));
#10104=CARTESIAN_POINT('Ctrl Pts',(35.,-24.9243333563209,8.66090059280396));
#10105=CARTESIAN_POINT('Ctrl Pts',(35.,-24.7151881819622,8.52050294921974));
#10106=CARTESIAN_POINT('Ctrl Pts',(35.,-24.3082242776946,8.24731102232874));
#10107=CARTESIAN_POINT('Ctrl Pts',(35.,-24.0785787143696,7.81488825017387));
#10108=CARTESIAN_POINT('Ctrl Pts',(35.,-23.9669516310096,7.60469436645508));
#10109=CARTESIAN_POINT('',(37.,-23.9669516310096,7.60469436645508));
#10110=CARTESIAN_POINT('Ctrl Pts',(37.,-23.9669516310096,7.60469436645508));
#10111=CARTESIAN_POINT('Ctrl Pts',(37.,-24.0785787143696,7.81488825017387));
#10112=CARTESIAN_POINT('Ctrl Pts',(37.,-24.3082242776946,8.24731102232874));
#10113=CARTESIAN_POINT('Ctrl Pts',(37.,-24.7151881819622,8.52050294921974));
#10114=CARTESIAN_POINT('Ctrl Pts',(37.,-24.9243333563209,8.66090059280396));
#10115=CARTESIAN_POINT('',(35.,-23.9669516310096,7.60469436645508));
#10116=CARTESIAN_POINT('Ctrl Pts',(35.,-23.6920931562781,5.75478672981262));
#10117=CARTESIAN_POINT('Ctrl Pts',(37.,-23.6920931562781,5.75478672981262));
#10118=CARTESIAN_POINT('Ctrl Pts',(35.,-23.6963006869421,6.11064193016653));
#10119=CARTESIAN_POINT('Ctrl Pts',(37.,-23.6963006869421,6.11064193016653));
#10120=CARTESIAN_POINT('Ctrl Pts',(35.,-23.7037520356418,6.74084558076378));
#10121=CARTESIAN_POINT('Ctrl Pts',(37.,-23.7037520356418,6.74084558076378));
#10122=CARTESIAN_POINT('Ctrl Pts',(35.,-23.8871238344385,7.34269113261288));
#10123=CARTESIAN_POINT('Ctrl Pts',(37.,-23.8871238344385,7.34269113261288));
#10124=CARTESIAN_POINT('Ctrl Pts',(35.,-23.9669516310096,7.60469436645508));
#10125=CARTESIAN_POINT('Ctrl Pts',(37.,-23.9669516310096,7.60469436645508));
#10126=CARTESIAN_POINT('',(35.,-23.6920931562781,5.75478672981262));
#10127=CARTESIAN_POINT('Ctrl Pts',(35.,-23.9669516310096,7.60469436645508));
#10128=CARTESIAN_POINT('Ctrl Pts',(35.,-23.8871238344385,7.34269113261288));
#10129=CARTESIAN_POINT('Ctrl Pts',(35.,-23.7037520356418,6.74084558076378));
#10130=CARTESIAN_POINT('Ctrl Pts',(35.,-23.6963006869421,6.11064193016653));
#10131=CARTESIAN_POINT('Ctrl Pts',(35.,-23.6920931562781,5.75478672981262));
#10132=CARTESIAN_POINT('',(37.,-23.6920931562781,5.75478672981262));
#10133=CARTESIAN_POINT('Ctrl Pts',(37.,-23.6920931562781,5.75478672981262));
#10134=CARTESIAN_POINT('Ctrl Pts',(37.,-23.6963006869421,6.11064193016653));
#10135=CARTESIAN_POINT('Ctrl Pts',(37.,-23.7037520356418,6.74084558076378));
#10136=CARTESIAN_POINT('Ctrl Pts',(37.,-23.8871238344385,7.34269113261288));
#10137=CARTESIAN_POINT('Ctrl Pts',(37.,-23.9669516310096,7.60469436645508));
#10138=CARTESIAN_POINT('',(35.,-23.6920931562781,5.75478672981262));
#10139=CARTESIAN_POINT('Origin',(35.,-23.6920931562781,4.66769576072693));
#10140=CARTESIAN_POINT('',(35.,-23.6920931562781,-10.1661521196365));
#10141=CARTESIAN_POINT('',(37.,-23.6920931562781,5.75478672981262));
#10142=CARTESIAN_POINT('Origin',(37.,-32.5000014528632,-2.10500359535217));
#10143=CARTESIAN_POINT('Origin',(35.,0.,-25.));
#10144=CARTESIAN_POINT('Origin',(35.,-14.2912271246314,8.71340274810791));
#10145=CARTESIAN_POINT('',(35.,-14.2912271246314,10.004323720932));
#10146=CARTESIAN_POINT('',(35.,-14.2912271246314,8.71340274810791));
#10147=CARTESIAN_POINT('',(35.,-14.2912271246314,-8.14329862594604));
#10148=CARTESIAN_POINT('',(37.,-14.2912271246314,10.004323720932));
#10149=CARTESIAN_POINT('',(35.,-14.2912271246314,10.004323720932));
#10150=CARTESIAN_POINT('',(37.,-14.2912271246314,8.71340274810791));
#10151=CARTESIAN_POINT('',(37.,-14.2912271246314,10.004323720932));
#10152=CARTESIAN_POINT('',(35.,-14.2912271246314,8.71340274810791));
#10153=CARTESIAN_POINT('Origin',(35.,-13.6179712042212,8.71340274810791));
#10154=CARTESIAN_POINT('',(35.,-13.6179712042212,8.71340274810791));
#10155=CARTESIAN_POINT('',(35.,-6.80898560211062,8.71340274810791));
#10156=CARTESIAN_POINT('',(37.,-13.6179712042212,8.71340274810791));
#10157=CARTESIAN_POINT('',(37.,-14.2912271246314,8.71340274810791));
#10158=CARTESIAN_POINT('',(35.,-13.6179712042212,8.71340274810791));
#10159=CARTESIAN_POINT('Origin',(35.,-13.6179712042212,7.41630554199219));
#10160=CARTESIAN_POINT('',(35.,-13.6179712042212,7.41630554199219));
#10161=CARTESIAN_POINT('',(35.,-13.6179712042212,-8.79184722900391));
#10162=CARTESIAN_POINT('',(37.,-13.6179712042212,7.41630554199219));
#10163=CARTESIAN_POINT('',(37.,-13.6179712042212,8.71340274810791));
#10164=CARTESIAN_POINT('',(35.,-13.6179712042212,7.41630554199219));
#10165=CARTESIAN_POINT('Origin',(35.,-14.2912271246314,7.41630554199219));
#10166=CARTESIAN_POINT('',(35.,-14.2912271246314,7.41630554199219));
#10167=CARTESIAN_POINT('',(35.,-7.1456135623157,7.41630554199219));
#10168=CARTESIAN_POINT('',(37.,-14.2912271246314,7.41630554199219));
#10169=CARTESIAN_POINT('',(37.,-13.6179712042212,7.41630554199219));
#10170=CARTESIAN_POINT('',(35.,-14.2912271246314,7.41630554199219));
#10171=CARTESIAN_POINT('Origin',(35.,-14.2912271246314,3.03088307380676));
#10172=CARTESIAN_POINT('',(35.,-14.2912271246314,3.03088307380676));
#10173=CARTESIAN_POINT('',(35.,-14.2912271246314,-10.9845584630966));
#10174=CARTESIAN_POINT('',(37.,-14.2912271246314,3.03088307380676));
#10175=CARTESIAN_POINT('',(37.,-14.2912271246314,7.41630554199219));
#10176=CARTESIAN_POINT('',(35.,-14.2912271246314,3.03088307380676));
#10177=CARTESIAN_POINT('Ctrl Pts',(35.,-14.2078426107764,2.1290922164917));
#10178=CARTESIAN_POINT('Ctrl Pts',(37.,-14.2078426107764,2.1290922164917));
#10179=CARTESIAN_POINT('Ctrl Pts',(35.,-14.2314137084369,2.2193280631541));
#10180=CARTESIAN_POINT('Ctrl Pts',(37.,-14.2314137084369,2.2193280631541));
#10181=CARTESIAN_POINT('Ctrl Pts',(35.,-14.3082642174964,2.51353034644663));
#10182=CARTESIAN_POINT('Ctrl Pts',(37.,-14.3082642174964,2.51353034644663));
#10183=CARTESIAN_POINT('Ctrl Pts',(35.,-14.2982026632054,2.81906208212164));
#10184=CARTESIAN_POINT('Ctrl Pts',(37.,-14.2982026632054,2.81906208212164));
#10185=CARTESIAN_POINT('Ctrl Pts',(35.,-14.2912271246314,3.03088307380676));
#10186=CARTESIAN_POINT('Ctrl Pts',(37.,-14.2912271246314,3.03088307380676));
#10187=CARTESIAN_POINT('',(35.,-14.2078426107764,2.1290922164917));
#10188=CARTESIAN_POINT('Ctrl Pts',(35.,-14.2912271246314,3.03088307380676));
#10189=CARTESIAN_POINT('Ctrl Pts',(35.,-14.2982026632054,2.81906208212164));
#10190=CARTESIAN_POINT('Ctrl Pts',(35.,-14.3082642174964,2.51353034644663));
#10191=CARTESIAN_POINT('Ctrl Pts',(35.,-14.2314137084369,2.2193280631541));
#10192=CARTESIAN_POINT('Ctrl Pts',(35.,-14.2078426107764,2.1290922164917));
#10193=CARTESIAN_POINT('',(37.,-14.2078426107764,2.1290922164917));
#10194=CARTESIAN_POINT('Ctrl Pts',(37.,-14.2078426107764,2.1290922164917));
#10195=CARTESIAN_POINT('Ctrl Pts',(37.,-14.2314137084369,2.2193280631541));
#10196=CARTESIAN_POINT('Ctrl Pts',(37.,-14.3082642174964,2.51353034644663));
#10197=CARTESIAN_POINT('Ctrl Pts',(37.,-14.2982026632054,2.81906208212164));
#10198=CARTESIAN_POINT('Ctrl Pts',(37.,-14.2912271246314,3.03088307380676));
#10199=CARTESIAN_POINT('',(35.,-14.2078426107764,2.1290922164917));
#10200=CARTESIAN_POINT('Ctrl Pts',(35.,-13.5129716619849,2.03644275665283));
#10201=CARTESIAN_POINT('Ctrl Pts',(37.,-13.5129716619849,2.03644275665283));
#10202=CARTESIAN_POINT('Ctrl Pts',(35.,-13.675353706042,2.03009605820043));
#10203=CARTESIAN_POINT('Ctrl Pts',(37.,-13.675353706042,2.03009605820043));
#10204=CARTESIAN_POINT('Ctrl Pts',(35.,-13.9143031107141,2.02075672622169));
#10205=CARTESIAN_POINT('Ctrl Pts',(37.,-13.9143031107141,2.02075672622169));
#10206=CARTESIAN_POINT('Ctrl Pts',(35.,-14.1366085363031,2.10280213157857));
#10207=CARTESIAN_POINT('Ctrl Pts',(37.,-14.1366085363031,2.10280213157857));
#10208=CARTESIAN_POINT('Ctrl Pts',(35.,-14.2078426107764,2.1290922164917));
#10209=CARTESIAN_POINT('Ctrl Pts',(37.,-14.2078426107764,2.1290922164917));
#10210=CARTESIAN_POINT('',(35.,-13.5129716619849,2.03644275665283));
#10211=CARTESIAN_POINT('Ctrl Pts',(35.,-14.2078426107764,2.1290922164917));
#10212=CARTESIAN_POINT('Ctrl Pts',(35.,-14.1366085363031,2.10280213157857));
#10213=CARTESIAN_POINT('Ctrl Pts',(35.,-13.9143031107141,2.02075672622169));
#10214=CARTESIAN_POINT('Ctrl Pts',(35.,-13.675353706042,2.03009605820043));
#10215=CARTESIAN_POINT('Ctrl Pts',(35.,-13.5129716619849,2.03644275665283));
#10216=CARTESIAN_POINT('',(37.,-13.5129716619849,2.03644275665283));
#10217=CARTESIAN_POINT('Ctrl Pts',(37.,-13.5129716619849,2.03644275665283));
#10218=CARTESIAN_POINT('Ctrl Pts',(37.,-13.675353706042,2.03009605820043));
#10219=CARTESIAN_POINT('Ctrl Pts',(37.,-13.9143031107141,2.02075672622169));
#10220=CARTESIAN_POINT('Ctrl Pts',(37.,-14.1366085363031,2.10280213157857));
#10221=CARTESIAN_POINT('Ctrl Pts',(37.,-14.2078426107764,2.1290922164917));
#10222=CARTESIAN_POINT('',(35.,-13.5129716619849,2.03644275665283));
#10223=CARTESIAN_POINT('Origin',(35.,-13.5129716619849,0.714638233184814));
#10224=CARTESIAN_POINT('',(35.,-13.5129716619849,0.714638233184814));
#10225=CARTESIAN_POINT('',(35.,-13.5129716619849,-12.1426808834076));
#10226=CARTESIAN_POINT('',(37.,-13.5129716619849,0.714638233184814));
#10227=CARTESIAN_POINT('',(37.,-13.5129716619849,2.03644275665283));
#10228=CARTESIAN_POINT('',(35.,-13.5129716619849,0.714638233184814));
#10229=CARTESIAN_POINT('Origin',(35.,-14.519765637815,0.714638233184815));
#10230=CARTESIAN_POINT('',(35.,-14.519765637815,0.714638233184815));
#10231=CARTESIAN_POINT('',(35.,-7.2598828189075,0.714638233184814));
#10232=CARTESIAN_POINT('',(37.,-14.519765637815,0.714638233184814));
#10233=CARTESIAN_POINT('',(37.,-13.5129716619849,0.714638233184814));
#10234=CARTESIAN_POINT('',(35.,-14.519765637815,0.714638233184815));
#10235=CARTESIAN_POINT('Ctrl Pts',(35.,-15.7365682348609,0.785670280456543));
#10236=CARTESIAN_POINT('Ctrl Pts',(37.,-15.7365682348609,0.785670280456543));
#10237=CARTESIAN_POINT('Ctrl Pts',(35.,-15.5746156567537,0.765146721327792));
#10238=CARTESIAN_POINT('Ctrl Pts',(37.,-15.5746156567537,0.765146721327792));
#10239=CARTESIAN_POINT('Ctrl Pts',(35.,-15.1708510542098,0.713979356218468));
#10240=CARTESIAN_POINT('Ctrl Pts',(37.,-15.1708510542098,0.713979356218468));
#10241=CARTESIAN_POINT('Ctrl Pts',(35.,-14.763641075741,0.714391439285489));
#10242=CARTESIAN_POINT('Ctrl Pts',(37.,-14.763641075741,0.714391439285489));
#10243=CARTESIAN_POINT('Ctrl Pts',(35.,-14.519765637815,0.714638233184814));
#10244=CARTESIAN_POINT('Ctrl Pts',(37.,-14.519765637815,0.714638233184814));
#10245=CARTESIAN_POINT('',(35.,-15.7365682348609,0.785670280456543));
#10246=CARTESIAN_POINT('Ctrl Pts',(35.,-14.519765637815,0.714638233184814));
#10247=CARTESIAN_POINT('Ctrl Pts',(35.,-14.763641075741,0.714391439285489));
#10248=CARTESIAN_POINT('Ctrl Pts',(35.,-15.1708510542098,0.713979356218468));
#10249=CARTESIAN_POINT('Ctrl Pts',(35.,-15.5746156567537,0.765146721327792));
#10250=CARTESIAN_POINT('Ctrl Pts',(35.,-15.7365682348609,0.785670280456543));
#10251=CARTESIAN_POINT('',(37.,-15.7365682348609,0.785670280456543));
#10252=CARTESIAN_POINT('Ctrl Pts',(37.,-15.7365682348609,0.785670280456543));
#10253=CARTESIAN_POINT('Ctrl Pts',(37.,-15.5746156567537,0.765146721327792));
#10254=CARTESIAN_POINT('Ctrl Pts',(37.,-15.1708510542098,0.713979356218468));
#10255=CARTESIAN_POINT('Ctrl Pts',(37.,-14.763641075741,0.714391439285489));
#10256=CARTESIAN_POINT('Ctrl Pts',(37.,-14.519765637815,0.714638233184814));
#10257=CARTESIAN_POINT('',(35.,-15.7365682348609,0.785670280456543));
#10258=CARTESIAN_POINT('Ctrl Pts',(35.,-16.3789346441627,1.11303329467773));
#10259=CARTESIAN_POINT('Ctrl Pts',(37.,-16.3789346441627,1.11303329467773));
#10260=CARTESIAN_POINT('Ctrl Pts',(35.,-16.2829770518701,1.0353685114293));
#10261=CARTESIAN_POINT('Ctrl Pts',(37.,-16.2829770518701,1.0353685114293));
#10262=CARTESIAN_POINT('Ctrl Pts',(35.,-16.0919841481327,0.880785407410629));
#10263=CARTESIAN_POINT('Ctrl Pts',(37.,-16.0919841481327,0.880785407410629));
#10264=CARTESIAN_POINT('Ctrl Pts',(35.,-15.8546582001767,0.81727309176463));
#10265=CARTESIAN_POINT('Ctrl Pts',(37.,-15.8546582001767,0.81727309176463));
#10266=CARTESIAN_POINT('Ctrl Pts',(35.,-15.7365682348609,0.785670280456543));
#10267=CARTESIAN_POINT('Ctrl Pts',(37.,-15.7365682348609,0.785670280456543));
#10268=CARTESIAN_POINT('',(35.,-16.3789346441627,1.11303329467773));
#10269=CARTESIAN_POINT('Ctrl Pts',(35.,-15.7365682348609,0.785670280456543));
#10270=CARTESIAN_POINT('Ctrl Pts',(35.,-15.8546582001767,0.81727309176463));
#10271=CARTESIAN_POINT('Ctrl Pts',(35.,-16.0919841481327,0.880785407410629));
#10272=CARTESIAN_POINT('Ctrl Pts',(35.,-16.2829770518701,1.0353685114293));
#10273=CARTESIAN_POINT('Ctrl Pts',(35.,-16.3789346441627,1.11303329467773));
#10274=CARTESIAN_POINT('',(37.,-16.3789346441627,1.11303329467773));
#10275=CARTESIAN_POINT('Ctrl Pts',(37.,-16.3789346441627,1.11303329467773));
#10276=CARTESIAN_POINT('Ctrl Pts',(37.,-16.2829770518701,1.0353685114293));
#10277=CARTESIAN_POINT('Ctrl Pts',(37.,-16.0919841481327,0.880785407410629));
#10278=CARTESIAN_POINT('Ctrl Pts',(37.,-15.8546582001767,0.81727309176463));
#10279=CARTESIAN_POINT('Ctrl Pts',(37.,-15.7365682348609,0.785670280456543));
#10280=CARTESIAN_POINT('',(35.,-16.3789346441627,1.11303329467773));
#10281=CARTESIAN_POINT('Ctrl Pts',(35.,-16.7248323187232,1.69981479644775));
#10282=CARTESIAN_POINT('Ctrl Pts',(37.,-16.7248323187232,1.69981479644775));
#10283=CARTESIAN_POINT('Ctrl Pts',(35.,-16.6920824288144,1.59152808236794));
#10284=CARTESIAN_POINT('Ctrl Pts',(37.,-16.6920824288144,1.59152808236794));
#10285=CARTESIAN_POINT('Ctrl Pts',(35.,-16.6245135854725,1.36811334601212));
#10286=CARTESIAN_POINT('Ctrl Pts',(37.,-16.6245135854725,1.36811334601212));
#10287=CARTESIAN_POINT('Ctrl Pts',(35.,-16.4624485197508,1.19977820675581));
#10288=CARTESIAN_POINT('Ctrl Pts',(37.,-16.4624485197508,1.19977820675581));
#10289=CARTESIAN_POINT('Ctrl Pts',(35.,-16.3789346441627,1.11303329467773));
#10290=CARTESIAN_POINT('Ctrl Pts',(37.,-16.3789346441627,1.11303329467773));
#10291=CARTESIAN_POINT('',(35.,-16.7248323187232,1.69981479644775));
#10292=CARTESIAN_POINT('Ctrl Pts',(35.,-16.3789346441627,1.11303329467773));
#10293=CARTESIAN_POINT('Ctrl Pts',(35.,-16.4624485197508,1.19977820675581));
#10294=CARTESIAN_POINT('Ctrl Pts',(35.,-16.6245135854725,1.36811334601212));
#10295=CARTESIAN_POINT('Ctrl Pts',(35.,-16.6920824288144,1.59152808236794));
#10296=CARTESIAN_POINT('Ctrl Pts',(35.,-16.7248323187232,1.69981479644775));
#10297=CARTESIAN_POINT('',(37.,-16.7248323187232,1.69981479644775));
#10298=CARTESIAN_POINT('Ctrl Pts',(37.,-16.7248323187232,1.69981479644775));
#10299=CARTESIAN_POINT('Ctrl Pts',(37.,-16.6920824288144,1.59152808236794));
#10300=CARTESIAN_POINT('Ctrl Pts',(37.,-16.6245135854725,1.36811334601212));
#10301=CARTESIAN_POINT('Ctrl Pts',(37.,-16.4624485197508,1.19977820675581));
#10302=CARTESIAN_POINT('Ctrl Pts',(37.,-16.3789346441627,1.11303329467773));
#10303=CARTESIAN_POINT('',(35.,-16.7248323187232,1.69981479644775));
#10304=CARTESIAN_POINT('Ctrl Pts',(35.,-16.792772077024,3.25324296951294));
#10305=CARTESIAN_POINT('Ctrl Pts',(37.,-16.792772077024,3.25324296951294));
#10306=CARTESIAN_POINT('Ctrl Pts',(35.,-16.7951091399975,2.91952536553537));
#10307=CARTESIAN_POINT('Ctrl Pts',(37.,-16.7951091399975,2.91952536553537));
#10308=CARTESIAN_POINT('Ctrl Pts',(35.,-16.7987454394176,2.40028512955738));
#10309=CARTESIAN_POINT('Ctrl Pts',(37.,-16.7987454394176,2.40028512955738));
#10310=CARTESIAN_POINT('Ctrl Pts',(35.,-16.7442892982459,1.88420745636396));
#10311=CARTESIAN_POINT('Ctrl Pts',(37.,-16.7442892982459,1.88420745636396));
#10312=CARTESIAN_POINT('Ctrl Pts',(35.,-16.7248323187232,1.69981479644775));
#10313=CARTESIAN_POINT('Ctrl Pts',(37.,-16.7248323187232,1.69981479644775));
#10314=CARTESIAN_POINT('',(35.,-16.792772077024,3.25324296951294));
#10315=CARTESIAN_POINT('Ctrl Pts',(35.,-16.7248323187232,1.69981479644775));
#10316=CARTESIAN_POINT('Ctrl Pts',(35.,-16.7442892982459,1.88420745636396));
#10317=CARTESIAN_POINT('Ctrl Pts',(35.,-16.7987454394176,2.40028512955738));
#10318=CARTESIAN_POINT('Ctrl Pts',(35.,-16.7951091399975,2.91952536553537));
#10319=CARTESIAN_POINT('Ctrl Pts',(35.,-16.792772077024,3.25324296951294));
#10320=CARTESIAN_POINT('',(37.,-16.792772077024,3.25324296951294));
#10321=CARTESIAN_POINT('Ctrl Pts',(37.,-16.792772077024,3.25324296951294));
#10322=CARTESIAN_POINT('Ctrl Pts',(37.,-16.7951091399975,2.91952536553537));
#10323=CARTESIAN_POINT('Ctrl Pts',(37.,-16.7987454394176,2.40028512955738));
#10324=CARTESIAN_POINT('Ctrl Pts',(37.,-16.7442892982459,1.88420745636396));
#10325=CARTESIAN_POINT('Ctrl Pts',(37.,-16.7248323187232,1.69981479644775));
#10326=CARTESIAN_POINT('',(35.,-16.792772077024,3.25324296951294));
#10327=CARTESIAN_POINT('Origin',(35.,-16.792772077024,7.41630554199219));
#10328=CARTESIAN_POINT('',(35.,-16.792772077024,7.41630554199219));
#10329=CARTESIAN_POINT('',(35.,-16.792772077024,-8.79184722900391));
#10330=CARTESIAN_POINT('',(37.,-16.792772077024,7.41630554199219));
#10331=CARTESIAN_POINT('',(37.,-16.792772077024,3.25324296951294));
#10332=CARTESIAN_POINT('',(35.,-16.792772077024,7.41630554199219));
#10333=CARTESIAN_POINT('Origin',(35.,-17.3301389440894,7.41630554199219));
#10334=CARTESIAN_POINT('',(35.,-17.3301389440894,7.41630554199219));
#10335=CARTESIAN_POINT('',(35.,-8.66506947204471,7.41630554199219));
#10336=CARTESIAN_POINT('',(37.,-17.3301389440894,7.41630554199219));
#10337=CARTESIAN_POINT('',(37.,-16.792772077024,7.41630554199219));
#10338=CARTESIAN_POINT('',(35.,-17.3301389440894,7.41630554199219));
#10339=CARTESIAN_POINT('Origin',(35.,-17.3301389440894,8.71340274810791));
#10340=CARTESIAN_POINT('',(35.,-17.3301389440894,8.71340274810791));
#10341=CARTESIAN_POINT('',(35.,-17.3301389440894,-8.14329862594604));
#10342=CARTESIAN_POINT('',(37.,-17.3301389440894,8.71340274810791));
#10343=CARTESIAN_POINT('',(37.,-17.3301389440894,7.41630554199219));
#10344=CARTESIAN_POINT('',(35.,-17.3301389440894,8.71340274810791));
#10345=CARTESIAN_POINT('Origin',(35.,-16.792772077024,8.71340274810791));
#10346=CARTESIAN_POINT('',(35.,-16.792772077024,8.71340274810791));
#10347=CARTESIAN_POINT('',(35.,-8.39638603851199,8.71340274810791));
#10348=CARTESIAN_POINT('',(37.,-16.792772077024,8.71340274810791));
#10349=CARTESIAN_POINT('',(37.,-17.3301389440894,8.71340274810791));
#10350=CARTESIAN_POINT('',(35.,-16.792772077024,8.71340274810791));
#10351=CARTESIAN_POINT('Origin',(35.,-16.792772077024,10.004323720932));
#10352=CARTESIAN_POINT('',(35.,-16.792772077024,10.004323720932));
#10353=CARTESIAN_POINT('',(35.,-16.792772077024,-7.497838139534));
#10354=CARTESIAN_POINT('',(37.,-16.792772077024,10.004323720932));
#10355=CARTESIAN_POINT('',(37.,-16.792772077024,8.71340274810791));
#10356=CARTESIAN_POINT('',(35.,-16.792772077024,10.004323720932));
#10357=CARTESIAN_POINT('Origin',(35.,-14.2912271246314,10.004323720932));
#10358=CARTESIAN_POINT('',(35.,-7.1456135623157,10.004323720932));
#10359=CARTESIAN_POINT('',(37.,-16.792772077024,10.004323720932));
#10360=CARTESIAN_POINT('Origin',(37.,-32.5000014528632,-2.10500359535217));
#10361=CARTESIAN_POINT('Origin',(35.,-48.6581220850348,-7.74119853973388));
#10362=CARTESIAN_POINT('',(35.,-46.2430515512824,-7.74119853973388));
#10363=CARTESIAN_POINT('',(35.,-48.6581220850348,-7.74119853973388));
#10364=CARTESIAN_POINT('',(35.,-24.3290610425174,-7.74119853973388));
#10365=CARTESIAN_POINT('',(37.,-46.2430515512824,-7.74119853973388));
#10366=CARTESIAN_POINT('',(35.,-46.2430515512824,-7.74119853973388));
#10367=CARTESIAN_POINT('',(37.,-48.6581220850348,-7.74119853973388));
#10368=CARTESIAN_POINT('',(37.,-46.2430515512824,-7.74119853973388));
#10369=CARTESIAN_POINT('',(35.,-48.6581220850348,-7.74119853973388));
#10370=CARTESIAN_POINT('Origin',(35.,-48.6581220850348,-7.00000047683715));
#10371=CARTESIAN_POINT('',(35.,-48.6581220850348,-7.00000047683715));
#10372=CARTESIAN_POINT('',(35.,-48.6581220850348,-16.0000002384186));
#10373=CARTESIAN_POINT('',(37.,-48.6581220850348,-7.00000047683715));
#10374=CARTESIAN_POINT('',(37.,-48.6581220850348,-7.74119853973388));
#10375=CARTESIAN_POINT('',(35.,-48.6581220850348,-7.00000047683715));
#10376=CARTESIAN_POINT('Ctrl Pts',(35.,-48.7507727369666,-6.33909940719604));
#10377=CARTESIAN_POINT('Ctrl Pts',(37.,-48.7507727369666,-6.33909940719604));
#10378=CARTESIAN_POINT('Ctrl Pts',(35.,-48.7241831917034,-6.41726218683862));
#10379=CARTESIAN_POINT('Ctrl Pts',(37.,-48.7241831917034,-6.41726218683862));
#10380=CARTESIAN_POINT('Ctrl Pts',(35.,-48.6516756366618,-6.63040581118607));
#10381=CARTESIAN_POINT('Ctrl Pts',(37.,-48.6516756366618,-6.63040581118607));
#10382=CARTESIAN_POINT('Ctrl Pts',(35.,-48.6556225564924,-6.85669483588694));
#10383=CARTESIAN_POINT('Ctrl Pts',(37.,-48.6556225564924,-6.85669483588694));
#10384=CARTESIAN_POINT('Ctrl Pts',(35.,-48.6581220850348,-7.00000047683715));
#10385=CARTESIAN_POINT('Ctrl Pts',(37.,-48.6581220850348,-7.00000047683715));
#10386=CARTESIAN_POINT('',(35.,-48.7507727369666,-6.33909940719604));
#10387=CARTESIAN_POINT('Ctrl Pts',(35.,-48.6581220850348,-7.00000047683715));
#10388=CARTESIAN_POINT('Ctrl Pts',(35.,-48.6556225564924,-6.85669483588694));
#10389=CARTESIAN_POINT('Ctrl Pts',(35.,-48.6516756366618,-6.63040581118607));
#10390=CARTESIAN_POINT('Ctrl Pts',(35.,-48.7241831917034,-6.41726218683862));
#10391=CARTESIAN_POINT('Ctrl Pts',(35.,-48.7507727369666,-6.33909940719604));
#10392=CARTESIAN_POINT('',(37.,-48.7507727369666,-6.33909940719604));
#10393=CARTESIAN_POINT('Ctrl Pts',(37.,-48.7507727369666,-6.33909940719604));
#10394=CARTESIAN_POINT('Ctrl Pts',(37.,-48.7241831917034,-6.41726218683862));
#10395=CARTESIAN_POINT('Ctrl Pts',(37.,-48.6516756366618,-6.63040581118607));
#10396=CARTESIAN_POINT('Ctrl Pts',(37.,-48.6556225564924,-6.85669483588694));
#10397=CARTESIAN_POINT('Ctrl Pts',(37.,-48.6581220850348,-7.00000047683715));
#10398=CARTESIAN_POINT('',(35.,-48.7507727369666,-6.33909940719604));
#10399=CARTESIAN_POINT('Ctrl Pts',(35.,-49.0596046671271,-6.19703531265258));
#10400=CARTESIAN_POINT('Ctrl Pts',(37.,-49.0596046671271,-6.19703531265258));
#10401=CARTESIAN_POINT('Ctrl Pts',(35.,-48.9940459861869,-6.20103360753003));
#10402=CARTESIAN_POINT('Ctrl Pts',(37.,-48.9940459861869,-6.20103360753003));
#10403=CARTESIAN_POINT('Ctrl Pts',(35.,-48.8718018429543,-6.20848903714937));
#10404=CARTESIAN_POINT('Ctrl Pts',(37.,-48.8718018429543,-6.20848903714937));
#10405=CARTESIAN_POINT('Ctrl Pts',(35.,-48.7891151387375,-6.29772163080988));
#10406=CARTESIAN_POINT('Ctrl Pts',(37.,-48.7891151387375,-6.29772163080988));
#10407=CARTESIAN_POINT('Ctrl Pts',(35.,-48.7507727369666,-6.33909940719604));
#10408=CARTESIAN_POINT('Ctrl Pts',(37.,-48.7507727369666,-6.33909940719604));
#10409=CARTESIAN_POINT('',(35.,-49.0596046671271,-6.19703531265258));
#10410=CARTESIAN_POINT('Ctrl Pts',(35.,-48.7507727369666,-6.33909940719604));
#10411=CARTESIAN_POINT('Ctrl Pts',(35.,-48.7891151387375,-6.29772163080988));
#10412=CARTESIAN_POINT('Ctrl Pts',(35.,-48.8718018429543,-6.20848903714937));
#10413=CARTESIAN_POINT('Ctrl Pts',(35.,-48.9940459861869,-6.20103360753003));
#10414=CARTESIAN_POINT('Ctrl Pts',(35.,-49.0596046671271,-6.19703531265258));
#10415=CARTESIAN_POINT('',(37.,-49.0596046671271,-6.19703531265258));
#10416=CARTESIAN_POINT('Ctrl Pts',(37.,-49.0596046671271,-6.19703531265258));
#10417=CARTESIAN_POINT('Ctrl Pts',(37.,-48.9940459861869,-6.20103360753003));
#10418=CARTESIAN_POINT('Ctrl Pts',(37.,-48.8718018429543,-6.20848903714937));
#10419=CARTESIAN_POINT('Ctrl Pts',(37.,-48.7891151387375,-6.29772163080988));
#10420=CARTESIAN_POINT('Ctrl Pts',(37.,-48.7507727369666,-6.33909940719604));
#10421=CARTESIAN_POINT('',(35.,-49.0596046671271,-6.19703531265258));
#10422=CARTESIAN_POINT('Ctrl Pts',(35.,-49.4147625193,-6.38865709304809));
#10423=CARTESIAN_POINT('Ctrl Pts',(37.,-49.4147625193,-6.38865709304809));
#10424=CARTESIAN_POINT('Ctrl Pts',(35.,-49.3694297850103,-6.3327693250668));
#10425=CARTESIAN_POINT('Ctrl Pts',(37.,-49.3694297850103,-6.3327693250668));
#10426=CARTESIAN_POINT('Ctrl Pts',(35.,-49.2777540803899,-6.21974833505551));
#10427=CARTESIAN_POINT('Ctrl Pts',(37.,-49.2777540803899,-6.21974833505551));
#10428=CARTESIAN_POINT('Ctrl Pts',(35.,-49.1328533908239,-6.2046617365674));
#10429=CARTESIAN_POINT('Ctrl Pts',(37.,-49.1328533908239,-6.2046617365674));
#10430=CARTESIAN_POINT('Ctrl Pts',(35.,-49.0596046671271,-6.19703531265258));
#10431=CARTESIAN_POINT('Ctrl Pts',(37.,-49.0596046671271,-6.19703531265258));
#10432=CARTESIAN_POINT('',(35.,-49.4147625193,-6.38865709304809));
#10433=CARTESIAN_POINT('Ctrl Pts',(35.,-49.0596046671271,-6.19703531265258));
#10434=CARTESIAN_POINT('Ctrl Pts',(35.,-49.1328533908239,-6.2046617365674));
#10435=CARTESIAN_POINT('Ctrl Pts',(35.,-49.2777540803899,-6.21974833505551));
#10436=CARTESIAN_POINT('Ctrl Pts',(35.,-49.3694297850103,-6.3327693250668));
#10437=CARTESIAN_POINT('Ctrl Pts',(35.,-49.4147625193,-6.38865709304809));
#10438=CARTESIAN_POINT('',(37.,-49.4147625193,-6.38865709304809));
#10439=CARTESIAN_POINT('Ctrl Pts',(37.,-49.4147625193,-6.38865709304809));
#10440=CARTESIAN_POINT('Ctrl Pts',(37.,-49.3694297850103,-6.3327693250668));
#10441=CARTESIAN_POINT('Ctrl Pts',(37.,-49.2777540803899,-6.21974833505551));
#10442=CARTESIAN_POINT('Ctrl Pts',(37.,-49.1328533908239,-6.2046617365674));
#10443=CARTESIAN_POINT('Ctrl Pts',(37.,-49.0596046671271,-6.19703531265258));
#10444=CARTESIAN_POINT('',(35.,-49.4147625193,-6.38865709304809));
#10445=CARTESIAN_POINT('Ctrl Pts',(35.,-49.5352068170905,-6.96969509124755));
#10446=CARTESIAN_POINT('Ctrl Pts',(37.,-49.5352068170905,-6.96969509124755));
#10447=CARTESIAN_POINT('Ctrl Pts',(35.,-49.5336870533164,-6.85443621146593));
#10448=CARTESIAN_POINT('Ctrl Pts',(37.,-49.5336870533164,-6.85443621146593));
#10449=CARTESIAN_POINT('Ctrl Pts',(35.,-49.5310209633986,-6.6522399605959));
#10450=CARTESIAN_POINT('Ctrl Pts',(37.,-49.5310209633986,-6.6522399605959));
#10451=CARTESIAN_POINT('Ctrl Pts',(35.,-49.4497193791363,-6.46791180377088));
#10452=CARTESIAN_POINT('Ctrl Pts',(37.,-49.4497193791363,-6.46791180377088));
#10453=CARTESIAN_POINT('Ctrl Pts',(35.,-49.4147625193,-6.38865709304809));
#10454=CARTESIAN_POINT('Ctrl Pts',(37.,-49.4147625193,-6.38865709304809));
#10455=CARTESIAN_POINT('',(35.,-49.5352068170905,-6.96969509124755));
#10456=CARTESIAN_POINT('Ctrl Pts',(35.,-49.4147625193,-6.38865709304809));
#10457=CARTESIAN_POINT('Ctrl Pts',(35.,-49.4497193791363,-6.46791180377088));
#10458=CARTESIAN_POINT('Ctrl Pts',(35.,-49.5310209633986,-6.6522399605959));
#10459=CARTESIAN_POINT('Ctrl Pts',(35.,-49.5336870533164,-6.85443621146593));
#10460=CARTESIAN_POINT('Ctrl Pts',(35.,-49.5352068170905,-6.96969509124755));
#10461=CARTESIAN_POINT('',(37.,-49.5352068170905,-6.96969509124755));
#10462=CARTESIAN_POINT('Ctrl Pts',(37.,-49.5352068170905,-6.96969509124755));
#10463=CARTESIAN_POINT('Ctrl Pts',(37.,-49.5336870533164,-6.85443621146593));
#10464=CARTESIAN_POINT('Ctrl Pts',(37.,-49.5310209633986,-6.6522399605959));
#10465=CARTESIAN_POINT('Ctrl Pts',(37.,-49.4497193791363,-6.46791180377088));
#10466=CARTESIAN_POINT('Ctrl Pts',(37.,-49.4147625193,-6.38865709304809));
#10467=CARTESIAN_POINT('',(35.,-49.5352068170905,-6.96969509124755));
#10468=CARTESIAN_POINT('Ctrl Pts',(35.,-49.3998029455543,-7.72372961044311));
#10469=CARTESIAN_POINT('Ctrl Pts',(37.,-49.3998029455543,-7.72372961044311));
#10470=CARTESIAN_POINT('Ctrl Pts',(35.,-49.4390986543598,-7.61972612526096));
#10471=CARTESIAN_POINT('Ctrl Pts',(37.,-49.4390986543598,-7.61972612526096));
#10472=CARTESIAN_POINT('Ctrl Pts',(35.,-49.5306154432529,-7.37750972843583));
#10473=CARTESIAN_POINT('Ctrl Pts',(37.,-49.5306154432529,-7.37750972843583));
#10474=CARTESIAN_POINT('Ctrl Pts',(35.,-49.5335387354459,-7.11785730473048));
#10475=CARTESIAN_POINT('Ctrl Pts',(37.,-49.5335387354459,-7.11785730473048));
#10476=CARTESIAN_POINT('Ctrl Pts',(35.,-49.5352068170905,-6.96969509124755));
#10477=CARTESIAN_POINT('Ctrl Pts',(37.,-49.5352068170905,-6.96969509124755));
#10478=CARTESIAN_POINT('',(35.,-49.3998029455543,-7.72372961044311));
#10479=CARTESIAN_POINT('Ctrl Pts',(35.,-49.5352068170905,-6.96969509124755));
#10480=CARTESIAN_POINT('Ctrl Pts',(35.,-49.5335387354459,-7.11785730473048));
#10481=CARTESIAN_POINT('Ctrl Pts',(35.,-49.5306154432529,-7.37750972843583));
#10482=CARTESIAN_POINT('Ctrl Pts',(35.,-49.4390986543598,-7.61972612526096));
#10483=CARTESIAN_POINT('Ctrl Pts',(35.,-49.3998029455543,-7.72372961044311));
#10484=CARTESIAN_POINT('',(37.,-49.3998029455543,-7.72372961044311));
#10485=CARTESIAN_POINT('Ctrl Pts',(37.,-49.3998029455543,-7.72372961044311));
#10486=CARTESIAN_POINT('Ctrl Pts',(37.,-49.4390986543598,-7.61972612526096));
#10487=CARTESIAN_POINT('Ctrl Pts',(37.,-49.5306154432529,-7.37750972843583));
#10488=CARTESIAN_POINT('Ctrl Pts',(37.,-49.5335387354459,-7.11785730473048));
#10489=CARTESIAN_POINT('Ctrl Pts',(37.,-49.5352068170905,-6.96969509124755));
#10490=CARTESIAN_POINT('',(35.,-49.3998029455543,-7.72372961044311));
#10491=CARTESIAN_POINT('Ctrl Pts',(35.,-48.6649742349982,-8.33512306213379));
#10492=CARTESIAN_POINT('Ctrl Pts',(37.,-48.6649742349982,-8.33512306213379));
#10493=CARTESIAN_POINT('Ctrl Pts',(35.,-48.8368482176585,-8.23556348527902));
#10494=CARTESIAN_POINT('Ctrl Pts',(37.,-48.8368482176585,-8.23556348527902));
#10495=CARTESIAN_POINT('Ctrl Pts',(35.,-49.1178723404428,-8.07277769119127));
#10496=CARTESIAN_POINT('Ctrl Pts',(37.,-49.1178723404428,-8.07277769119127));
#10497=CARTESIAN_POINT('Ctrl Pts',(35.,-49.3209336607794,-7.821374818099));
#10498=CARTESIAN_POINT('Ctrl Pts',(37.,-49.3209336607794,-7.821374818099));
#10499=CARTESIAN_POINT('Ctrl Pts',(35.,-49.3998029455543,-7.72372961044311));
#10500=CARTESIAN_POINT('Ctrl Pts',(37.,-49.3998029455543,-7.72372961044311));
#10501=CARTESIAN_POINT('',(35.,-48.6649742349982,-8.33512306213379));
#10502=CARTESIAN_POINT('Ctrl Pts',(35.,-49.3998029455543,-7.72372961044311));
#10503=CARTESIAN_POINT('Ctrl Pts',(35.,-49.3209336607794,-7.821374818099));
#10504=CARTESIAN_POINT('Ctrl Pts',(35.,-49.1178723404428,-8.07277769119127));
#10505=CARTESIAN_POINT('Ctrl Pts',(35.,-48.8368482176585,-8.23556348527902));
#10506=CARTESIAN_POINT('Ctrl Pts',(35.,-48.6649742349982,-8.33512306213379));
#10507=CARTESIAN_POINT('',(37.,-48.6649742349982,-8.33512306213379));
#10508=CARTESIAN_POINT('Ctrl Pts',(37.,-48.6649742349982,-8.33512306213379));
#10509=CARTESIAN_POINT('Ctrl Pts',(37.,-48.8368482176585,-8.23556348527902));
#10510=CARTESIAN_POINT('Ctrl Pts',(37.,-49.1178723404428,-8.07277769119127));
#10511=CARTESIAN_POINT('Ctrl Pts',(37.,-49.3209336607794,-7.821374818099));
#10512=CARTESIAN_POINT('Ctrl Pts',(37.,-49.3998029455543,-7.72372961044311));
#10513=CARTESIAN_POINT('',(35.,-48.6649742349982,-8.33512306213379));
#10514=CARTESIAN_POINT('Ctrl Pts',(35.,-46.4777639135718,-10.0265598297119));
#10515=CARTESIAN_POINT('Ctrl Pts',(37.,-46.4777639135718,-10.0265598297119));
#10516=CARTESIAN_POINT('Ctrl Pts',(35.,-46.7269633263436,-9.76527851668266));
#10517=CARTESIAN_POINT('Ctrl Pts',(37.,-46.7269633263436,-9.76527851668266));
#10518=CARTESIAN_POINT('Ctrl Pts',(35.,-47.3683202764415,-9.09282674732182));
#10519=CARTESIAN_POINT('Ctrl Pts',(37.,-47.3683202764415,-9.09282674732182));
#10520=CARTESIAN_POINT('Ctrl Pts',(35.,-48.1729708530048,-8.62262673510783));
#10521=CARTESIAN_POINT('Ctrl Pts',(37.,-48.1729708530048,-8.62262673510783));
#10522=CARTESIAN_POINT('Ctrl Pts',(35.,-48.6649742349982,-8.33512306213379));
#10523=CARTESIAN_POINT('Ctrl Pts',(37.,-48.6649742349982,-8.33512306213379));
#10524=CARTESIAN_POINT('',(35.,-46.4777639135718,-10.0265598297119));
#10525=CARTESIAN_POINT('Ctrl Pts',(35.,-48.6649742349982,-8.33512306213379));
#10526=CARTESIAN_POINT('Ctrl Pts',(35.,-48.1729708530048,-8.62262673510783));
#10527=CARTESIAN_POINT('Ctrl Pts',(35.,-47.3683202764415,-9.09282674732182));
#10528=CARTESIAN_POINT('Ctrl Pts',(35.,-46.7269633263436,-9.76527851668266));
#10529=CARTESIAN_POINT('Ctrl Pts',(35.,-46.4777639135718,-10.0265598297119));
#10530=CARTESIAN_POINT('',(37.,-46.4777639135718,-10.0265598297119));
#10531=CARTESIAN_POINT('Ctrl Pts',(37.,-46.4777639135718,-10.0265598297119));
#10532=CARTESIAN_POINT('Ctrl Pts',(37.,-46.7269633263436,-9.76527851668266));
#10533=CARTESIAN_POINT('Ctrl Pts',(37.,-47.3683202764415,-9.09282674732182));
#10534=CARTESIAN_POINT('Ctrl Pts',(37.,-48.1729708530048,-8.62262673510783));
#10535=CARTESIAN_POINT('Ctrl Pts',(37.,-48.6649742349982,-8.33512306213379));
#10536=CARTESIAN_POINT('',(35.,-46.4777639135718,-10.0265598297119));
#10537=CARTESIAN_POINT('Ctrl Pts',(35.,-46.0268690809608,-12.1575045585632));
#10538=CARTESIAN_POINT('Ctrl Pts',(37.,-46.0268690809608,-12.1575045585632));
#10539=CARTESIAN_POINT('Ctrl Pts',(35.,-46.0305446557505,-11.7269443890515));
#10540=CARTESIAN_POINT('Ctrl Pts',(37.,-46.0305446557505,-11.7269443890515));
#10541=CARTESIAN_POINT('Ctrl Pts',(35.,-46.0368974858524,-10.9827681004551));
#10542=CARTESIAN_POINT('Ctrl Pts',(37.,-46.0368974858524,-10.9827681004551));
#10543=CARTESIAN_POINT('Ctrl Pts',(35.,-46.3470550740187,-10.3100581085137));
#10544=CARTESIAN_POINT('Ctrl Pts',(37.,-46.3470550740187,-10.3100581085137));
#10545=CARTESIAN_POINT('Ctrl Pts',(35.,-46.4777639135718,-10.0265598297119));
#10546=CARTESIAN_POINT('Ctrl Pts',(37.,-46.4777639135718,-10.0265598297119));
#10547=CARTESIAN_POINT('',(35.,-46.0268690809608,-12.1575045585632));
#10548=CARTESIAN_POINT('Ctrl Pts',(35.,-46.4777639135718,-10.0265598297119));
#10549=CARTESIAN_POINT('Ctrl Pts',(35.,-46.3470550740187,-10.3100581085137));
#10550=CARTESIAN_POINT('Ctrl Pts',(35.,-46.0368974858524,-10.9827681004551));
#10551=CARTESIAN_POINT('Ctrl Pts',(35.,-46.0305446557505,-11.7269443890515));
#10552=CARTESIAN_POINT('Ctrl Pts',(35.,-46.0268690809608,-12.1575045585632));
#10553=CARTESIAN_POINT('',(37.,-46.0268690809608,-12.1575045585632));
#10554=CARTESIAN_POINT('Ctrl Pts',(37.,-46.0268690809608,-12.1575045585632));
#10555=CARTESIAN_POINT('Ctrl Pts',(37.,-46.0305446557505,-11.7269443890515));
#10556=CARTESIAN_POINT('Ctrl Pts',(37.,-46.0368974858524,-10.9827681004551));
#10557=CARTESIAN_POINT('Ctrl Pts',(37.,-46.3470550740187,-10.3100581085137));
#10558=CARTESIAN_POINT('Ctrl Pts',(37.,-46.4777639135718,-10.0265598297119));
#10559=CARTESIAN_POINT('',(35.,-46.0268690809608,-12.1575045585632));
#10560=CARTESIAN_POINT('Ctrl Pts',(35.,-46.2770226225257,-13.7325525283813));
#10561=CARTESIAN_POINT('Ctrl Pts',(37.,-46.2770226225257,-13.7325525283813));
#10562=CARTESIAN_POINT('Ctrl Pts',(35.,-46.2045213641423,-13.5186429715577));
#10563=CARTESIAN_POINT('Ctrl Pts',(37.,-46.2045213641423,-13.5186429715577));
#10564=CARTESIAN_POINT('Ctrl Pts',(35.,-46.0319147712579,-13.0093800896154));
#10565=CARTESIAN_POINT('Ctrl Pts',(37.,-46.0319147712579,-13.0093800896154));
#10566=CARTESIAN_POINT('Ctrl Pts',(35.,-46.0287212203953,-12.4702055313693));
#10567=CARTESIAN_POINT('Ctrl Pts',(37.,-46.0287212203953,-12.4702055313693));
#10568=CARTESIAN_POINT('Ctrl Pts',(35.,-46.0268690809608,-12.1575045585632));
#10569=CARTESIAN_POINT('Ctrl Pts',(37.,-46.0268690809608,-12.1575045585632));
#10570=CARTESIAN_POINT('',(35.,-46.2770226225257,-13.7325525283813));
#10571=CARTESIAN_POINT('Ctrl Pts',(35.,-46.0268690809608,-12.1575045585632));
#10572=CARTESIAN_POINT('Ctrl Pts',(35.,-46.0287212203953,-12.4702055313693));
#10573=CARTESIAN_POINT('Ctrl Pts',(35.,-46.0319147712579,-13.0093800896154));
#10574=CARTESIAN_POINT('Ctrl Pts',(35.,-46.2045213641423,-13.5186429715577));
#10575=CARTESIAN_POINT('Ctrl Pts',(35.,-46.2770226225257,-13.7325525283813));
#10576=CARTESIAN_POINT('',(37.,-46.2770226225257,-13.7325525283813));
#10577=CARTESIAN_POINT('Ctrl Pts',(37.,-46.2770226225257,-13.7325525283813));
#10578=CARTESIAN_POINT('Ctrl Pts',(37.,-46.2045213641423,-13.5186429715577));
#10579=CARTESIAN_POINT('Ctrl Pts',(37.,-46.0319147712579,-13.0093800896154));
#10580=CARTESIAN_POINT('Ctrl Pts',(37.,-46.0287212203953,-12.4702055313693));
#10581=CARTESIAN_POINT('Ctrl Pts',(37.,-46.0268690809608,-12.1575045585632));
#10582=CARTESIAN_POINT('',(35.,-46.2770226225257,-13.7325525283813));
#10583=CARTESIAN_POINT('Ctrl Pts',(35.,-47.2436692938209,-14.5818400382996));
#10584=CARTESIAN_POINT('Ctrl Pts',(37.,-47.2436692938209,-14.5818400382996));
#10585=CARTESIAN_POINT('Ctrl Pts',(35.,-47.0292155630388,-14.4699138397053));
#10586=CARTESIAN_POINT('Ctrl Pts',(37.,-47.0292155630388,-14.4699138397053));
#10587=CARTESIAN_POINT('Ctrl Pts',(35.,-46.6362853264042,-14.2648384253542));
#10588=CARTESIAN_POINT('Ctrl Pts',(37.,-46.6362853264042,-14.2648384253542));
#10589=CARTESIAN_POINT('Ctrl Pts',(35.,-46.3892368253058,-13.8988098017779));
#10590=CARTESIAN_POINT('Ctrl Pts',(37.,-46.3892368253058,-13.8988098017779));
#10591=CARTESIAN_POINT('Ctrl Pts',(35.,-46.2770226225257,-13.7325525283813));
#10592=CARTESIAN_POINT('Ctrl Pts',(37.,-46.2770226225257,-13.7325525283813));
#10593=CARTESIAN_POINT('',(35.,-47.2436692938209,-14.5818400382996));
#10594=CARTESIAN_POINT('Ctrl Pts',(35.,-46.2770226225257,-13.7325525283813));
#10595=CARTESIAN_POINT('Ctrl Pts',(35.,-46.3892368253058,-13.8988098017779));
#10596=CARTESIAN_POINT('Ctrl Pts',(35.,-46.6362853264042,-14.2648384253542));
#10597=CARTESIAN_POINT('Ctrl Pts',(35.,-47.0292155630388,-14.4699138397053));
#10598=CARTESIAN_POINT('Ctrl Pts',(35.,-47.2436692938209,-14.5818400382996));
#10599=CARTESIAN_POINT('',(37.,-47.2436692938209,-14.5818400382996));
#10600=CARTESIAN_POINT('Ctrl Pts',(37.,-47.2436692938209,-14.5818400382996));
#10601=CARTESIAN_POINT('Ctrl Pts',(37.,-47.0292155630388,-14.4699138397053));
#10602=CARTESIAN_POINT('Ctrl Pts',(37.,-46.6362853264042,-14.2648384253542));
#10603=CARTESIAN_POINT('Ctrl Pts',(37.,-46.3892368253058,-13.8988098017779));
#10604=CARTESIAN_POINT('Ctrl Pts',(37.,-46.2770226225257,-13.7325525283813));
#10605=CARTESIAN_POINT('',(35.,-47.2436692938209,-14.5818400382996));
#10606=CARTESIAN_POINT('Ctrl Pts',(35.,-48.9113655313849,-14.9246454238892));
#10607=CARTESIAN_POINT('Ctrl Pts',(37.,-48.9113655313849,-14.9246454238892));
#10608=CARTESIAN_POINT('Ctrl Pts',(35.,-48.6102381760214,-14.913222940376));
#10609=CARTESIAN_POINT('Ctrl Pts',(37.,-48.6102381760214,-14.913222940376));
#10610=CARTESIAN_POINT('Ctrl Pts',(35.,-48.0348300928765,-14.8913963303852));
#10611=CARTESIAN_POINT('Ctrl Pts',(37.,-48.0348300928765,-14.8913963303852));
#10612=CARTESIAN_POINT('Ctrl Pts',(35.,-47.4990570981165,-14.6817652391387));
#10613=CARTESIAN_POINT('Ctrl Pts',(37.,-47.4990570981165,-14.6817652391387));
#10614=CARTESIAN_POINT('Ctrl Pts',(35.,-47.2436692938209,-14.5818400382996));
#10615=CARTESIAN_POINT('Ctrl Pts',(37.,-47.2436692938209,-14.5818400382996));
#10616=CARTESIAN_POINT('',(35.,-48.9113655313849,-14.9246454238892));
#10617=CARTESIAN_POINT('Ctrl Pts',(35.,-47.2436692938209,-14.5818400382996));
#10618=CARTESIAN_POINT('Ctrl Pts',(35.,-47.4990570981165,-14.6817652391387));
#10619=CARTESIAN_POINT('Ctrl Pts',(35.,-48.0348300928765,-14.8913963303852));
#10620=CARTESIAN_POINT('Ctrl Pts',(35.,-48.6102381760214,-14.913222940376));
#10621=CARTESIAN_POINT('Ctrl Pts',(35.,-48.9113655313849,-14.9246454238892));
#10622=CARTESIAN_POINT('',(37.,-48.9113655313849,-14.9246454238892));
#10623=CARTESIAN_POINT('Ctrl Pts',(37.,-48.9113655313849,-14.9246454238892));
#10624=CARTESIAN_POINT('Ctrl Pts',(37.,-48.6102381760214,-14.913222940376));
#10625=CARTESIAN_POINT('Ctrl Pts',(37.,-48.0348300928765,-14.8913963303852));
#10626=CARTESIAN_POINT('Ctrl Pts',(37.,-47.4990570981165,-14.6817652391387));
#10627=CARTESIAN_POINT('Ctrl Pts',(37.,-47.2436692938209,-14.5818400382996));
#10628=CARTESIAN_POINT('',(35.,-48.9113655313849,-14.9246454238892));
#10629=CARTESIAN_POINT('Ctrl Pts',(35.,-50.6933292374015,-14.5293402671814));
#10630=CARTESIAN_POINT('Ctrl Pts',(37.,-50.6933292374015,-14.5293402671814));
#10631=CARTESIAN_POINT('Ctrl Pts',(35.,-50.4255679012136,-14.6445357215666));
#10632=CARTESIAN_POINT('Ctrl Pts',(37.,-50.4255679012136,-14.6445357215666));
#10633=CARTESIAN_POINT('Ctrl Pts',(35.,-49.8574170132866,-14.8889638403752));
#10634=CARTESIAN_POINT('Ctrl Pts',(37.,-49.8574170132866,-14.8889638403752));
#10635=CARTESIAN_POINT('Ctrl Pts',(35.,-49.2385627090774,-14.9123047493649));
#10636=CARTESIAN_POINT('Ctrl Pts',(37.,-49.2385627090774,-14.9123047493649));
#10637=CARTESIAN_POINT('Ctrl Pts',(35.,-48.9113655313849,-14.9246454238892));
#10638=CARTESIAN_POINT('Ctrl Pts',(37.,-48.9113655313849,-14.9246454238892));
#10639=CARTESIAN_POINT('',(35.,-50.6933292374015,-14.5293402671814));
#10640=CARTESIAN_POINT('Ctrl Pts',(35.,-48.9113655313849,-14.9246454238892));
#10641=CARTESIAN_POINT('Ctrl Pts',(35.,-49.2385627090774,-14.9123047493649));
#10642=CARTESIAN_POINT('Ctrl Pts',(35.,-49.8574170132866,-14.8889638403752));
#10643=CARTESIAN_POINT('Ctrl Pts',(35.,-50.4255679012136,-14.6445357215666));
#10644=CARTESIAN_POINT('Ctrl Pts',(35.,-50.6933292374015,-14.5293402671814));
#10645=CARTESIAN_POINT('',(37.,-50.6933292374015,-14.5293402671814));
#10646=CARTESIAN_POINT('Ctrl Pts',(37.,-50.6933292374015,-14.5293402671814));
#10647=CARTESIAN_POINT('Ctrl Pts',(37.,-50.4255679012136,-14.6445357215666));
#10648=CARTESIAN_POINT('Ctrl Pts',(37.,-49.8574170132866,-14.8889638403752));
#10649=CARTESIAN_POINT('Ctrl Pts',(37.,-49.2385627090774,-14.9123047493649));
#10650=CARTESIAN_POINT('Ctrl Pts',(37.,-48.9113655313849,-14.9246454238892));
#10651=CARTESIAN_POINT('',(35.,-50.6933292374015,-14.5293402671814));
#10652=CARTESIAN_POINT('Ctrl Pts',(35.,-51.6599753126502,-13.5225462913513));
#10653=CARTESIAN_POINT('Ctrl Pts',(37.,-51.6599753126502,-13.5225462913513));
#10654=CARTESIAN_POINT('Ctrl Pts',(35.,-51.5550596921278,-13.7212093367311));
#10655=CARTESIAN_POINT('Ctrl Pts',(37.,-51.5550596921278,-13.7212093367311));
#10656=CARTESIAN_POINT('Ctrl Pts',(35.,-51.3298676935175,-14.1476218005408));
#10657=CARTESIAN_POINT('Ctrl Pts',(37.,-51.3298676935175,-14.1476218005408));
#10658=CARTESIAN_POINT('Ctrl Pts',(35.,-50.9149429803061,-14.3964432563013));
#10659=CARTESIAN_POINT('Ctrl Pts',(37.,-50.9149429803061,-14.3964432563013));
#10660=CARTESIAN_POINT('Ctrl Pts',(35.,-50.6933292374015,-14.5293402671814));
#10661=CARTESIAN_POINT('Ctrl Pts',(37.,-50.6933292374015,-14.5293402671814));
#10662=CARTESIAN_POINT('',(35.,-51.6599753126502,-13.5225462913513));
#10663=CARTESIAN_POINT('Ctrl Pts',(35.,-50.6933292374015,-14.5293402671814));
#10664=CARTESIAN_POINT('Ctrl Pts',(35.,-50.9149429803061,-14.3964432563013));
#10665=CARTESIAN_POINT('Ctrl Pts',(35.,-51.3298676935175,-14.1476218005408));
#10666=CARTESIAN_POINT('Ctrl Pts',(35.,-51.5550596921278,-13.7212093367311));
#10667=CARTESIAN_POINT('Ctrl Pts',(35.,-51.6599753126502,-13.5225462913513));
#10668=CARTESIAN_POINT('',(37.,-51.6599753126502,-13.5225462913513));
#10669=CARTESIAN_POINT('Ctrl Pts',(37.,-51.6599753126502,-13.5225462913513));
#10670=CARTESIAN_POINT('Ctrl Pts',(37.,-51.5550596921278,-13.7212093367311));
#10671=CARTESIAN_POINT('Ctrl Pts',(37.,-51.3298676935175,-14.1476218005408));
#10672=CARTESIAN_POINT('Ctrl Pts',(37.,-50.9149429803061,-14.3964432563013));
#10673=CARTESIAN_POINT('Ctrl Pts',(37.,-50.6933292374015,-14.5293402671814));
#10674=CARTESIAN_POINT('',(35.,-51.6599753126502,-13.5225462913513));
#10675=CARTESIAN_POINT('Ctrl Pts',(35.,-51.888511441648,-11.7869067192078));
#10676=CARTESIAN_POINT('Ctrl Pts',(37.,-51.888511441648,-11.7869067192078));
#10677=CARTESIAN_POINT('Ctrl Pts',(35.,-51.8853738793051,-12.1211845628576));
#10678=CARTESIAN_POINT('Ctrl Pts',(37.,-51.8853738793051,-12.1211845628576));
#10679=CARTESIAN_POINT('Ctrl Pts',(35.,-51.8798484387758,-12.7098684337999));
#10680=CARTESIAN_POINT('Ctrl Pts',(37.,-51.8798484387758,-12.7098684337999));
#10681=CARTESIAN_POINT('Ctrl Pts',(35.,-51.7263229804886,-13.2773172290164));
#10682=CARTESIAN_POINT('Ctrl Pts',(37.,-51.7263229804886,-13.2773172290164));
#10683=CARTESIAN_POINT('Ctrl Pts',(35.,-51.6599753126502,-13.5225462913513));
#10684=CARTESIAN_POINT('Ctrl Pts',(37.,-51.6599753126502,-13.5225462913513));
#10685=CARTESIAN_POINT('',(35.,-51.888511441648,-11.7869067192078));
#10686=CARTESIAN_POINT('Ctrl Pts',(35.,-51.6599753126502,-13.5225462913513));
#10687=CARTESIAN_POINT('Ctrl Pts',(35.,-51.7263229804886,-13.2773172290164));
#10688=CARTESIAN_POINT('Ctrl Pts',(35.,-51.8798484387758,-12.7098684337999));
#10689=CARTESIAN_POINT('Ctrl Pts',(35.,-51.8853738793051,-12.1211845628576));
#10690=CARTESIAN_POINT('Ctrl Pts',(35.,-51.888511441648,-11.7869067192078));
#10691=CARTESIAN_POINT('',(37.,-51.888511441648,-11.7869067192078));
#10692=CARTESIAN_POINT('Ctrl Pts',(37.,-51.888511441648,-11.7869067192078));
#10693=CARTESIAN_POINT('Ctrl Pts',(37.,-51.8853738793051,-12.1211845628576));
#10694=CARTESIAN_POINT('Ctrl Pts',(37.,-51.8798484387758,-12.7098684337999));
#10695=CARTESIAN_POINT('Ctrl Pts',(37.,-51.7263229804886,-13.2773172290164));
#10696=CARTESIAN_POINT('Ctrl Pts',(37.,-51.6599753126502,-13.5225462913513));
#10697=CARTESIAN_POINT('',(35.,-51.888511441648,-11.7869067192078));
#10698=CARTESIAN_POINT('Origin',(35.,-51.888511441648,-11.1321806907654));
#10699=CARTESIAN_POINT('',(35.,-51.888511441648,-11.1321806907654));
#10700=CARTESIAN_POINT('',(35.,-51.888511441648,-18.0660903453827));
#10701=CARTESIAN_POINT('',(37.,-51.888511441648,-11.1321806907654));
#10702=CARTESIAN_POINT('',(37.,-51.888511441648,-11.7869067192078));
#10703=CARTESIAN_POINT('',(35.,-51.888511441648,-11.1321806907654));
#10704=CARTESIAN_POINT('Origin',(35.,-49.4734409078956,-11.1321806907654));
#10705=CARTESIAN_POINT('',(35.,-49.4734409078956,-11.1321806907654));
#10706=CARTESIAN_POINT('',(35.,-24.7367204539478,-11.1321806907654));
#10707=CARTESIAN_POINT('',(37.,-49.4734409078956,-11.1321806907654));
#10708=CARTESIAN_POINT('',(37.,-51.888511441648,-11.1321806907654));
#10709=CARTESIAN_POINT('',(35.,-49.4734409078956,-11.1321806907654));
#10710=CARTESIAN_POINT('Origin',(35.,-49.4734409078956,-12.3489809036255));
#10711=CARTESIAN_POINT('',(35.,-49.4734409078956,-12.3489809036255));
#10712=CARTESIAN_POINT('',(35.,-49.4734409078956,-18.6744904518127));
#10713=CARTESIAN_POINT('',(37.,-49.4734409078956,-12.3489809036255));
#10714=CARTESIAN_POINT('',(37.,-49.4734409078956,-11.1321806907654));
#10715=CARTESIAN_POINT('',(35.,-49.4734409078956,-12.3489809036255));
#10716=CARTESIAN_POINT('Ctrl Pts',(35.,-49.3715265020728,-13.0716490745544));
#10717=CARTESIAN_POINT('Ctrl Pts',(37.,-49.3715265020728,-13.0716490745544));
#10718=CARTESIAN_POINT('Ctrl Pts',(35.,-49.4007977792711,-12.9853132098718));
#10719=CARTESIAN_POINT('Ctrl Pts',(37.,-49.4007977792711,-12.9853132098718));
#10720=CARTESIAN_POINT('Ctrl Pts',(35.,-49.4798450175306,-12.7521627525248));
#10721=CARTESIAN_POINT('Ctrl Pts',(37.,-49.4798450175306,-12.7521627525248));
#10722=CARTESIAN_POINT('Ctrl Pts',(35.,-49.4759153900813,-12.5047662289181));
#10723=CARTESIAN_POINT('Ctrl Pts',(37.,-49.4759153900813,-12.5047662289181));
#10724=CARTESIAN_POINT('Ctrl Pts',(35.,-49.4734409078956,-12.3489809036255));
#10725=CARTESIAN_POINT('Ctrl Pts',(37.,-49.4734409078956,-12.3489809036255));
#10726=CARTESIAN_POINT('',(35.,-49.3715265020728,-13.0716490745544));
#10727=CARTESIAN_POINT('Ctrl Pts',(35.,-49.4734409078956,-12.3489809036255));
#10728=CARTESIAN_POINT('Ctrl Pts',(35.,-49.4759153900813,-12.5047662289181));
#10729=CARTESIAN_POINT('Ctrl Pts',(35.,-49.4798450175306,-12.7521627525248));
#10730=CARTESIAN_POINT('Ctrl Pts',(35.,-49.4007977792711,-12.9853132098718));
#10731=CARTESIAN_POINT('Ctrl Pts',(35.,-49.3715265020728,-13.0716490745544));
#10732=CARTESIAN_POINT('',(37.,-49.3715265020728,-13.0716490745544));
#10733=CARTESIAN_POINT('Ctrl Pts',(37.,-49.3715265020728,-13.0716490745544));
#10734=CARTESIAN_POINT('Ctrl Pts',(37.,-49.4007977792711,-12.9853132098718));
#10735=CARTESIAN_POINT('Ctrl Pts',(37.,-49.4798450175306,-12.7521627525248));
#10736=CARTESIAN_POINT('Ctrl Pts',(37.,-49.4759153900813,-12.5047662289181));
#10737=CARTESIAN_POINT('Ctrl Pts',(37.,-49.4734409078956,-12.3489809036255));
#10738=CARTESIAN_POINT('',(35.,-49.3715265020728,-13.0716490745544));
#10739=CARTESIAN_POINT('Ctrl Pts',(35.,-49.0101912245154,-13.2322430610657));
#10740=CARTESIAN_POINT('Ctrl Pts',(37.,-49.0101912245154,-13.2322430610657));
#10741=CARTESIAN_POINT('Ctrl Pts',(35.,-49.0880765071375,-13.2284184580156));
#10742=CARTESIAN_POINT('Ctrl Pts',(37.,-49.0880765071375,-13.2284184580156));
#10743=CARTESIAN_POINT('Ctrl Pts',(35.,-49.2306099972654,-13.2214192663489));
#10744=CARTESIAN_POINT('Ctrl Pts',(37.,-49.2306099972654,-13.2214192663489));
#10745=CARTESIAN_POINT('Ctrl Pts',(35.,-49.3275554392433,-13.1183828089909));
#10746=CARTESIAN_POINT('Ctrl Pts',(37.,-49.3275554392433,-13.1183828089909));
#10747=CARTESIAN_POINT('Ctrl Pts',(35.,-49.3715265020728,-13.0716490745544));
#10748=CARTESIAN_POINT('Ctrl Pts',(37.,-49.3715265020728,-13.0716490745544));
#10749=CARTESIAN_POINT('',(35.,-49.0101912245154,-13.2322430610657));
#10750=CARTESIAN_POINT('Ctrl Pts',(35.,-49.3715265020728,-13.0716490745544));
#10751=CARTESIAN_POINT('Ctrl Pts',(35.,-49.3275554392433,-13.1183828089909));
#10752=CARTESIAN_POINT('Ctrl Pts',(35.,-49.2306099972654,-13.2214192663489));
#10753=CARTESIAN_POINT('Ctrl Pts',(35.,-49.0880765071375,-13.2284184580156));
#10754=CARTESIAN_POINT('Ctrl Pts',(35.,-49.0101912245154,-13.2322430610657));
#10755=CARTESIAN_POINT('',(37.,-49.0101912245154,-13.2322430610657));
#10756=CARTESIAN_POINT('Ctrl Pts',(37.,-49.0101912245154,-13.2322430610657));
#10757=CARTESIAN_POINT('Ctrl Pts',(37.,-49.0880765071375,-13.2284184580156));
#10758=CARTESIAN_POINT('Ctrl Pts',(37.,-49.2306099972654,-13.2214192663489));
#10759=CARTESIAN_POINT('Ctrl Pts',(37.,-49.3275554392433,-13.1183828089909));
#10760=CARTESIAN_POINT('Ctrl Pts',(37.,-49.3715265020728,-13.0716490745544));
#10761=CARTESIAN_POINT('',(35.,-49.0101912245154,-13.2322430610657));
#10762=CARTESIAN_POINT('Ctrl Pts',(35.,-48.6241510137916,-13.0284142494202));
#10763=CARTESIAN_POINT('Ctrl Pts',(37.,-48.6241510137916,-13.0284142494202));
#10764=CARTESIAN_POINT('Ctrl Pts',(35.,-48.6728739876744,-13.0878550208862));
#10765=CARTESIAN_POINT('Ctrl Pts',(37.,-48.6728739876744,-13.0878550208862));
#10766=CARTESIAN_POINT('Ctrl Pts',(35.,-48.7726826727621,-13.209619042411));
#10767=CARTESIAN_POINT('Ctrl Pts',(37.,-48.7726826727621,-13.209619042411));
#10768=CARTESIAN_POINT('Ctrl Pts',(35.,-48.9297820537201,-13.2245836375769));
#10769=CARTESIAN_POINT('Ctrl Pts',(37.,-48.9297820537201,-13.2245836375769));
#10770=CARTESIAN_POINT('Ctrl Pts',(35.,-49.0101912245154,-13.2322430610657));
#10771=CARTESIAN_POINT('Ctrl Pts',(37.,-49.0101912245154,-13.2322430610657));
#10772=CARTESIAN_POINT('',(35.,-48.6241510137916,-13.0284142494202));
#10773=CARTESIAN_POINT('Ctrl Pts',(35.,-49.0101912245154,-13.2322430610657));
#10774=CARTESIAN_POINT('Ctrl Pts',(35.,-48.9297820537201,-13.2245836375769));
#10775=CARTESIAN_POINT('Ctrl Pts',(35.,-48.7726826727621,-13.209619042411));
#10776=CARTESIAN_POINT('Ctrl Pts',(35.,-48.6728739876744,-13.0878550208862));
#10777=CARTESIAN_POINT('Ctrl Pts',(35.,-48.6241510137916,-13.0284142494202));
#10778=CARTESIAN_POINT('',(37.,-48.6241510137916,-13.0284142494202));
#10779=CARTESIAN_POINT('Ctrl Pts',(37.,-48.6241510137916,-13.0284142494202));
#10780=CARTESIAN_POINT('Ctrl Pts',(37.,-48.6728739876744,-13.0878550208862));
#10781=CARTESIAN_POINT('Ctrl Pts',(37.,-48.7726826727621,-13.209619042411));
#10782=CARTESIAN_POINT('Ctrl Pts',(37.,-48.9297820537201,-13.2245836375769));
#10783=CARTESIAN_POINT('Ctrl Pts',(37.,-49.0101912245154,-13.2322430610657));
#10784=CARTESIAN_POINT('',(35.,-48.6241510137916,-13.0284142494202));
#10785=CARTESIAN_POINT('Ctrl Pts',(35.,-48.4975292906165,-12.4231004714966));
#10786=CARTESIAN_POINT('Ctrl Pts',(37.,-48.4975292906165,-12.4231004714966));
#10787=CARTESIAN_POINT('Ctrl Pts',(35.,-48.4993504333453,-12.5424474765609));
#10788=CARTESIAN_POINT('Ctrl Pts',(37.,-48.4993504333453,-12.5424474765609));
#10789=CARTESIAN_POINT('Ctrl Pts',(35.,-48.5025649982264,-12.7531111906583));
#10790=CARTESIAN_POINT('Ctrl Pts',(37.,-48.5025649982264,-12.7531111906583));
#10791=CARTESIAN_POINT('Ctrl Pts',(35.,-48.5873842767602,-12.94516458359));
#10792=CARTESIAN_POINT('Ctrl Pts',(37.,-48.5873842767602,-12.94516458359));
#10793=CARTESIAN_POINT('Ctrl Pts',(35.,-48.6241510137916,-13.0284142494202));
#10794=CARTESIAN_POINT('Ctrl Pts',(37.,-48.6241510137916,-13.0284142494202));
#10795=CARTESIAN_POINT('',(35.,-48.4975292906165,-12.4231004714966));
#10796=CARTESIAN_POINT('Ctrl Pts',(35.,-48.6241510137916,-13.0284142494202));
#10797=CARTESIAN_POINT('Ctrl Pts',(35.,-48.5873842767602,-12.94516458359));
#10798=CARTESIAN_POINT('Ctrl Pts',(35.,-48.5025649982264,-12.7531111906583));
#10799=CARTESIAN_POINT('Ctrl Pts',(35.,-48.4993504333453,-12.5424474765609));
#10800=CARTESIAN_POINT('Ctrl Pts',(35.,-48.4975292906165,-12.4231004714966));
#10801=CARTESIAN_POINT('',(37.,-48.4975292906165,-12.4231004714966));
#10802=CARTESIAN_POINT('Ctrl Pts',(37.,-48.4975292906165,-12.4231004714966));
#10803=CARTESIAN_POINT('Ctrl Pts',(37.,-48.4993504333453,-12.5424474765609));
#10804=CARTESIAN_POINT('Ctrl Pts',(37.,-48.5025649982264,-12.7531111906583));
#10805=CARTESIAN_POINT('Ctrl Pts',(37.,-48.5873842767602,-12.94516458359));
#10806=CARTESIAN_POINT('Ctrl Pts',(37.,-48.6241510137916,-13.0284142494202));
#10807=CARTESIAN_POINT('',(35.,-48.4975292906165,-12.4231004714966));
#10808=CARTESIAN_POINT('Ctrl Pts',(35.,-48.7384190782905,-11.2680673599243));
#10809=CARTESIAN_POINT('Ctrl Pts',(37.,-48.7384190782905,-11.2680673599243));
#10810=CARTESIAN_POINT('Ctrl Pts',(35.,-48.6690040060567,-11.4073432626389));
#10811=CARTESIAN_POINT('Ctrl Pts',(37.,-48.6690040060567,-11.4073432626389));
#10812=CARTESIAN_POINT('Ctrl Pts',(35.,-48.4893515226805,-11.7678018920394));
#10813=CARTESIAN_POINT('Ctrl Pts',(37.,-48.4893515226805,-11.7678018920394));
#10814=CARTESIAN_POINT('Ctrl Pts',(35.,-48.4944195031309,-12.173907863232));
#10815=CARTESIAN_POINT('Ctrl Pts',(37.,-48.4944195031309,-12.173907863232));
#10816=CARTESIAN_POINT('Ctrl Pts',(35.,-48.4975292906165,-12.4231004714966));
#10817=CARTESIAN_POINT('Ctrl Pts',(37.,-48.4975292906165,-12.4231004714966));
#10818=CARTESIAN_POINT('',(35.,-48.7384190782905,-11.2680673599243));
#10819=CARTESIAN_POINT('Ctrl Pts',(35.,-48.4975292906165,-12.4231004714966));
#10820=CARTESIAN_POINT('Ctrl Pts',(35.,-48.4944195031309,-12.173907863232));
#10821=CARTESIAN_POINT('Ctrl Pts',(35.,-48.4893515226805,-11.7678018920394));
#10822=CARTESIAN_POINT('Ctrl Pts',(35.,-48.6690040060567,-11.4073432626389));
#10823=CARTESIAN_POINT('Ctrl Pts',(35.,-48.7384190782905,-11.2680673599243));
#10824=CARTESIAN_POINT('',(37.,-48.7384190782905,-11.2680673599243));
#10825=CARTESIAN_POINT('Ctrl Pts',(37.,-48.7384190782905,-11.2680673599243));
#10826=CARTESIAN_POINT('Ctrl Pts',(37.,-48.6690040060567,-11.4073432626389));
#10827=CARTESIAN_POINT('Ctrl Pts',(37.,-48.4893515226805,-11.7678018920394));
#10828=CARTESIAN_POINT('Ctrl Pts',(37.,-48.4944195031309,-12.173907863232));
#10829=CARTESIAN_POINT('Ctrl Pts',(37.,-48.4975292906165,-12.4231004714966));
#10830=CARTESIAN_POINT('',(35.,-48.7384190782905,-11.2680673599243));
#10831=CARTESIAN_POINT('Ctrl Pts',(35.,-49.9552192911506,-10.3601002693176));
#10832=CARTESIAN_POINT('Ctrl Pts',(37.,-49.9552192911506,-10.3601002693176));
#10833=CARTESIAN_POINT('Ctrl Pts',(35.,-49.6861229092387,-10.5338728186819));
#10834=CARTESIAN_POINT('Ctrl Pts',(37.,-49.6861229092387,-10.5338728186819));
#10835=CARTESIAN_POINT('Ctrl Pts',(35.,-49.259636028637,-10.8092823652022));
#10836=CARTESIAN_POINT('Ctrl Pts',(37.,-49.259636028637,-10.8092823652022));
#10837=CARTESIAN_POINT('Ctrl Pts',(35.,-48.878918776772,-11.1443968741823));
#10838=CARTESIAN_POINT('Ctrl Pts',(37.,-48.878918776772,-11.1443968741823));
#10839=CARTESIAN_POINT('Ctrl Pts',(35.,-48.7384190782905,-11.2680673599243));
#10840=CARTESIAN_POINT('Ctrl Pts',(37.,-48.7384190782905,-11.2680673599243));
#10841=CARTESIAN_POINT('',(35.,-49.9552192911506,-10.3601002693176));
#10842=CARTESIAN_POINT('Ctrl Pts',(35.,-48.7384190782905,-11.2680673599243));
#10843=CARTESIAN_POINT('Ctrl Pts',(35.,-48.878918776772,-11.1443968741823));
#10844=CARTESIAN_POINT('Ctrl Pts',(35.,-49.259636028637,-10.8092823652022));
#10845=CARTESIAN_POINT('Ctrl Pts',(35.,-49.6861229092387,-10.5338728186819));
#10846=CARTESIAN_POINT('Ctrl Pts',(35.,-49.9552192911506,-10.3601002693176));
#10847=CARTESIAN_POINT('',(37.,-49.9552192911506,-10.3601002693176));
#10848=CARTESIAN_POINT('Ctrl Pts',(37.,-49.9552192911506,-10.3601002693176));
#10849=CARTESIAN_POINT('Ctrl Pts',(37.,-49.6861229092387,-10.5338728186819));
#10850=CARTESIAN_POINT('Ctrl Pts',(37.,-49.259636028637,-10.8092823652022));
#10851=CARTESIAN_POINT('Ctrl Pts',(37.,-48.878918776772,-11.1443968741823));
#10852=CARTESIAN_POINT('Ctrl Pts',(37.,-48.7384190782905,-11.2680673599243));
#10853=CARTESIAN_POINT('',(35.,-49.9552192911506,-10.3601002693176));
#10854=CARTESIAN_POINT('Ctrl Pts',(35.,-51.2399628385901,-9.42742347717285));
#10855=CARTESIAN_POINT('Ctrl Pts',(37.,-51.2399628385901,-9.42742347717285));
#10856=CARTESIAN_POINT('Ctrl Pts',(35.,-51.0819380449,-9.55561570979705));
#10857=CARTESIAN_POINT('Ctrl Pts',(37.,-51.0819380449,-9.55561570979705));
#10858=CARTESIAN_POINT('Ctrl Pts',(35.,-50.6705408151397,-9.88934770302954));
#10859=CARTESIAN_POINT('Ctrl Pts',(37.,-50.6705408151397,-9.88934770302954));
#10860=CARTESIAN_POINT('Ctrl Pts',(35.,-50.2278592240815,-10.1806761309468));
#10861=CARTESIAN_POINT('Ctrl Pts',(37.,-50.2278592240815,-10.1806761309468));
#10862=CARTESIAN_POINT('Ctrl Pts',(35.,-49.9552192911506,-10.3601002693176));
#10863=CARTESIAN_POINT('Ctrl Pts',(37.,-49.9552192911506,-10.3601002693176));
#10864=CARTESIAN_POINT('',(35.,-51.2399628385901,-9.42742347717285));
#10865=CARTESIAN_POINT('Ctrl Pts',(35.,-49.9552192911506,-10.3601002693176));
#10866=CARTESIAN_POINT('Ctrl Pts',(35.,-50.2278592240815,-10.1806761309468));
#10867=CARTESIAN_POINT('Ctrl Pts',(35.,-50.6705408151397,-9.88934770302954));
#10868=CARTESIAN_POINT('Ctrl Pts',(35.,-51.0819380449,-9.55561570979705));
#10869=CARTESIAN_POINT('Ctrl Pts',(35.,-51.2399628385901,-9.42742347717285));
#10870=CARTESIAN_POINT('',(37.,-51.2399628385901,-9.42742347717285));
#10871=CARTESIAN_POINT('Ctrl Pts',(37.,-51.2399628385901,-9.42742347717285));
#10872=CARTESIAN_POINT('Ctrl Pts',(37.,-51.0819380449,-9.55561570979705));
#10873=CARTESIAN_POINT('Ctrl Pts',(37.,-50.6705408151397,-9.88934770302954));
#10874=CARTESIAN_POINT('Ctrl Pts',(37.,-50.2278592240815,-10.1806761309468));
#10875=CARTESIAN_POINT('Ctrl Pts',(37.,-49.9552192911506,-10.3601002693176));
#10876=CARTESIAN_POINT('',(35.,-51.2399628385901,-9.42742347717285));
#10877=CARTESIAN_POINT('Ctrl Pts',(35.,-51.7618903145194,-8.62446069717407));
#10878=CARTESIAN_POINT('Ctrl Pts',(37.,-51.7618903145194,-8.62446069717407));
#10879=CARTESIAN_POINT('Ctrl Pts',(35.,-51.6923112993748,-8.78236593332607));
#10880=CARTESIAN_POINT('Ctrl Pts',(37.,-51.6923112993748,-8.78236593332607));
#10881=CARTESIAN_POINT('Ctrl Pts',(35.,-51.5617410012181,-9.07868708305814));
#10882=CARTESIAN_POINT('Ctrl Pts',(37.,-51.5617410012181,-9.07868708305814));
#10883=CARTESIAN_POINT('Ctrl Pts',(35.,-51.3424137729801,-9.31638931270055));
#10884=CARTESIAN_POINT('Ctrl Pts',(37.,-51.3424137729801,-9.31638931270055));
#10885=CARTESIAN_POINT('Ctrl Pts',(35.,-51.2399628385901,-9.42742347717285));
#10886=CARTESIAN_POINT('Ctrl Pts',(37.,-51.2399628385901,-9.42742347717285));
#10887=CARTESIAN_POINT('',(35.,-51.7618903145194,-8.62446069717407));
#10888=CARTESIAN_POINT('Ctrl Pts',(35.,-51.2399628385901,-9.42742347717285));
#10889=CARTESIAN_POINT('Ctrl Pts',(35.,-51.3424137729801,-9.31638931270055));
#10890=CARTESIAN_POINT('Ctrl Pts',(35.,-51.5617410012181,-9.07868708305814));
#10891=CARTESIAN_POINT('Ctrl Pts',(35.,-51.6923112993748,-8.78236593332607));
#10892=CARTESIAN_POINT('Ctrl Pts',(35.,-51.7618903145194,-8.62446069717407));
#10893=CARTESIAN_POINT('',(37.,-51.7618903145194,-8.62446069717407));
#10894=CARTESIAN_POINT('Ctrl Pts',(37.,-51.7618903145194,-8.62446069717407));
#10895=CARTESIAN_POINT('Ctrl Pts',(37.,-51.6923112993748,-8.78236593332607));
#10896=CARTESIAN_POINT('Ctrl Pts',(37.,-51.5617410012181,-9.07868708305814));
#10897=CARTESIAN_POINT('Ctrl Pts',(37.,-51.3424137729801,-9.31638931270055));
#10898=CARTESIAN_POINT('Ctrl Pts',(37.,-51.2399628385901,-9.42742347717285));
#10899=CARTESIAN_POINT('',(35.,-51.7618903145194,-8.62446069717407));
#10900=CARTESIAN_POINT('Ctrl Pts',(35.,-51.9688084349036,-7.31501102447509));
#10901=CARTESIAN_POINT('Ctrl Pts',(37.,-51.9688084349036,-7.31501102447509));
#10902=CARTESIAN_POINT('Ctrl Pts',(35.,-51.9638800542024,-7.55898662264177));
#10903=CARTESIAN_POINT('Ctrl Pts',(37.,-51.9638800542024,-7.55898662264177));
#10904=CARTESIAN_POINT('Ctrl Pts',(35.,-51.9548606670613,-8.00548426684271));
#10905=CARTESIAN_POINT('Ctrl Pts',(37.,-51.9548606670613,-8.00548426684271));
#10906=CARTESIAN_POINT('Ctrl Pts',(35.,-51.8221053607017,-8.43131343985085));
#10907=CARTESIAN_POINT('Ctrl Pts',(37.,-51.8221053607017,-8.43131343985085));
#10908=CARTESIAN_POINT('Ctrl Pts',(35.,-51.7618903145194,-8.62446069717407));
#10909=CARTESIAN_POINT('Ctrl Pts',(37.,-51.7618903145194,-8.62446069717407));
#10910=CARTESIAN_POINT('',(35.,-51.9688084349036,-7.31501102447509));
#10911=CARTESIAN_POINT('Ctrl Pts',(35.,-51.7618903145194,-8.62446069717407));
#10912=CARTESIAN_POINT('Ctrl Pts',(35.,-51.8221053607017,-8.43131343985085));
#10913=CARTESIAN_POINT('Ctrl Pts',(35.,-51.9548606670613,-8.00548426684271));
#10914=CARTESIAN_POINT('Ctrl Pts',(35.,-51.9638800542024,-7.55898662264177));
#10915=CARTESIAN_POINT('Ctrl Pts',(35.,-51.9688084349036,-7.31501102447509));
#10916=CARTESIAN_POINT('',(37.,-51.9688084349036,-7.31501102447509));
#10917=CARTESIAN_POINT('Ctrl Pts',(37.,-51.9688084349036,-7.31501102447509));
#10918=CARTESIAN_POINT('Ctrl Pts',(37.,-51.9638800542024,-7.55898662264177));
#10919=CARTESIAN_POINT('Ctrl Pts',(37.,-51.9548606670613,-8.00548426684271));
#10920=CARTESIAN_POINT('Ctrl Pts',(37.,-51.8221053607017,-8.43131343985085));
#10921=CARTESIAN_POINT('Ctrl Pts',(37.,-51.7618903145194,-8.62446069717407));
#10922=CARTESIAN_POINT('',(35.,-51.9688084349036,-7.31501102447509));
#10923=CARTESIAN_POINT('Ctrl Pts',(35.,-51.6754170879722,-5.63496112823486));
#10924=CARTESIAN_POINT('Ctrl Pts',(37.,-51.6754170879722,-5.63496112823486));
#10925=CARTESIAN_POINT('Ctrl Pts',(35.,-51.7604414691707,-5.86122548458495));
#10926=CARTESIAN_POINT('Ctrl Pts',(37.,-51.7604414691707,-5.86122548458495));
#10927=CARTESIAN_POINT('Ctrl Pts',(35.,-51.9632096517991,-6.40082614599487));
#10928=CARTESIAN_POINT('Ctrl Pts',(37.,-51.9632096517991,-6.40082614599487));
#10929=CARTESIAN_POINT('Ctrl Pts',(35.,-51.9667516568769,-6.97917458728778));
#10930=CARTESIAN_POINT('Ctrl Pts',(37.,-51.9667516568769,-6.97917458728778));
#10931=CARTESIAN_POINT('Ctrl Pts',(35.,-51.9688084349036,-7.31501102447509));
#10932=CARTESIAN_POINT('Ctrl Pts',(37.,-51.9688084349036,-7.31501102447509));
#10933=CARTESIAN_POINT('',(35.,-51.6754170879722,-5.63496112823486));
#10934=CARTESIAN_POINT('Ctrl Pts',(35.,-51.9688084349036,-7.31501102447509));
#10935=CARTESIAN_POINT('Ctrl Pts',(35.,-51.9667516568769,-6.97917458728778));
#10936=CARTESIAN_POINT('Ctrl Pts',(35.,-51.9632096517991,-6.40082614599487));
#10937=CARTESIAN_POINT('Ctrl Pts',(35.,-51.7604414691707,-5.86122548458495));
#10938=CARTESIAN_POINT('Ctrl Pts',(35.,-51.6754170879722,-5.63496112823486));
#10939=CARTESIAN_POINT('',(37.,-51.6754170879722,-5.63496112823486));
#10940=CARTESIAN_POINT('Ctrl Pts',(37.,-51.6754170879722,-5.63496112823486));
#10941=CARTESIAN_POINT('Ctrl Pts',(37.,-51.7604414691707,-5.86122548458495));
#10942=CARTESIAN_POINT('Ctrl Pts',(37.,-51.9632096517991,-6.40082614599487));
#10943=CARTESIAN_POINT('Ctrl Pts',(37.,-51.9667516568769,-6.97917458728778));
#10944=CARTESIAN_POINT('Ctrl Pts',(37.,-51.9688084349036,-7.31501102447509));
#10945=CARTESIAN_POINT('',(35.,-51.6754170879722,-5.63496112823486));
#10946=CARTESIAN_POINT('Ctrl Pts',(35.,-50.7273009046912,-4.80420112609863));
#10947=CARTESIAN_POINT('Ctrl Pts',(37.,-50.7273009046912,-4.80420112609863));
#10948=CARTESIAN_POINT('Ctrl Pts',(35.,-50.927953163741,-4.90928375928211));
#10949=CARTESIAN_POINT('Ctrl Pts',(37.,-50.927953163741,-4.90928375928211));
#10950=CARTESIAN_POINT('Ctrl Pts',(35.,-51.3116045432939,-5.11020398504387));
#10951=CARTESIAN_POINT('Ctrl Pts',(37.,-51.3116045432939,-5.11020398504387));
#10952=CARTESIAN_POINT('Ctrl Pts',(35.,-51.5579242494455,-5.46549141864813));
#10953=CARTESIAN_POINT('Ctrl Pts',(37.,-51.5579242494455,-5.46549141864813));
#10954=CARTESIAN_POINT('Ctrl Pts',(35.,-51.6754170879722,-5.63496112823486));
#10955=CARTESIAN_POINT('Ctrl Pts',(37.,-51.6754170879722,-5.63496112823486));
#10956=CARTESIAN_POINT('',(35.,-50.7273009046912,-4.80420112609863));
#10957=CARTESIAN_POINT('Ctrl Pts',(35.,-51.6754170879722,-5.63496112823486));
#10958=CARTESIAN_POINT('Ctrl Pts',(35.,-51.5579242494455,-5.46549141864813));
#10959=CARTESIAN_POINT('Ctrl Pts',(35.,-51.3116045432939,-5.11020398504387));
#10960=CARTESIAN_POINT('Ctrl Pts',(35.,-50.927953163741,-4.90928375928211));
#10961=CARTESIAN_POINT('Ctrl Pts',(35.,-50.7273009046912,-4.80420112609863));
#10962=CARTESIAN_POINT('',(37.,-50.7273009046912,-4.80420112609863));
#10963=CARTESIAN_POINT('Ctrl Pts',(37.,-50.7273009046912,-4.80420112609863));
#10964=CARTESIAN_POINT('Ctrl Pts',(37.,-50.927953163741,-4.90928375928211));
#10965=CARTESIAN_POINT('Ctrl Pts',(37.,-51.3116045432939,-5.11020398504387));
#10966=CARTESIAN_POINT('Ctrl Pts',(37.,-51.5579242494455,-5.46549141864813));
#10967=CARTESIAN_POINT('Ctrl Pts',(37.,-51.6754170879722,-5.63496112823486));
#10968=CARTESIAN_POINT('',(35.,-50.7273009046912,-4.80420112609863));
#10969=CARTESIAN_POINT('Ctrl Pts',(35.,-49.1460778936744,-4.5046329498291));
#10970=CARTESIAN_POINT('Ctrl Pts',(37.,-49.1460778936744,-4.5046329498291));
#10971=CARTESIAN_POINT('Ctrl Pts',(35.,-49.4354215756699,-4.51353806338518));
#10972=CARTESIAN_POINT('Ctrl Pts',(37.,-49.4354215756699,-4.51353806338518));
#10973=CARTESIAN_POINT('Ctrl Pts',(35.,-49.9788475324308,-4.53026305223203));
#10974=CARTESIAN_POINT('Ctrl Pts',(37.,-49.9788475324308,-4.53026305223203));
#10975=CARTESIAN_POINT('Ctrl Pts',(35.,-50.4888472714092,-4.71692577745469));
#10976=CARTESIAN_POINT('Ctrl Pts',(37.,-50.4888472714092,-4.71692577745469));
#10977=CARTESIAN_POINT('Ctrl Pts',(35.,-50.7273009046912,-4.80420112609863));
#10978=CARTESIAN_POINT('Ctrl Pts',(37.,-50.7273009046912,-4.80420112609863));
#10979=CARTESIAN_POINT('',(35.,-49.1460778936744,-4.5046329498291));
#10980=CARTESIAN_POINT('Ctrl Pts',(35.,-50.7273009046912,-4.80420112609863));
#10981=CARTESIAN_POINT('Ctrl Pts',(35.,-50.4888472714092,-4.71692577745469));
#10982=CARTESIAN_POINT('Ctrl Pts',(35.,-49.9788475324308,-4.53026305223203));
#10983=CARTESIAN_POINT('Ctrl Pts',(35.,-49.4354215756699,-4.51353806338518));
#10984=CARTESIAN_POINT('Ctrl Pts',(35.,-49.1460778936744,-4.5046329498291));
#10985=CARTESIAN_POINT('',(37.,-49.1460778936744,-4.5046329498291));
#10986=CARTESIAN_POINT('Ctrl Pts',(37.,-49.1460778936744,-4.5046329498291));
#10987=CARTESIAN_POINT('Ctrl Pts',(37.,-49.4354215756699,-4.51353806338518));
#10988=CARTESIAN_POINT('Ctrl Pts',(37.,-49.9788475324308,-4.53026305223203));
#10989=CARTESIAN_POINT('Ctrl Pts',(37.,-50.4888472714092,-4.71692577745469));
#10990=CARTESIAN_POINT('Ctrl Pts',(37.,-50.7273009046912,-4.80420112609863));
#10991=CARTESIAN_POINT('',(35.,-49.1460778936744,-4.5046329498291));
#10992=CARTESIAN_POINT('Ctrl Pts',(35.,-47.4197032675147,-4.83199596405029));
#10993=CARTESIAN_POINT('Ctrl Pts',(37.,-47.4197032675147,-4.83199596405029));
#10994=CARTESIAN_POINT('Ctrl Pts',(35.,-47.679803358865,-4.7366247980106));
#10995=CARTESIAN_POINT('Ctrl Pts',(37.,-47.679803358865,-4.7366247980106));
#10996=CARTESIAN_POINT('Ctrl Pts',(35.,-48.2365454994404,-4.53248358893041));
#10997=CARTESIAN_POINT('Ctrl Pts',(37.,-48.2365454994404,-4.53248358893041));
#10998=CARTESIAN_POINT('Ctrl Pts',(35.,-48.8299183532389,-4.51431401816149));
#10999=CARTESIAN_POINT('Ctrl Pts',(37.,-48.8299183532389,-4.51431401816149));
#11000=CARTESIAN_POINT('Ctrl Pts',(35.,-49.1460778936744,-4.5046329498291));
#11001=CARTESIAN_POINT('Ctrl Pts',(37.,-49.1460778936744,-4.5046329498291));
#11002=CARTESIAN_POINT('',(35.,-47.4197032675147,-4.83199596405029));
#11003=CARTESIAN_POINT('Ctrl Pts',(35.,-49.1460778936744,-4.5046329498291));
#11004=CARTESIAN_POINT('Ctrl Pts',(35.,-48.8299183532389,-4.51431401816149));
#11005=CARTESIAN_POINT('Ctrl Pts',(35.,-48.2365454994404,-4.53248358893041));
#11006=CARTESIAN_POINT('Ctrl Pts',(35.,-47.679803358865,-4.7366247980106));
#11007=CARTESIAN_POINT('Ctrl Pts',(35.,-47.4197032675147,-4.83199596405029));
#11008=CARTESIAN_POINT('',(37.,-47.4197032675147,-4.83199596405029));
#11009=CARTESIAN_POINT('Ctrl Pts',(37.,-47.4197032675147,-4.83199596405029));
#11010=CARTESIAN_POINT('Ctrl Pts',(37.,-47.679803358865,-4.7366247980106));
#11011=CARTESIAN_POINT('Ctrl Pts',(37.,-48.2365454994404,-4.53248358893041));
#11012=CARTESIAN_POINT('Ctrl Pts',(37.,-48.8299183532389,-4.51431401816149));
#11013=CARTESIAN_POINT('Ctrl Pts',(37.,-49.1460778936744,-4.5046329498291));
#11014=CARTESIAN_POINT('',(35.,-47.4197032675147,-4.83199596405029));
#11015=CARTESIAN_POINT('Ctrl Pts',(35.,-46.4746763929725,-5.656578540802));
#11016=CARTESIAN_POINT('Ctrl Pts',(37.,-46.4746763929725,-5.656578540802));
#11017=CARTESIAN_POINT('Ctrl Pts',(35.,-46.5818064062125,-5.49367727753908));
#11018=CARTESIAN_POINT('Ctrl Pts',(37.,-46.5818064062125,-5.49367727753908));
#11019=CARTESIAN_POINT('Ctrl Pts',(35.,-46.8191134911748,-5.13282953046547));
#11020=CARTESIAN_POINT('Ctrl Pts',(37.,-46.8191134911748,-5.13282953046547));
#11021=CARTESIAN_POINT('Ctrl Pts',(35.,-47.2069511883621,-4.9385628242519));
#11022=CARTESIAN_POINT('Ctrl Pts',(37.,-47.2069511883621,-4.9385628242519));
#11023=CARTESIAN_POINT('Ctrl Pts',(35.,-47.4197032675147,-4.83199596405029));
#11024=CARTESIAN_POINT('Ctrl Pts',(37.,-47.4197032675147,-4.83199596405029));
#11025=CARTESIAN_POINT('',(35.,-46.4746763929725,-5.656578540802));
#11026=CARTESIAN_POINT('Ctrl Pts',(35.,-47.4197032675147,-4.83199596405029));
#11027=CARTESIAN_POINT('Ctrl Pts',(35.,-47.2069511883621,-4.9385628242519));
#11028=CARTESIAN_POINT('Ctrl Pts',(35.,-46.8191134911748,-5.13282953046547));
#11029=CARTESIAN_POINT('Ctrl Pts',(35.,-46.5818064062125,-5.49367727753908));
#11030=CARTESIAN_POINT('Ctrl Pts',(35.,-46.4746763929725,-5.656578540802));
#11031=CARTESIAN_POINT('',(37.,-46.4746763929725,-5.656578540802));
#11032=CARTESIAN_POINT('Ctrl Pts',(37.,-46.4746763929725,-5.656578540802));
#11033=CARTESIAN_POINT('Ctrl Pts',(37.,-46.5818064062125,-5.49367727753908));
#11034=CARTESIAN_POINT('Ctrl Pts',(37.,-46.8191134911748,-5.13282953046547));
#11035=CARTESIAN_POINT('Ctrl Pts',(37.,-47.2069511883621,-4.9385628242519));
#11036=CARTESIAN_POINT('Ctrl Pts',(37.,-47.4197032675147,-4.83199596405029));
#11037=CARTESIAN_POINT('',(35.,-46.4746763929725,-5.656578540802));
#11038=CARTESIAN_POINT('Ctrl Pts',(35.,-46.2430515512824,-7.34589338302612));
#11039=CARTESIAN_POINT('Ctrl Pts',(37.,-46.2430515512824,-7.34589338302612));
#11040=CARTESIAN_POINT('Ctrl Pts',(35.,-46.2427275386517,-7.00336641214573));
#11041=CARTESIAN_POINT('Ctrl Pts',(37.,-46.2427275386517,-7.00336641214573));
#11042=CARTESIAN_POINT('Ctrl Pts',(35.,-46.2421833725235,-6.42810619725277));
#11043=CARTESIAN_POINT('Ctrl Pts',(37.,-46.2421833725235,-6.42810619725277));
#11044=CARTESIAN_POINT('Ctrl Pts',(35.,-46.4077094463184,-5.87880822886708));
#11045=CARTESIAN_POINT('Ctrl Pts',(37.,-46.4077094463184,-5.87880822886708));
#11046=CARTESIAN_POINT('Ctrl Pts',(35.,-46.4746763929725,-5.656578540802));
#11047=CARTESIAN_POINT('Ctrl Pts',(37.,-46.4746763929725,-5.656578540802));
#11048=CARTESIAN_POINT('',(35.,-46.2430515512824,-7.34589338302612));
#11049=CARTESIAN_POINT('Ctrl Pts',(35.,-46.4746763929725,-5.656578540802));
#11050=CARTESIAN_POINT('Ctrl Pts',(35.,-46.4077094463184,-5.87880822886708));
#11051=CARTESIAN_POINT('Ctrl Pts',(35.,-46.2421833725235,-6.42810619725277));
#11052=CARTESIAN_POINT('Ctrl Pts',(35.,-46.2427275386517,-7.00336641214573));
#11053=CARTESIAN_POINT('Ctrl Pts',(35.,-46.2430515512824,-7.34589338302612));
#11054=CARTESIAN_POINT('',(37.,-46.2430515512824,-7.34589338302612));
#11055=CARTESIAN_POINT('Ctrl Pts',(37.,-46.2430515512824,-7.34589338302612));
#11056=CARTESIAN_POINT('Ctrl Pts',(37.,-46.2427275386517,-7.00336641214573));
#11057=CARTESIAN_POINT('Ctrl Pts',(37.,-46.2421833725235,-6.42810619725277));
#11058=CARTESIAN_POINT('Ctrl Pts',(37.,-46.4077094463184,-5.87880822886708));
#11059=CARTESIAN_POINT('Ctrl Pts',(37.,-46.4746763929725,-5.656578540802));
#11060=CARTESIAN_POINT('',(35.,-46.2430515512824,-7.34589338302612));
#11061=CARTESIAN_POINT('Origin',(35.,-46.2430515512824,-7.74119853973388));
#11062=CARTESIAN_POINT('',(35.,-46.2430515512824,-16.3705992698669));
#11063=CARTESIAN_POINT('',(37.,-46.2430515512824,-7.34589338302612));
#11064=CARTESIAN_POINT('Origin',(37.,-32.5000014528632,-2.10500359535217));
#11065=CARTESIAN_POINT('Origin',(35.,-35.7180359587073,-14.7146391868591));
#11066=CARTESIAN_POINT('',(35.,-35.7180359587073,-6.51822090148925));
#11067=CARTESIAN_POINT('',(35.,-35.7180359587073,-14.7146391868591));
#11068=CARTESIAN_POINT('',(35.,-35.7180359587073,-19.8573195934296));
#11069=CARTESIAN_POINT('',(37.,-35.7180359587073,-6.51822090148925));
#11070=CARTESIAN_POINT('',(35.,-35.7180359587073,-6.51822090148925));
#11071=CARTESIAN_POINT('',(37.,-35.7180359587073,-14.7146391868591));
#11072=CARTESIAN_POINT('',(37.,-35.7180359587073,-6.51822090148925));
#11073=CARTESIAN_POINT('',(35.,-35.7180359587073,-14.7146391868591));
#11074=CARTESIAN_POINT('Origin',(35.,-38.2566383108497,-14.7146391868591));
#11075=CARTESIAN_POINT('',(35.,-38.2566383108497,-14.7146391868591));
#11076=CARTESIAN_POINT('',(35.,-19.1283191554248,-14.7146391868591));
#11077=CARTESIAN_POINT('',(37.,-38.2566383108497,-14.7146391868591));
#11078=CARTESIAN_POINT('',(37.,-35.7180359587073,-14.7146391868591));
#11079=CARTESIAN_POINT('',(35.,-38.2566383108497,-14.7146391868591));
#11080=CARTESIAN_POINT('Origin',(35.,-38.2134034857154,-14.0336632728577));
#11081=CARTESIAN_POINT('',(35.,-38.2134034857154,-14.0336632728577));
#11082=CARTESIAN_POINT('',(35.,-38.4834211847778,-18.2866132696371));
#11083=CARTESIAN_POINT('',(37.,-38.2134034857154,-14.0336632728577));
#11084=CARTESIAN_POINT('',(37.,-38.2566383108497,-14.7146391868591));
#11085=CARTESIAN_POINT('',(35.,-38.2134034857154,-14.0336632728577));
#11086=CARTESIAN_POINT('Ctrl Pts',(35.,-38.8526871427894,-14.6555757522583));
#11087=CARTESIAN_POINT('Ctrl Pts',(37.,-38.8526871427894,-14.6555757522583));
#11088=CARTESIAN_POINT('Ctrl Pts',(35.,-38.7297931544216,-14.5757388055555));
#11089=CARTESIAN_POINT('Ctrl Pts',(37.,-38.7297931544216,-14.5757388055555));
#11090=CARTESIAN_POINT('Ctrl Pts',(35.,-38.4758563091052,-14.4107710747926));
#11091=CARTESIAN_POINT('Ctrl Pts',(37.,-38.4758563091052,-14.4107710747926));
#11092=CARTESIAN_POINT('Ctrl Pts',(35.,-38.3027395405487,-14.1620266215029));
#11093=CARTESIAN_POINT('Ctrl Pts',(37.,-38.3027395405487,-14.1620266215029));
#11094=CARTESIAN_POINT('Ctrl Pts',(35.,-38.2134034857154,-14.0336632728577));
#11095=CARTESIAN_POINT('Ctrl Pts',(37.,-38.2134034857154,-14.0336632728577));
#11096=CARTESIAN_POINT('',(35.,-38.8526871427894,-14.6555757522583));
#11097=CARTESIAN_POINT('Ctrl Pts',(35.,-38.2134034857154,-14.0336632728577));
#11098=CARTESIAN_POINT('Ctrl Pts',(35.,-38.3027395405487,-14.1620266215029));
#11099=CARTESIAN_POINT('Ctrl Pts',(35.,-38.4758563091052,-14.4107710747926));
#11100=CARTESIAN_POINT('Ctrl Pts',(35.,-38.7297931544216,-14.5757388055555));
#11101=CARTESIAN_POINT('Ctrl Pts',(35.,-38.8526871427894,-14.6555757522583));
#11102=CARTESIAN_POINT('',(37.,-38.8526871427894,-14.6555757522583));
#11103=CARTESIAN_POINT('Ctrl Pts',(37.,-38.8526871427894,-14.6555757522583));
#11104=CARTESIAN_POINT('Ctrl Pts',(37.,-38.7297931544216,-14.5757388055555));
#11105=CARTESIAN_POINT('Ctrl Pts',(37.,-38.4758563091052,-14.4107710747926));
#11106=CARTESIAN_POINT('Ctrl Pts',(37.,-38.3027395405487,-14.1620266215029));
#11107=CARTESIAN_POINT('Ctrl Pts',(37.,-38.2134034857154,-14.0336632728577));
#11108=CARTESIAN_POINT('',(35.,-38.8526871427894,-14.6555757522583));
#11109=CARTESIAN_POINT('Ctrl Pts',(35.,-39.7266843542457,-14.8628783226013));
#11110=CARTESIAN_POINT('Ctrl Pts',(37.,-39.7266843542457,-14.8628783226013));
#11111=CARTESIAN_POINT('Ctrl Pts',(35.,-39.5691015066891,-14.8555044089358));
#11112=CARTESIAN_POINT('Ctrl Pts',(37.,-39.5691015066891,-14.8555044089358));
#11113=CARTESIAN_POINT('Ctrl Pts',(35.,-39.2645040903483,-14.8412511124276));
#11114=CARTESIAN_POINT('Ctrl Pts',(37.,-39.2645040903483,-14.8412511124276));
#11115=CARTESIAN_POINT('Ctrl Pts',(35.,-38.9867471167439,-14.7160191946563));
#11116=CARTESIAN_POINT('Ctrl Pts',(37.,-38.9867471167439,-14.7160191946563));
#11117=CARTESIAN_POINT('Ctrl Pts',(35.,-38.8526871427894,-14.6555757522583));
#11118=CARTESIAN_POINT('Ctrl Pts',(37.,-38.8526871427894,-14.6555757522583));
#11119=CARTESIAN_POINT('',(35.,-39.7266843542457,-14.8628783226013));
#11120=CARTESIAN_POINT('Ctrl Pts',(35.,-38.8526871427894,-14.6555757522583));
#11121=CARTESIAN_POINT('Ctrl Pts',(35.,-38.9867471167439,-14.7160191946563));
#11122=CARTESIAN_POINT('Ctrl Pts',(35.,-39.2645040903483,-14.8412511124276));
#11123=CARTESIAN_POINT('Ctrl Pts',(35.,-39.5691015066891,-14.8555044089358));
#11124=CARTESIAN_POINT('Ctrl Pts',(35.,-39.7266843542457,-14.8628783226013));
#11125=CARTESIAN_POINT('',(37.,-39.7266843542457,-14.8628783226013));
#11126=CARTESIAN_POINT('Ctrl Pts',(37.,-39.7266843542457,-14.8628783226013));
#11127=CARTESIAN_POINT('Ctrl Pts',(37.,-39.5691015066891,-14.8555044089358));
#11128=CARTESIAN_POINT('Ctrl Pts',(37.,-39.2645040903483,-14.8412511124276));
#11129=CARTESIAN_POINT('Ctrl Pts',(37.,-38.9867471167439,-14.7160191946563));
#11130=CARTESIAN_POINT('Ctrl Pts',(37.,-38.8526871427894,-14.6555757522583));
#11131=CARTESIAN_POINT('',(35.,-39.7266843542457,-14.8628783226013));
#11132=CARTESIAN_POINT('Ctrl Pts',(35.,-40.6593575701118,-14.6652269363403));
#11133=CARTESIAN_POINT('Ctrl Pts',(37.,-40.6593575701118,-14.6652269363403));
#11134=CARTESIAN_POINT('Ctrl Pts',(35.,-40.5216740157679,-14.7227880008785));
#11135=CARTESIAN_POINT('Ctrl Pts',(37.,-40.5216740157679,-14.7227880008785));
#11136=CARTESIAN_POINT('Ctrl Pts',(35.,-40.2237837806968,-14.8473263244853));
#11137=CARTESIAN_POINT('Ctrl Pts',(37.,-40.2237837806968,-14.8473263244853));
#11138=CARTESIAN_POINT('Ctrl Pts',(35.,-39.9005310804659,-14.8574394429431));
#11139=CARTESIAN_POINT('Ctrl Pts',(37.,-39.9005310804659,-14.8574394429431));
#11140=CARTESIAN_POINT('Ctrl Pts',(35.,-39.7266843542457,-14.8628783226013));
#11141=CARTESIAN_POINT('Ctrl Pts',(37.,-39.7266843542457,-14.8628783226013));
#11142=CARTESIAN_POINT('',(35.,-40.6593575701118,-14.6652269363403));
#11143=CARTESIAN_POINT('Ctrl Pts',(35.,-39.7266843542457,-14.8628783226013));
#11144=CARTESIAN_POINT('Ctrl Pts',(35.,-39.9005310804659,-14.8574394429431));
#11145=CARTESIAN_POINT('Ctrl Pts',(35.,-40.2237837806968,-14.8473263244853));
#11146=CARTESIAN_POINT('Ctrl Pts',(35.,-40.5216740157679,-14.7227880008785));
#11147=CARTESIAN_POINT('Ctrl Pts',(35.,-40.6593575701118,-14.6652269363403));
#11148=CARTESIAN_POINT('',(37.,-40.6593575701118,-14.6652269363403));
#11149=CARTESIAN_POINT('Ctrl Pts',(37.,-40.6593575701118,-14.6652269363403));
#11150=CARTESIAN_POINT('Ctrl Pts',(37.,-40.5216740157679,-14.7227880008785));
#11151=CARTESIAN_POINT('Ctrl Pts',(37.,-40.2237837806968,-14.8473263244853));
#11152=CARTESIAN_POINT('Ctrl Pts',(37.,-39.9005310804659,-14.8574394429431));
#11153=CARTESIAN_POINT('Ctrl Pts',(37.,-39.7266843542457,-14.8628783226013));
#11154=CARTESIAN_POINT('',(35.,-40.6593575701118,-14.6652269363403));
#11155=CARTESIAN_POINT('Ctrl Pts',(35.,-41.2059917673469,-14.1402101516724));
#11156=CARTESIAN_POINT('Ctrl Pts',(37.,-41.2059917673469,-14.1402101516724));
#11157=CARTESIAN_POINT('Ctrl Pts',(35.,-41.1373054860726,-14.244919364426));
#11158=CARTESIAN_POINT('Ctrl Pts',(37.,-41.1373054860726,-14.244919364426));
#11159=CARTESIAN_POINT('Ctrl Pts',(35.,-40.9953091762287,-14.4613864891827));
#11160=CARTESIAN_POINT('Ctrl Pts',(37.,-40.9953091762287,-14.4613864891827));
#11161=CARTESIAN_POINT('Ctrl Pts',(35.,-40.7737463151153,-14.5958209489696));
#11162=CARTESIAN_POINT('Ctrl Pts',(37.,-40.7737463151153,-14.5958209489696));
#11163=CARTESIAN_POINT('Ctrl Pts',(35.,-40.6593575701118,-14.6652269363403));
#11164=CARTESIAN_POINT('Ctrl Pts',(37.,-40.6593575701118,-14.6652269363403));
#11165=CARTESIAN_POINT('',(35.,-41.2059917673469,-14.1402101516724));
#11166=CARTESIAN_POINT('Ctrl Pts',(35.,-40.6593575701118,-14.6652269363403));
#11167=CARTESIAN_POINT('Ctrl Pts',(35.,-40.7737463151153,-14.5958209489696));
#11168=CARTESIAN_POINT('Ctrl Pts',(35.,-40.9953091762287,-14.4613864891827));
#11169=CARTESIAN_POINT('Ctrl Pts',(35.,-41.1373054860726,-14.244919364426));
#11170=CARTESIAN_POINT('Ctrl Pts',(35.,-41.2059917673469,-14.1402101516724));
#11171=CARTESIAN_POINT('',(37.,-41.2059917673469,-14.1402101516724));
#11172=CARTESIAN_POINT('Ctrl Pts',(37.,-41.2059917673469,-14.1402101516724));
#11173=CARTESIAN_POINT('Ctrl Pts',(37.,-41.1373054860726,-14.244919364426));
#11174=CARTESIAN_POINT('Ctrl Pts',(37.,-40.9953091762287,-14.4613864891827));
#11175=CARTESIAN_POINT('Ctrl Pts',(37.,-40.7737463151153,-14.5958209489696));
#11176=CARTESIAN_POINT('Ctrl Pts',(37.,-40.6593575701118,-14.6652269363403));
#11177=CARTESIAN_POINT('',(35.,-41.2059917673469,-14.1402101516724));
#11178=CARTESIAN_POINT('Ctrl Pts',(35.,-41.4252629503608,-13.4576892852783));
#11179=CARTESIAN_POINT('Ctrl Pts',(37.,-41.4252629503608,-13.4576892852783));
#11180=CARTESIAN_POINT('Ctrl Pts',(35.,-41.4050349312038,-13.5754401030432));
#11181=CARTESIAN_POINT('Ctrl Pts',(37.,-41.4050349312038,-13.5754401030432));
#11182=CARTESIAN_POINT('Ctrl Pts',(35.,-41.3641789067847,-13.8132701272598));
#11183=CARTESIAN_POINT('Ctrl Pts',(37.,-41.3641789067847,-13.8132701272598));
#11184=CARTESIAN_POINT('Ctrl Pts',(35.,-41.2590638441388,-14.0305211709901));
#11185=CARTESIAN_POINT('Ctrl Pts',(37.,-41.2590638441388,-14.0305211709901));
#11186=CARTESIAN_POINT('Ctrl Pts',(35.,-41.2059917673469,-14.1402101516724));
#11187=CARTESIAN_POINT('Ctrl Pts',(37.,-41.2059917673469,-14.1402101516724));
#11188=CARTESIAN_POINT('',(35.,-41.4252629503608,-13.4576892852783));
#11189=CARTESIAN_POINT('Ctrl Pts',(35.,-41.2059917673469,-14.1402101516724));
#11190=CARTESIAN_POINT('Ctrl Pts',(35.,-41.2590638441388,-14.0305211709901));
#11191=CARTESIAN_POINT('Ctrl Pts',(35.,-41.3641789067847,-13.8132701272598));
#11192=CARTESIAN_POINT('Ctrl Pts',(35.,-41.4050349312038,-13.5754401030432));
#11193=CARTESIAN_POINT('Ctrl Pts',(35.,-41.4252629503608,-13.4576892852783));
#11194=CARTESIAN_POINT('',(37.,-41.4252629503608,-13.4576892852783));
#11195=CARTESIAN_POINT('Ctrl Pts',(37.,-41.4252629503608,-13.4576892852783));
#11196=CARTESIAN_POINT('Ctrl Pts',(37.,-41.4050349312038,-13.5754401030432));
#11197=CARTESIAN_POINT('Ctrl Pts',(37.,-41.3641789067847,-13.8132701272598));
#11198=CARTESIAN_POINT('Ctrl Pts',(37.,-41.2590638441388,-14.0305211709901));
#11199=CARTESIAN_POINT('Ctrl Pts',(37.,-41.2059917673469,-14.1402101516724));
#11200=CARTESIAN_POINT('',(35.,-41.4252629503608,-13.4576892852783));
#11201=CARTESIAN_POINT('Ctrl Pts',(35.,-41.4684989675879,-12.0463252067566));
#11202=CARTESIAN_POINT('Ctrl Pts',(37.,-41.4684989675879,-12.0463252067566));
#11203=CARTESIAN_POINT('Ctrl Pts',(35.,-41.469361377873,-12.340138034747));
#11204=CARTESIAN_POINT('Ctrl Pts',(37.,-41.469361377873,-12.340138034747));
#11205=CARTESIAN_POINT('Ctrl Pts',(35.,-41.4707439744417,-12.8111720829854));
#11206=CARTESIAN_POINT('Ctrl Pts',(37.,-41.4707439744417,-12.8111720829854));
#11207=CARTESIAN_POINT('Ctrl Pts',(35.,-41.4376966365606,-13.2809432207701));
#11208=CARTESIAN_POINT('Ctrl Pts',(37.,-41.4376966365606,-13.2809432207701));
#11209=CARTESIAN_POINT('Ctrl Pts',(35.,-41.4252629503608,-13.4576892852783));
#11210=CARTESIAN_POINT('Ctrl Pts',(37.,-41.4252629503608,-13.4576892852783));
#11211=CARTESIAN_POINT('',(35.,-41.4684989675879,-12.0463252067566));
#11212=CARTESIAN_POINT('Ctrl Pts',(35.,-41.4252629503608,-13.4576892852783));
#11213=CARTESIAN_POINT('Ctrl Pts',(35.,-41.4376966365606,-13.2809432207701));
#11214=CARTESIAN_POINT('Ctrl Pts',(35.,-41.4707439744417,-12.8111720829854));
#11215=CARTESIAN_POINT('Ctrl Pts',(35.,-41.469361377873,-12.340138034747));
#11216=CARTESIAN_POINT('Ctrl Pts',(35.,-41.4684989675879,-12.0463252067566));
#11217=CARTESIAN_POINT('',(37.,-41.4684989675879,-12.0463252067566));
#11218=CARTESIAN_POINT('Ctrl Pts',(37.,-41.4684989675879,-12.0463252067566));
#11219=CARTESIAN_POINT('Ctrl Pts',(37.,-41.469361377873,-12.340138034747));
#11220=CARTESIAN_POINT('Ctrl Pts',(37.,-41.4707439744417,-12.8111720829854));
#11221=CARTESIAN_POINT('Ctrl Pts',(37.,-41.4376966365606,-13.2809432207701));
#11222=CARTESIAN_POINT('Ctrl Pts',(37.,-41.4252629503608,-13.4576892852783));
#11223=CARTESIAN_POINT('',(35.,-41.4684989675879,-12.0463252067566));
#11224=CARTESIAN_POINT('Origin',(35.,-41.4684989675879,-6.51822090148925));
#11225=CARTESIAN_POINT('',(35.,-41.4684989675879,-6.51822090148925));
#11226=CARTESIAN_POINT('',(35.,-41.4684989675879,-15.7591104507446));
#11227=CARTESIAN_POINT('',(37.,-41.4684989675879,-6.51822090148925));
#11228=CARTESIAN_POINT('',(37.,-41.4684989675879,-12.0463252067566));
#11229=CARTESIAN_POINT('',(35.,-41.4684989675879,-6.51822090148925));
#11230=CARTESIAN_POINT('Origin',(35.,-38.9731314405799,-6.51822090148925));
#11231=CARTESIAN_POINT('',(35.,-38.9731314405799,-6.51822090148925));
#11232=CARTESIAN_POINT('',(35.,-19.4865657202899,-6.51822090148925));
#11233=CARTESIAN_POINT('',(37.,-38.9731314405799,-6.51822090148925));
#11234=CARTESIAN_POINT('',(37.,-41.4684989675879,-6.51822090148925));
#11235=CARTESIAN_POINT('',(35.,-38.9731314405799,-6.51822090148925));
#11236=CARTESIAN_POINT('Origin',(35.,-38.9731314405799,-12.0957374572754));
#11237=CARTESIAN_POINT('',(35.,-38.9731314405799,-12.0957374572754));
#11238=CARTESIAN_POINT('',(35.,-38.9731314405799,-18.5478687286377));
#11239=CARTESIAN_POINT('',(37.,-38.9731314405799,-12.0957374572754));
#11240=CARTESIAN_POINT('',(37.,-38.9731314405799,-6.51822090148925));
#11241=CARTESIAN_POINT('',(35.,-38.9731314405799,-12.0957374572754));
#11242=CARTESIAN_POINT('Ctrl Pts',(35.,-38.9144542440772,-13.2322430610657));
#11243=CARTESIAN_POINT('Ctrl Pts',(37.,-38.9144542440772,-13.2322430610657));
#11244=CARTESIAN_POINT('Ctrl Pts',(35.,-38.931147578794,-13.1078188016058));
#11245=CARTESIAN_POINT('Ctrl Pts',(37.,-38.931147578794,-13.1078188016058));
#11246=CARTESIAN_POINT('Ctrl Pts',(35.,-38.981689813795,-12.7311007720362));
#11247=CARTESIAN_POINT('Ctrl Pts',(37.,-38.981689813795,-12.7311007720362));
#11248=CARTESIAN_POINT('Ctrl Pts',(35.,-38.9765641651258,-12.3505787911775));
#11249=CARTESIAN_POINT('Ctrl Pts',(37.,-38.9765641651258,-12.3505787911775));
#11250=CARTESIAN_POINT('Ctrl Pts',(35.,-38.9731314405799,-12.0957374572754));
#11251=CARTESIAN_POINT('Ctrl Pts',(37.,-38.9731314405799,-12.0957374572754));
#11252=CARTESIAN_POINT('',(35.,-38.9144542440772,-13.2322430610657));
#11253=CARTESIAN_POINT('Ctrl Pts',(35.,-38.9731314405799,-12.0957374572754));
#11254=CARTESIAN_POINT('Ctrl Pts',(35.,-38.9765641651258,-12.3505787911775));
#11255=CARTESIAN_POINT('Ctrl Pts',(35.,-38.981689813795,-12.7311007720362));
#11256=CARTESIAN_POINT('Ctrl Pts',(35.,-38.931147578794,-13.1078188016058));
#11257=CARTESIAN_POINT('Ctrl Pts',(35.,-38.9144542440772,-13.2322430610657));
#11258=CARTESIAN_POINT('',(37.,-38.9144542440772,-13.2322430610657));
#11259=CARTESIAN_POINT('Ctrl Pts',(37.,-38.9144542440772,-13.2322430610657));
#11260=CARTESIAN_POINT('Ctrl Pts',(37.,-38.931147578794,-13.1078188016058));
#11261=CARTESIAN_POINT('Ctrl Pts',(37.,-38.981689813795,-12.7311007720362));
#11262=CARTESIAN_POINT('Ctrl Pts',(37.,-38.9765641651258,-12.3505787911775));
#11263=CARTESIAN_POINT('Ctrl Pts',(37.,-38.9731314405799,-12.0957374572754));
#11264=CARTESIAN_POINT('',(35.,-38.9144542440772,-13.2322430610657));
#11265=CARTESIAN_POINT('Ctrl Pts',(35.,-38.5963561758399,-13.4113645553589));
#11266=CARTESIAN_POINT('Ctrl Pts',(37.,-38.5963561758399,-13.4113645553589));
#11267=CARTESIAN_POINT('Ctrl Pts',(35.,-38.672969768717,-13.4076339156059));
#11268=CARTESIAN_POINT('Ctrl Pts',(37.,-38.672969768717,-13.4076339156059));
#11269=CARTESIAN_POINT('Ctrl Pts',(35.,-38.8114958547507,-13.4008884948004));
#11270=CARTESIAN_POINT('Ctrl Pts',(37.,-38.8114958547507,-13.4008884948004));
#11271=CARTESIAN_POINT('Ctrl Pts',(35.,-38.8826519303692,-13.2843351248997));
#11272=CARTESIAN_POINT('Ctrl Pts',(37.,-38.8826519303692,-13.2843351248997));
#11273=CARTESIAN_POINT('Ctrl Pts',(35.,-38.9144542440772,-13.2322430610657));
#11274=CARTESIAN_POINT('Ctrl Pts',(37.,-38.9144542440772,-13.2322430610657));
#11275=CARTESIAN_POINT('',(35.,-38.5963561758399,-13.4113645553589));
#11276=CARTESIAN_POINT('Ctrl Pts',(35.,-38.9144542440772,-13.2322430610657));
#11277=CARTESIAN_POINT('Ctrl Pts',(35.,-38.8826519303692,-13.2843351248997));
#11278=CARTESIAN_POINT('Ctrl Pts',(35.,-38.8114958547507,-13.4008884948004));
#11279=CARTESIAN_POINT('Ctrl Pts',(35.,-38.672969768717,-13.4076339156059));
#11280=CARTESIAN_POINT('Ctrl Pts',(35.,-38.5963561758399,-13.4113645553589));
#11281=CARTESIAN_POINT('',(37.,-38.5963561758399,-13.4113645553589));
#11282=CARTESIAN_POINT('Ctrl Pts',(37.,-38.5963561758399,-13.4113645553589));
#11283=CARTESIAN_POINT('Ctrl Pts',(37.,-38.672969768717,-13.4076339156059));
#11284=CARTESIAN_POINT('Ctrl Pts',(37.,-38.8114958547507,-13.4008884948004));
#11285=CARTESIAN_POINT('Ctrl Pts',(37.,-38.8826519303692,-13.2843351248997));
#11286=CARTESIAN_POINT('Ctrl Pts',(37.,-38.9144542440772,-13.2322430610657));
#11287=CARTESIAN_POINT('',(35.,-38.5963561758399,-13.4113645553589));
#11288=CARTESIAN_POINT('Ctrl Pts',(35.,-38.2659032568336,-13.2260656356811));
#11289=CARTESIAN_POINT('Ctrl Pts',(37.,-38.2659032568336,-13.2260656356811));
#11290=CARTESIAN_POINT('Ctrl Pts',(35.,-38.2975232152982,-13.2799008995865));
#11291=CARTESIAN_POINT('Ctrl Pts',(37.,-38.2975232152982,-13.2799008995865));
#11292=CARTESIAN_POINT('Ctrl Pts',(35.,-38.3696897434568,-13.4027696279846));
#11293=CARTESIAN_POINT('Ctrl Pts',(37.,-38.3696897434568,-13.4027696279846));
#11294=CARTESIAN_POINT('Ctrl Pts',(35.,-38.5148168829537,-13.4082726802491));
#11295=CARTESIAN_POINT('Ctrl Pts',(37.,-38.5148168829537,-13.4082726802491));
#11296=CARTESIAN_POINT('Ctrl Pts',(35.,-38.5963561758399,-13.4113645553589));
#11297=CARTESIAN_POINT('Ctrl Pts',(37.,-38.5963561758399,-13.4113645553589));
#11298=CARTESIAN_POINT('',(35.,-38.2659032568336,-13.2260656356811));
#11299=CARTESIAN_POINT('Ctrl Pts',(35.,-38.5963561758399,-13.4113645553589));
#11300=CARTESIAN_POINT('Ctrl Pts',(35.,-38.5148168829537,-13.4082726802491));
#11301=CARTESIAN_POINT('Ctrl Pts',(35.,-38.3696897434568,-13.4027696279846));
#11302=CARTESIAN_POINT('Ctrl Pts',(35.,-38.2975232152982,-13.2799008995865));
#11303=CARTESIAN_POINT('Ctrl Pts',(35.,-38.2659032568336,-13.2260656356811));
#11304=CARTESIAN_POINT('',(37.,-38.2659032568336,-13.2260656356811));
#11305=CARTESIAN_POINT('Ctrl Pts',(37.,-38.2659032568336,-13.2260656356811));
#11306=CARTESIAN_POINT('Ctrl Pts',(37.,-38.2975232152982,-13.2799008995865));
#11307=CARTESIAN_POINT('Ctrl Pts',(37.,-38.3696897434568,-13.4027696279846));
#11308=CARTESIAN_POINT('Ctrl Pts',(37.,-38.5148168829537,-13.4082726802491));
#11309=CARTESIAN_POINT('Ctrl Pts',(37.,-38.5963561758399,-13.4113645553589));
#11310=CARTESIAN_POINT('',(35.,-38.2659032568336,-13.2260656356811));
#11311=CARTESIAN_POINT('Ctrl Pts',(35.,-38.2134034857154,-12.0339727401733));
#11312=CARTESIAN_POINT('Ctrl Pts',(37.,-38.2134034857154,-12.0339727401733));
#11313=CARTESIAN_POINT('Ctrl Pts',(35.,-38.2102553041361,-12.3015527530591));
#11314=CARTESIAN_POINT('Ctrl Pts',(37.,-38.2102553041361,-12.3015527530591));
#11315=CARTESIAN_POINT('Ctrl Pts',(35.,-38.2055648932057,-12.7002147061843));
#11316=CARTESIAN_POINT('Ctrl Pts',(37.,-38.2055648932057,-12.7002147061843));
#11317=CARTESIAN_POINT('Ctrl Pts',(35.,-38.2509728916622,-13.0959469859364));
#11318=CARTESIAN_POINT('Ctrl Pts',(37.,-38.2509728916622,-13.0959469859364));
#11319=CARTESIAN_POINT('Ctrl Pts',(35.,-38.2659032568336,-13.2260656356811));
#11320=CARTESIAN_POINT('Ctrl Pts',(37.,-38.2659032568336,-13.2260656356811));
#11321=CARTESIAN_POINT('',(35.,-38.2134034857154,-12.0339727401733));
#11322=CARTESIAN_POINT('Ctrl Pts',(35.,-38.2659032568336,-13.2260656356811));
#11323=CARTESIAN_POINT('Ctrl Pts',(35.,-38.2509728916622,-13.0959469859364));
#11324=CARTESIAN_POINT('Ctrl Pts',(35.,-38.2055648932057,-12.7002147061843));
#11325=CARTESIAN_POINT('Ctrl Pts',(35.,-38.2102553041361,-12.3015527530591));
#11326=CARTESIAN_POINT('Ctrl Pts',(35.,-38.2134034857154,-12.0339727401733));
#11327=CARTESIAN_POINT('',(37.,-38.2134034857154,-12.0339727401733));
#11328=CARTESIAN_POINT('Ctrl Pts',(37.,-38.2134034857154,-12.0339727401733));
#11329=CARTESIAN_POINT('Ctrl Pts',(37.,-38.2102553041361,-12.3015527530591));
#11330=CARTESIAN_POINT('Ctrl Pts',(37.,-38.2055648932057,-12.7002147061843));
#11331=CARTESIAN_POINT('Ctrl Pts',(37.,-38.2509728916622,-13.0959469859364));
#11332=CARTESIAN_POINT('Ctrl Pts',(37.,-38.2659032568336,-13.2260656356811));
#11333=CARTESIAN_POINT('',(35.,-38.2134034857154,-12.0339727401733));
#11334=CARTESIAN_POINT('Origin',(35.,-38.2134034857154,-6.51822090148925));
#11335=CARTESIAN_POINT('',(35.,-38.2134034857154,-6.51822090148925));
#11336=CARTESIAN_POINT('',(35.,-38.2134034857154,-15.7591104507446));
#11337=CARTESIAN_POINT('',(37.,-38.2134034857154,-6.51822090148925));
#11338=CARTESIAN_POINT('',(37.,-38.2134034857154,-12.0339727401733));
#11339=CARTESIAN_POINT('',(35.,-38.2134034857154,-6.51822090148925));
#11340=CARTESIAN_POINT('Origin',(35.,-35.7180359587073,-6.51822090148925));
#11341=CARTESIAN_POINT('',(35.,-17.8590179793537,-6.51822090148925));
#11342=CARTESIAN_POINT('',(37.,-38.2134034857154,-6.51822090148925));
#11343=CARTESIAN_POINT('Origin',(37.,-32.5000014528632,-2.10500359535217));
#11344=CARTESIAN_POINT('Origin',(35.,-25.6809761747718,-6.01791381835938));
#11345=CARTESIAN_POINT('',(35.,-25.6809761747718,-4.71463918685913));
#11346=CARTESIAN_POINT('',(35.,-25.6809761747718,-6.01791381835938));
#11347=CARTESIAN_POINT('',(35.,-25.6809761747718,-15.5089569091797));
#11348=CARTESIAN_POINT('',(37.,-25.6809761747718,-4.71463918685913));
#11349=CARTESIAN_POINT('',(35.,-25.6809761747718,-4.71463918685913));
#11350=CARTESIAN_POINT('',(37.,-25.6809761747718,-6.01791381835938));
#11351=CARTESIAN_POINT('',(37.,-25.6809761747718,-4.71463918685913));
#11352=CARTESIAN_POINT('',(35.,-25.6809761747718,-6.01791381835938));
#11353=CARTESIAN_POINT('Origin',(35.,-28.2504632696509,-6.01791381835938));
#11354=CARTESIAN_POINT('',(35.,-28.2504632696509,-6.01791381835938));
#11355=CARTESIAN_POINT('',(35.,-14.1252316348255,-6.01791381835938));
#11356=CARTESIAN_POINT('',(37.,-28.2504632696509,-6.01791381835938));
#11357=CARTESIAN_POINT('',(37.,-25.6809761747718,-6.01791381835938));
#11358=CARTESIAN_POINT('',(35.,-28.2504632696509,-6.01791381835938));
#11359=CARTESIAN_POINT('Origin',(35.,-28.2504632696509,-4.71463918685913));
#11360=CARTESIAN_POINT('',(35.,-28.2504632696509,-4.71463918685913));
#11361=CARTESIAN_POINT('',(35.,-28.2504632696509,-14.8573195934296));
#11362=CARTESIAN_POINT('',(37.,-28.2504632696509,-4.71463918685913));
#11363=CARTESIAN_POINT('',(37.,-28.2504632696509,-6.01791381835938));
#11364=CARTESIAN_POINT('',(35.,-28.2504632696509,-4.71463918685913));
#11365=CARTESIAN_POINT('Origin',(35.,-25.6809761747718,-4.71463918685913));
#11366=CARTESIAN_POINT('',(35.,-12.8404880873859,-4.71463918685913));
#11367=CARTESIAN_POINT('',(37.,-28.2504632696509,-4.71463918685913));
#11368=CARTESIAN_POINT('Origin',(37.,-32.5000014528632,-2.10500359535217));
#11369=CARTESIAN_POINT('Ctrl Pts',(35.,-21.7032101377845,-7.9851770401001));
#11370=CARTESIAN_POINT('Ctrl Pts',(37.,-21.7032101377845,-7.9851770401001));
#11371=CARTESIAN_POINT('Ctrl Pts',(35.,-21.6837549218301,-8.07833506943477));
#11372=CARTESIAN_POINT('Ctrl Pts',(37.,-21.6837549218301,-8.07833506943477));
#11373=CARTESIAN_POINT('Ctrl Pts',(35.,-21.6292143230148,-8.3394935534263));
#11374=CARTESIAN_POINT('Ctrl Pts',(37.,-21.6292143230148,-8.3394935534263));
#11375=CARTESIAN_POINT('Ctrl Pts',(35.,-21.6328967471318,-8.60687417147191));
#11376=CARTESIAN_POINT('Ctrl Pts',(37.,-21.6328967471318,-8.60687417147191));
#11377=CARTESIAN_POINT('Ctrl Pts',(35.,-21.6352656111121,-8.77887725830078));
#11378=CARTESIAN_POINT('Ctrl Pts',(37.,-21.6352656111121,-8.77887725830078));
#11379=CARTESIAN_POINT('',(35.,-21.6352656111121,-8.77887725830078));
#11380=CARTESIAN_POINT('',(35.,-21.7032101377845,-7.9851770401001));
#11381=CARTESIAN_POINT('Ctrl Pts',(35.,-21.6352656111121,-8.77887725830078));
#11382=CARTESIAN_POINT('Ctrl Pts',(35.,-21.6328967471318,-8.60687417147191));
#11383=CARTESIAN_POINT('Ctrl Pts',(35.,-21.6292143230148,-8.3394935534263));
#11384=CARTESIAN_POINT('Ctrl Pts',(35.,-21.6837549218301,-8.07833506943477));
#11385=CARTESIAN_POINT('Ctrl Pts',(35.,-21.7032101377845,-7.9851770401001));
#11386=CARTESIAN_POINT('',(37.,-21.6352656111121,-8.77887725830078));
#11387=CARTESIAN_POINT('',(35.,-21.6352656111121,-8.77887725830078));
#11388=CARTESIAN_POINT('',(37.,-21.7032101377845,-7.9851770401001));
#11389=CARTESIAN_POINT('Ctrl Pts',(37.,-21.7032101377845,-7.9851770401001));
#11390=CARTESIAN_POINT('Ctrl Pts',(37.,-21.6837549218301,-8.07833506943477));
#11391=CARTESIAN_POINT('Ctrl Pts',(37.,-21.6292143230148,-8.3394935534263));
#11392=CARTESIAN_POINT('Ctrl Pts',(37.,-21.6328967471318,-8.60687417147191));
#11393=CARTESIAN_POINT('Ctrl Pts',(37.,-21.6352656111121,-8.77887725830078));
#11394=CARTESIAN_POINT('',(35.,-21.7032101377845,-7.9851770401001));
#11395=CARTESIAN_POINT('Ctrl Pts',(35.,-21.9935109838843,-7.8214955329895));
#11396=CARTESIAN_POINT('Ctrl Pts',(37.,-21.9935109838843,-7.8214955329895));
#11397=CARTESIAN_POINT('Ctrl Pts',(35.,-21.9268612249614,-7.82607931707171));
#11398=CARTESIAN_POINT('Ctrl Pts',(37.,-21.9268612249614,-7.82607931707171));
#11399=CARTESIAN_POINT('Ctrl Pts',(35.,-21.8026621108179,-7.83462101222013));
#11400=CARTESIAN_POINT('Ctrl Pts',(37.,-21.8026621108179,-7.83462101222013));
#11401=CARTESIAN_POINT('Ctrl Pts',(35.,-21.7347008950025,-7.93750454877529));
#11402=CARTESIAN_POINT('Ctrl Pts',(37.,-21.7347008950025,-7.93750454877529));
#11403=CARTESIAN_POINT('Ctrl Pts',(35.,-21.7032101377845,-7.9851770401001));
#11404=CARTESIAN_POINT('Ctrl Pts',(37.,-21.7032101377845,-7.9851770401001));
#11405=CARTESIAN_POINT('',(35.,-21.9935109838843,-7.8214955329895));
#11406=CARTESIAN_POINT('Ctrl Pts',(35.,-21.7032101377845,-7.9851770401001));
#11407=CARTESIAN_POINT('Ctrl Pts',(35.,-21.7347008950025,-7.93750454877529));
#11408=CARTESIAN_POINT('Ctrl Pts',(35.,-21.8026621108179,-7.83462101222013));
#11409=CARTESIAN_POINT('Ctrl Pts',(35.,-21.9268612249614,-7.82607931707171));
#11410=CARTESIAN_POINT('Ctrl Pts',(35.,-21.9935109838843,-7.8214955329895));
#11411=CARTESIAN_POINT('',(37.,-21.9935109838843,-7.8214955329895));
#11412=CARTESIAN_POINT('Ctrl Pts',(37.,-21.9935109838843,-7.8214955329895));
#11413=CARTESIAN_POINT('Ctrl Pts',(37.,-21.9268612249614,-7.82607931707171));
#11414=CARTESIAN_POINT('Ctrl Pts',(37.,-21.8026621108179,-7.83462101222013));
#11415=CARTESIAN_POINT('Ctrl Pts',(37.,-21.7347008950025,-7.93750454877529));
#11416=CARTESIAN_POINT('Ctrl Pts',(37.,-21.7032101377845,-7.9851770401001));
#11417=CARTESIAN_POINT('',(35.,-21.9935109838843,-7.8214955329895));
#11418=CARTESIAN_POINT('Ctrl Pts',(35.,-22.2899916395545,-7.9851770401001));
#11419=CARTESIAN_POINT('Ctrl Pts',(37.,-22.2899916395545,-7.9851770401001));
#11420=CARTESIAN_POINT('Ctrl Pts',(35.,-22.2568580588668,-7.9374952540481));
#11421=CARTESIAN_POINT('Ctrl Pts',(37.,-22.2568580588668,-7.9374952540481));
#11422=CARTESIAN_POINT('Ctrl Pts',(35.,-22.185761274142,-7.83518148029132));
#11423=CARTESIAN_POINT('Ctrl Pts',(37.,-22.185761274142,-7.83518148029132));
#11424=CARTESIAN_POINT('Ctrl Pts',(35.,-22.0604322909384,-7.82625953870561));
#11425=CARTESIAN_POINT('Ctrl Pts',(37.,-22.0604322909384,-7.82625953870561));
#11426=CARTESIAN_POINT('Ctrl Pts',(35.,-21.9935109838843,-7.8214955329895));
#11427=CARTESIAN_POINT('Ctrl Pts',(37.,-21.9935109838843,-7.8214955329895));
#11428=CARTESIAN_POINT('',(35.,-22.2899916395545,-7.9851770401001));
#11429=CARTESIAN_POINT('Ctrl Pts',(35.,-21.9935109838843,-7.8214955329895));
#11430=CARTESIAN_POINT('Ctrl Pts',(35.,-22.0604322909384,-7.82625953870561));
#11431=CARTESIAN_POINT('Ctrl Pts',(35.,-22.185761274142,-7.83518148029132));
#11432=CARTESIAN_POINT('Ctrl Pts',(35.,-22.2568580588668,-7.9374952540481));
#11433=CARTESIAN_POINT('Ctrl Pts',(35.,-22.2899916395545,-7.9851770401001));
#11434=CARTESIAN_POINT('',(37.,-22.2899916395545,-7.9851770401001));
#11435=CARTESIAN_POINT('Ctrl Pts',(37.,-22.2899916395545,-7.9851770401001));
#11436=CARTESIAN_POINT('Ctrl Pts',(37.,-22.2568580588668,-7.9374952540481));
#11437=CARTESIAN_POINT('Ctrl Pts',(37.,-22.185761274142,-7.83518148029132));
#11438=CARTESIAN_POINT('Ctrl Pts',(37.,-22.0604322909384,-7.82625953870561));
#11439=CARTESIAN_POINT('Ctrl Pts',(37.,-21.9935109838843,-7.8214955329895));
#11440=CARTESIAN_POINT('',(35.,-22.2899916395545,-7.9851770401001));
#11441=CARTESIAN_POINT('Ctrl Pts',(35.,-22.3641112074256,-8.77887725830078));
#11442=CARTESIAN_POINT('Ctrl Pts',(37.,-22.3641112074256,-8.77887725830078));
#11443=CARTESIAN_POINT('Ctrl Pts',(35.,-22.3666556354952,-8.60671678323369));
#11444=CARTESIAN_POINT('Ctrl Pts',(37.,-22.3666556354952,-8.60671678323369));
#11445=CARTESIAN_POINT('Ctrl Pts',(35.,-22.3706151134663,-8.33881154485871));
#11446=CARTESIAN_POINT('Ctrl Pts',(37.,-22.3706151134663,-8.33881154485871));
#11447=CARTESIAN_POINT('Ctrl Pts',(35.,-22.3112188508594,-8.07828484100462));
#11448=CARTESIAN_POINT('Ctrl Pts',(37.,-22.3112188508594,-8.07828484100462));
#11449=CARTESIAN_POINT('Ctrl Pts',(35.,-22.2899916395545,-7.9851770401001));
#11450=CARTESIAN_POINT('Ctrl Pts',(37.,-22.2899916395545,-7.9851770401001));
#11451=CARTESIAN_POINT('',(35.,-22.3641112074256,-8.77887725830078));
#11452=CARTESIAN_POINT('Ctrl Pts',(35.,-22.2899916395545,-7.9851770401001));
#11453=CARTESIAN_POINT('Ctrl Pts',(35.,-22.3112188508594,-8.07828484100462));
#11454=CARTESIAN_POINT('Ctrl Pts',(35.,-22.3706151134663,-8.33881154485871));
#11455=CARTESIAN_POINT('Ctrl Pts',(35.,-22.3666556354952,-8.60671678323369));
#11456=CARTESIAN_POINT('Ctrl Pts',(35.,-22.3641112074256,-8.77887725830078));
#11457=CARTESIAN_POINT('',(37.,-22.3641112074256,-8.77887725830078));
#11458=CARTESIAN_POINT('Ctrl Pts',(37.,-22.3641112074256,-8.77887725830078));
#11459=CARTESIAN_POINT('Ctrl Pts',(37.,-22.3666556354952,-8.60671678323369));
#11460=CARTESIAN_POINT('Ctrl Pts',(37.,-22.3706151134663,-8.33881154485871));
#11461=CARTESIAN_POINT('Ctrl Pts',(37.,-22.3112188508594,-8.07828484100462));
#11462=CARTESIAN_POINT('Ctrl Pts',(37.,-22.2899916395545,-7.9851770401001));
#11463=CARTESIAN_POINT('',(35.,-22.3641112074256,-8.77887725830078));
#11464=CARTESIAN_POINT('Origin',(35.,-22.3641112074256,-12.4786901473999));
#11465=CARTESIAN_POINT('',(35.,-22.3641112074256,-12.4786901473999));
#11466=CARTESIAN_POINT('',(35.,-22.3641112074256,-18.7393450737));
#11467=CARTESIAN_POINT('',(37.,-22.3641112074256,-12.4786901473999));
#11468=CARTESIAN_POINT('',(37.,-22.3641112074256,-8.77887725830078));
#11469=CARTESIAN_POINT('',(35.,-22.3641112074256,-12.4786901473999));
#11470=CARTESIAN_POINT('Ctrl Pts',(35.,-22.2899916395545,-13.235330581665));
#11471=CARTESIAN_POINT('Ctrl Pts',(37.,-22.2899916395545,-13.235330581665));
#11472=CARTESIAN_POINT('Ctrl Pts',(35.,-22.3112818536198,-13.1432658381304));
#11473=CARTESIAN_POINT('Ctrl Pts',(37.,-22.3112818536198,-13.1432658381304));
#11474=CARTESIAN_POINT('Ctrl Pts',(35.,-22.3687077367646,-12.8949405189133));
#11475=CARTESIAN_POINT('Ctrl Pts',(37.,-22.3687077367646,-12.8949405189133));
#11476=CARTESIAN_POINT('Ctrl Pts',(35.,-22.3658864950214,-12.6394558179304));
#11477=CARTESIAN_POINT('Ctrl Pts',(37.,-22.3658864950214,-12.6394558179304));
#11478=CARTESIAN_POINT('Ctrl Pts',(35.,-22.3641112074256,-12.4786901473999));
#11479=CARTESIAN_POINT('Ctrl Pts',(37.,-22.3641112074256,-12.4786901473999));
#11480=CARTESIAN_POINT('',(35.,-22.2899916395545,-13.235330581665));
#11481=CARTESIAN_POINT('Ctrl Pts',(35.,-22.3641112074256,-12.4786901473999));
#11482=CARTESIAN_POINT('Ctrl Pts',(35.,-22.3658864950214,-12.6394558179304));
#11483=CARTESIAN_POINT('Ctrl Pts',(35.,-22.3687077367646,-12.8949405189133));
#11484=CARTESIAN_POINT('Ctrl Pts',(35.,-22.3112818536198,-13.1432658381304));
#11485=CARTESIAN_POINT('Ctrl Pts',(35.,-22.2899916395545,-13.235330581665));
#11486=CARTESIAN_POINT('',(37.,-22.2899916395545,-13.235330581665));
#11487=CARTESIAN_POINT('Ctrl Pts',(37.,-22.2899916395545,-13.235330581665));
#11488=CARTESIAN_POINT('Ctrl Pts',(37.,-22.3112818536198,-13.1432658381304));
#11489=CARTESIAN_POINT('Ctrl Pts',(37.,-22.3687077367646,-12.8949405189133));
#11490=CARTESIAN_POINT('Ctrl Pts',(37.,-22.3658864950214,-12.6394558179304));
#11491=CARTESIAN_POINT('Ctrl Pts',(37.,-22.3641112074256,-12.4786901473999));
#11492=CARTESIAN_POINT('',(35.,-22.2899916395545,-13.235330581665));
#11493=CARTESIAN_POINT('Ctrl Pts',(35.,-21.9996884092689,-13.4113645553589));
#11494=CARTESIAN_POINT('Ctrl Pts',(37.,-21.9996884092689,-13.4113645553589));
#11495=CARTESIAN_POINT('Ctrl Pts',(35.,-22.065274286378,-13.4052807064841));
#11496=CARTESIAN_POINT('Ctrl Pts',(37.,-22.065274286378,-13.4052807064841));
#11497=CARTESIAN_POINT('Ctrl Pts',(35.,-22.1913885855078,-13.3935821462046));
#11498=CARTESIAN_POINT('Ctrl Pts',(37.,-22.1913885855078,-13.3935821462046));
#11499=CARTESIAN_POINT('Ctrl Pts',(35.,-22.258014570044,-13.2866517230673));
#11500=CARTESIAN_POINT('Ctrl Pts',(37.,-22.258014570044,-13.2866517230673));
#11501=CARTESIAN_POINT('Ctrl Pts',(35.,-22.2899916395545,-13.235330581665));
#11502=CARTESIAN_POINT('Ctrl Pts',(37.,-22.2899916395545,-13.235330581665));
#11503=CARTESIAN_POINT('',(35.,-21.9996884092689,-13.4113645553589));
#11504=CARTESIAN_POINT('Ctrl Pts',(35.,-22.2899916395545,-13.235330581665));
#11505=CARTESIAN_POINT('Ctrl Pts',(35.,-22.258014570044,-13.2866517230673));
#11506=CARTESIAN_POINT('Ctrl Pts',(35.,-22.1913885855078,-13.3935821462046));
#11507=CARTESIAN_POINT('Ctrl Pts',(35.,-22.065274286378,-13.4052807064841));
#11508=CARTESIAN_POINT('Ctrl Pts',(35.,-21.9996884092689,-13.4113645553589));
#11509=CARTESIAN_POINT('',(37.,-21.9996884092689,-13.4113645553589));
#11510=CARTESIAN_POINT('Ctrl Pts',(37.,-21.9996884092689,-13.4113645553589));
#11511=CARTESIAN_POINT('Ctrl Pts',(37.,-22.065274286378,-13.4052807064841));
#11512=CARTESIAN_POINT('Ctrl Pts',(37.,-22.1913885855078,-13.3935821462046));
#11513=CARTESIAN_POINT('Ctrl Pts',(37.,-22.258014570044,-13.2866517230673));
#11514=CARTESIAN_POINT('Ctrl Pts',(37.,-22.2899916395545,-13.235330581665));
#11515=CARTESIAN_POINT('',(35.,-21.9996884092689,-13.4113645553589));
#11516=CARTESIAN_POINT('Ctrl Pts',(35.,-21.7062976583838,-13.2507729530334));
#11517=CARTESIAN_POINT('Ctrl Pts',(37.,-21.7062976583838,-13.2507729530334));
#11518=CARTESIAN_POINT('Ctrl Pts',(35.,-21.7387499736481,-13.2975404816028));
#11519=CARTESIAN_POINT('Ctrl Pts',(37.,-21.7387499736481,-13.2975404816028));
#11520=CARTESIAN_POINT('Ctrl Pts',(35.,-21.8089512075167,-13.3987085549378));
#11521=CARTESIAN_POINT('Ctrl Pts',(37.,-21.8089512075167,-13.3987085549378));
#11522=CARTESIAN_POINT('Ctrl Pts',(35.,-21.9329898179393,-13.4069388985274));
#11523=CARTESIAN_POINT('Ctrl Pts',(37.,-21.9329898179393,-13.4069388985274));
#11524=CARTESIAN_POINT('Ctrl Pts',(35.,-21.9996884092689,-13.4113645553589));
#11525=CARTESIAN_POINT('Ctrl Pts',(37.,-21.9996884092689,-13.4113645553589));
#11526=CARTESIAN_POINT('',(35.,-21.7062976583838,-13.2507729530334));
#11527=CARTESIAN_POINT('Ctrl Pts',(35.,-21.9996884092689,-13.4113645553589));
#11528=CARTESIAN_POINT('Ctrl Pts',(35.,-21.9329898179393,-13.4069388985274));
#11529=CARTESIAN_POINT('Ctrl Pts',(35.,-21.8089512075167,-13.3987085549378));
#11530=CARTESIAN_POINT('Ctrl Pts',(35.,-21.7387499736481,-13.2975404816028));
#11531=CARTESIAN_POINT('Ctrl Pts',(35.,-21.7062976583838,-13.2507729530334));
#11532=CARTESIAN_POINT('',(37.,-21.7062976583838,-13.2507729530334));
#11533=CARTESIAN_POINT('Ctrl Pts',(37.,-21.7062976583838,-13.2507729530334));
#11534=CARTESIAN_POINT('Ctrl Pts',(37.,-21.7387499736481,-13.2975404816028));
#11535=CARTESIAN_POINT('Ctrl Pts',(37.,-21.8089512075167,-13.3987085549378));
#11536=CARTESIAN_POINT('Ctrl Pts',(37.,-21.9329898179393,-13.4069388985274));
#11537=CARTESIAN_POINT('Ctrl Pts',(37.,-21.9996884092689,-13.4113645553589));
#11538=CARTESIAN_POINT('',(35.,-21.7062976583838,-13.2507729530334));
#11539=CARTESIAN_POINT('Ctrl Pts',(35.,-21.6352656111121,-12.5589871406555));
#11540=CARTESIAN_POINT('Ctrl Pts',(37.,-21.6352656111121,-12.5589871406555));
#11541=CARTESIAN_POINT('Ctrl Pts',(35.,-21.6335732646124,-12.7061159081976));
#11542=CARTESIAN_POINT('Ctrl Pts',(37.,-21.6335732646124,-12.7061159081976));
#11543=CARTESIAN_POINT('Ctrl Pts',(35.,-21.6308830720862,-12.9399951468244));
#11544=CARTESIAN_POINT('Ctrl Pts',(37.,-21.6308830720862,-12.9399951468244));
#11545=CARTESIAN_POINT('Ctrl Pts',(35.,-21.685893276975,-13.1666880405169));
#11546=CARTESIAN_POINT('Ctrl Pts',(37.,-21.685893276975,-13.1666880405169));
#11547=CARTESIAN_POINT('Ctrl Pts',(35.,-21.7062976583838,-13.2507729530334));
#11548=CARTESIAN_POINT('Ctrl Pts',(37.,-21.7062976583838,-13.2507729530334));
#11549=CARTESIAN_POINT('',(35.,-21.6352656111121,-12.5589871406555));
#11550=CARTESIAN_POINT('Ctrl Pts',(35.,-21.7062976583838,-13.2507729530334));
#11551=CARTESIAN_POINT('Ctrl Pts',(35.,-21.685893276975,-13.1666880405169));
#11552=CARTESIAN_POINT('Ctrl Pts',(35.,-21.6308830720862,-12.9399951468244));
#11553=CARTESIAN_POINT('Ctrl Pts',(35.,-21.6335732646124,-12.7061159081976));
#11554=CARTESIAN_POINT('Ctrl Pts',(35.,-21.6352656111121,-12.5589871406555));
#11555=CARTESIAN_POINT('',(37.,-21.6352656111121,-12.5589871406555));
#11556=CARTESIAN_POINT('Ctrl Pts',(37.,-21.6352656111121,-12.5589871406555));
#11557=CARTESIAN_POINT('Ctrl Pts',(37.,-21.6335732646124,-12.7061159081976));
#11558=CARTESIAN_POINT('Ctrl Pts',(37.,-21.6308830720862,-12.9399951468244));
#11559=CARTESIAN_POINT('Ctrl Pts',(37.,-21.685893276975,-13.1666880405169));
#11560=CARTESIAN_POINT('Ctrl Pts',(37.,-21.7062976583838,-13.2507729530334));
#11561=CARTESIAN_POINT('',(35.,-21.6352656111121,-12.5589871406555));
#11562=CARTESIAN_POINT('Origin',(35.,-21.6352656111121,-8.77887725830078));
#11563=CARTESIAN_POINT('',(35.,-21.6352656111121,-16.8894386291504));
#11564=CARTESIAN_POINT('',(37.,-21.6352656111121,-12.5589871406555));
#11565=CARTESIAN_POINT('Origin',(35.,-19.1398980841041,-11.4039540290833));
#11566=CARTESIAN_POINT('',(35.,-19.1398980841041,-9.39654111862183));
#11567=CARTESIAN_POINT('',(35.,-19.1398980841041,-11.4039540290833));
#11568=CARTESIAN_POINT('',(35.,-19.1398980841041,-18.2019770145416));
#11569=CARTESIAN_POINT('',(37.,-19.1398980841041,-9.39654111862183));
#11570=CARTESIAN_POINT('',(35.,-19.1398980841041,-9.39654111862183));
#11571=CARTESIAN_POINT('',(37.,-19.1398980841041,-11.4039540290833));
#11572=CARTESIAN_POINT('',(37.,-19.1398980841041,-9.39654111862183));
#11573=CARTESIAN_POINT('',(35.,-19.1398980841041,-11.4039540290833));
#11574=CARTESIAN_POINT('Ctrl Pts',(35.,-19.2510774359107,-13.025324344635));
#11575=CARTESIAN_POINT('Ctrl Pts',(37.,-19.2510774359107,-13.025324344635));
#11576=CARTESIAN_POINT('Ctrl Pts',(35.,-19.2189001309599,-12.8045897879083));
#11577=CARTESIAN_POINT('Ctrl Pts',(37.,-19.2189001309599,-12.8045897879083));
#11578=CARTESIAN_POINT('Ctrl Pts',(35.,-19.1405799824429,-12.2673178413576));
#11579=CARTESIAN_POINT('Ctrl Pts',(37.,-19.1405799824429,-12.2673178413576));
#11580=CARTESIAN_POINT('Ctrl Pts',(35.,-19.1401508879926,-11.7240336018438));
#11581=CARTESIAN_POINT('Ctrl Pts',(37.,-19.1401508879926,-11.7240336018438));
#11582=CARTESIAN_POINT('Ctrl Pts',(35.,-19.1398980841041,-11.4039540290833));
#11583=CARTESIAN_POINT('Ctrl Pts',(37.,-19.1398980841041,-11.4039540290833));
#11584=CARTESIAN_POINT('',(35.,-19.2510774359107,-13.025324344635));
#11585=CARTESIAN_POINT('Ctrl Pts',(35.,-19.1398980841041,-11.4039540290833));
#11586=CARTESIAN_POINT('Ctrl Pts',(35.,-19.1401508879926,-11.7240336018438));
#11587=CARTESIAN_POINT('Ctrl Pts',(35.,-19.1405799824429,-12.2673178413576));
#11588=CARTESIAN_POINT('Ctrl Pts',(35.,-19.2189001309599,-12.8045897879083));
#11589=CARTESIAN_POINT('Ctrl Pts',(35.,-19.2510774359107,-13.025324344635));
#11590=CARTESIAN_POINT('',(37.,-19.2510774359107,-13.025324344635));
#11591=CARTESIAN_POINT('Ctrl Pts',(37.,-19.2510774359107,-13.025324344635));
#11592=CARTESIAN_POINT('Ctrl Pts',(37.,-19.2189001309599,-12.8045897879083));
#11593=CARTESIAN_POINT('Ctrl Pts',(37.,-19.1405799824429,-12.2673178413576));
#11594=CARTESIAN_POINT('Ctrl Pts',(37.,-19.1401508879926,-11.7240336018438));
#11595=CARTESIAN_POINT('Ctrl Pts',(37.,-19.1398980841041,-11.4039540290833));
#11596=CARTESIAN_POINT('',(35.,-19.2510774359107,-13.025324344635));
#11597=CARTESIAN_POINT('Ctrl Pts',(35.,-19.7266795858741,-13.9888834953308));
#11598=CARTESIAN_POINT('Ctrl Pts',(37.,-19.7266795858741,-13.9888834953308));
#11599=CARTESIAN_POINT('Ctrl Pts',(35.,-19.6162242000873,-13.8388950743943));
#11600=CARTESIAN_POINT('Ctrl Pts',(37.,-19.6162242000873,-13.8388950743943));
#11601=CARTESIAN_POINT('Ctrl Pts',(35.,-19.400379014165,-13.5457968395493));
#11602=CARTESIAN_POINT('Ctrl Pts',(37.,-19.400379014165,-13.5457968395493));
#11603=CARTESIAN_POINT('Ctrl Pts',(35.,-19.3000598449728,-13.1960793825223));
#11604=CARTESIAN_POINT('Ctrl Pts',(37.,-19.3000598449728,-13.1960793825223));
#11605=CARTESIAN_POINT('Ctrl Pts',(35.,-19.2510774359107,-13.025324344635));
#11606=CARTESIAN_POINT('Ctrl Pts',(37.,-19.2510774359107,-13.025324344635));
#11607=CARTESIAN_POINT('',(35.,-19.7266795858741,-13.9888834953308));
#11608=CARTESIAN_POINT('Ctrl Pts',(35.,-19.2510774359107,-13.025324344635));
#11609=CARTESIAN_POINT('Ctrl Pts',(35.,-19.3000598449728,-13.1960793825223));
#11610=CARTESIAN_POINT('Ctrl Pts',(35.,-19.400379014165,-13.5457968395493));
#11611=CARTESIAN_POINT('Ctrl Pts',(35.,-19.6162242000873,-13.8388950743943));
#11612=CARTESIAN_POINT('Ctrl Pts',(35.,-19.7266795858741,-13.9888834953308));
#11613=CARTESIAN_POINT('',(37.,-19.7266795858741,-13.9888834953308));
#11614=CARTESIAN_POINT('Ctrl Pts',(37.,-19.7266795858741,-13.9888834953308));
#11615=CARTESIAN_POINT('Ctrl Pts',(37.,-19.6162242000873,-13.8388950743943));
#11616=CARTESIAN_POINT('Ctrl Pts',(37.,-19.400379014165,-13.5457968395493));
#11617=CARTESIAN_POINT('Ctrl Pts',(37.,-19.3000598449728,-13.1960793825223));
#11618=CARTESIAN_POINT('Ctrl Pts',(37.,-19.2510774359107,-13.025324344635));
#11619=CARTESIAN_POINT('',(35.,-19.7266795858741,-13.9888834953308));
#11620=CARTESIAN_POINT('Ctrl Pts',(35.,-20.6624438986182,-14.6497845649719));
#11621=CARTESIAN_POINT('Ctrl Pts',(37.,-20.6624438986182,-14.6497845649719));
#11622=CARTESIAN_POINT('Ctrl Pts',(35.,-20.4815214555298,-14.5700756350425));
#11623=CARTESIAN_POINT('Ctrl Pts',(37.,-20.4815214555298,-14.5700756350425));
#11624=CARTESIAN_POINT('Ctrl Pts',(35.,-20.1248159870337,-14.4129220464193));
#11625=CARTESIAN_POINT('Ctrl Pts',(37.,-20.1248159870337,-14.4129220464193));
#11626=CARTESIAN_POINT('Ctrl Pts',(35.,-19.8581108222708,-14.1288654484682));
#11627=CARTESIAN_POINT('Ctrl Pts',(37.,-19.8581108222708,-14.1288654484682));
#11628=CARTESIAN_POINT('Ctrl Pts',(35.,-19.7266795858741,-13.9888834953308));
#11629=CARTESIAN_POINT('Ctrl Pts',(37.,-19.7266795858741,-13.9888834953308));
#11630=CARTESIAN_POINT('',(35.,-20.6624438986182,-14.6497845649719));
#11631=CARTESIAN_POINT('Ctrl Pts',(35.,-19.7266795858741,-13.9888834953308));
#11632=CARTESIAN_POINT('Ctrl Pts',(35.,-19.8581108222708,-14.1288654484682));
#11633=CARTESIAN_POINT('Ctrl Pts',(35.,-20.1248159870337,-14.4129220464193));
#11634=CARTESIAN_POINT('Ctrl Pts',(35.,-20.4815214555298,-14.5700756350425));
#11635=CARTESIAN_POINT('Ctrl Pts',(35.,-20.6624438986182,-14.6497845649719));
#11636=CARTESIAN_POINT('',(37.,-20.6624438986182,-14.6497845649719));
#11637=CARTESIAN_POINT('Ctrl Pts',(37.,-20.6624438986182,-14.6497845649719));
#11638=CARTESIAN_POINT('Ctrl Pts',(37.,-20.4815214555298,-14.5700756350425));
#11639=CARTESIAN_POINT('Ctrl Pts',(37.,-20.1248159870337,-14.4129220464193));
#11640=CARTESIAN_POINT('Ctrl Pts',(37.,-19.8581108222708,-14.1288654484682));
#11641=CARTESIAN_POINT('Ctrl Pts',(37.,-19.7266795858741,-13.9888834953308));
#11642=CARTESIAN_POINT('',(35.,-20.6624438986182,-14.6497845649719));
#11643=CARTESIAN_POINT('Ctrl Pts',(35.,-21.9749810919166,-14.8628783226013));
#11644=CARTESIAN_POINT('Ctrl Pts',(37.,-21.9749810919166,-14.8628783226013));
#11645=CARTESIAN_POINT('Ctrl Pts',(35.,-21.7402692588213,-14.855907968406));
#11646=CARTESIAN_POINT('Ctrl Pts',(37.,-21.7402692588213,-14.855907968406));
#11647=CARTESIAN_POINT('Ctrl Pts',(35.,-21.2931161238118,-14.8426286390707));
#11648=CARTESIAN_POINT('Ctrl Pts',(37.,-21.2931161238118,-14.8426286390707));
#11649=CARTESIAN_POINT('Ctrl Pts',(35.,-20.8655699729165,-14.7118955287318));
#11650=CARTESIAN_POINT('Ctrl Pts',(37.,-20.8655699729165,-14.7118955287318));
#11651=CARTESIAN_POINT('Ctrl Pts',(35.,-20.6624438986182,-14.6497845649719));
#11652=CARTESIAN_POINT('Ctrl Pts',(37.,-20.6624438986182,-14.6497845649719));
#11653=CARTESIAN_POINT('',(35.,-21.9749810919166,-14.8628783226013));
#11654=CARTESIAN_POINT('Ctrl Pts',(35.,-20.6624438986182,-14.6497845649719));
#11655=CARTESIAN_POINT('Ctrl Pts',(35.,-20.8655699729165,-14.7118955287318));
#11656=CARTESIAN_POINT('Ctrl Pts',(35.,-21.2931161238118,-14.8426286390707));
#11657=CARTESIAN_POINT('Ctrl Pts',(35.,-21.7402692588213,-14.855907968406));
#11658=CARTESIAN_POINT('Ctrl Pts',(35.,-21.9749810919166,-14.8628783226013));
#11659=CARTESIAN_POINT('',(37.,-21.9749810919166,-14.8628783226013));
#11660=CARTESIAN_POINT('Ctrl Pts',(37.,-21.9749810919166,-14.8628783226013));
#11661=CARTESIAN_POINT('Ctrl Pts',(37.,-21.7402692588213,-14.855907968406));
#11662=CARTESIAN_POINT('Ctrl Pts',(37.,-21.2931161238118,-14.8426286390707));
#11663=CARTESIAN_POINT('Ctrl Pts',(37.,-20.8655699729165,-14.7118955287318));
#11664=CARTESIAN_POINT('Ctrl Pts',(37.,-20.6624438986182,-14.6497845649719));
#11665=CARTESIAN_POINT('',(35.,-21.9749810919166,-14.8628783226013));
#11666=CARTESIAN_POINT('Ctrl Pts',(35.,-23.3770826086402,-14.6806669235229));
#11667=CARTESIAN_POINT('Ctrl Pts',(37.,-23.3770826086402,-14.6806669235229));
#11668=CARTESIAN_POINT('Ctrl Pts',(35.,-23.1655243453657,-14.7337209797558));
#11669=CARTESIAN_POINT('Ctrl Pts',(37.,-23.1655243453657,-14.7337209797558));
#11670=CARTESIAN_POINT('Ctrl Pts',(35.,-22.7055910052034,-14.8490619213699));
#11671=CARTESIAN_POINT('Ctrl Pts',(37.,-22.7055910052034,-14.8490619213699));
#11672=CARTESIAN_POINT('Ctrl Pts',(35.,-22.2311764003719,-14.8580334702241));
#11673=CARTESIAN_POINT('Ctrl Pts',(37.,-22.2311764003719,-14.8580334702241));
#11674=CARTESIAN_POINT('Ctrl Pts',(35.,-21.9749810919166,-14.8628783226013));
#11675=CARTESIAN_POINT('Ctrl Pts',(37.,-21.9749810919166,-14.8628783226013));
#11676=CARTESIAN_POINT('',(35.,-23.3770826086402,-14.6806669235229));
#11677=CARTESIAN_POINT('Ctrl Pts',(35.,-21.9749810919166,-14.8628783226013));
#11678=CARTESIAN_POINT('Ctrl Pts',(35.,-22.2311764003719,-14.8580334702241));
#11679=CARTESIAN_POINT('Ctrl Pts',(35.,-22.7055910052034,-14.8490619213699));
#11680=CARTESIAN_POINT('Ctrl Pts',(35.,-23.1655243453657,-14.7337209797558));
#11681=CARTESIAN_POINT('Ctrl Pts',(35.,-23.3770826086402,-14.6806669235229));
#11682=CARTESIAN_POINT('',(37.,-23.3770826086402,-14.6806669235229));
#11683=CARTESIAN_POINT('Ctrl Pts',(37.,-23.3770826086402,-14.6806669235229));
#11684=CARTESIAN_POINT('Ctrl Pts',(37.,-23.1655243453657,-14.7337209797558));
#11685=CARTESIAN_POINT('Ctrl Pts',(37.,-22.7055910052034,-14.8490619213699));
#11686=CARTESIAN_POINT('Ctrl Pts',(37.,-22.2311764003719,-14.8580334702241));
#11687=CARTESIAN_POINT('Ctrl Pts',(37.,-21.9749810919166,-14.8628783226013));
#11688=CARTESIAN_POINT('',(35.,-23.3770826086402,-14.6806669235229));
#11689=CARTESIAN_POINT('Ctrl Pts',(35.,-24.2696073278785,-14.1309452056885));
#11690=CARTESIAN_POINT('Ctrl Pts',(37.,-24.2696073278785,-14.1309452056885));
#11691=CARTESIAN_POINT('Ctrl Pts',(35.,-24.1479883629893,-14.2472169232739));
#11692=CARTESIAN_POINT('Ctrl Pts',(37.,-24.1479883629893,-14.2472169232739));
#11693=CARTESIAN_POINT('Ctrl Pts',(35.,-23.8901428587021,-14.4937256785694));
#11694=CARTESIAN_POINT('Ctrl Pts',(37.,-23.8901428587021,-14.4937256785694));
#11695=CARTESIAN_POINT('Ctrl Pts',(35.,-23.5544421130471,-14.6160433114731));
#11696=CARTESIAN_POINT('Ctrl Pts',(37.,-23.5544421130471,-14.6160433114731));
#11697=CARTESIAN_POINT('Ctrl Pts',(35.,-23.3770826086402,-14.6806669235229));
#11698=CARTESIAN_POINT('Ctrl Pts',(37.,-23.3770826086402,-14.6806669235229));
#11699=CARTESIAN_POINT('',(35.,-24.2696073278785,-14.1309452056885));
#11700=CARTESIAN_POINT('Ctrl Pts',(35.,-23.3770826086402,-14.6806669235229));
#11701=CARTESIAN_POINT('Ctrl Pts',(35.,-23.5544421130471,-14.6160433114731));
#11702=CARTESIAN_POINT('Ctrl Pts',(35.,-23.8901428587021,-14.4937256785694));
#11703=CARTESIAN_POINT('Ctrl Pts',(35.,-24.1479883629893,-14.2472169232739));
#11704=CARTESIAN_POINT('Ctrl Pts',(35.,-24.2696073278785,-14.1309452056885));
#11705=CARTESIAN_POINT('',(37.,-24.2696073278785,-14.1309452056885));
#11706=CARTESIAN_POINT('Ctrl Pts',(37.,-24.2696073278785,-14.1309452056885));
#11707=CARTESIAN_POINT('Ctrl Pts',(37.,-24.1479883629893,-14.2472169232739));
#11708=CARTESIAN_POINT('Ctrl Pts',(37.,-23.8901428587021,-14.4937256785694));
#11709=CARTESIAN_POINT('Ctrl Pts',(37.,-23.5544421130471,-14.6160433114731));
#11710=CARTESIAN_POINT('Ctrl Pts',(37.,-23.3770826086402,-14.6806669235229));
#11711=CARTESIAN_POINT('',(35.,-24.2696073278785,-14.1309452056885));
#11712=CARTESIAN_POINT('Ctrl Pts',(35.,-24.7235920652747,-13.2415080070496));
#11713=CARTESIAN_POINT('Ctrl Pts',(37.,-24.7235920652747,-13.2415080070496));
#11714=CARTESIAN_POINT('Ctrl Pts',(35.,-24.6722053381872,-13.4072927119374));
#11715=CARTESIAN_POINT('Ctrl Pts',(37.,-24.6722053381872,-13.4072927119374));
#11716=CARTESIAN_POINT('Ctrl Pts',(35.,-24.5721357592117,-13.7301388350318));
#11717=CARTESIAN_POINT('Ctrl Pts',(37.,-24.5721357592117,-13.7301388350318));
#11718=CARTESIAN_POINT('Ctrl Pts',(35.,-24.3686171170229,-13.9997715699692));
#11719=CARTESIAN_POINT('Ctrl Pts',(37.,-24.3686171170229,-13.9997715699692));
#11720=CARTESIAN_POINT('Ctrl Pts',(35.,-24.2696073278785,-14.1309452056885));
#11721=CARTESIAN_POINT('Ctrl Pts',(37.,-24.2696073278785,-14.1309452056885));
#11722=CARTESIAN_POINT('',(35.,-24.7235920652747,-13.2415080070496));
#11723=CARTESIAN_POINT('Ctrl Pts',(35.,-24.2696073278785,-14.1309452056885));
#11724=CARTESIAN_POINT('Ctrl Pts',(35.,-24.3686171170229,-13.9997715699692));
#11725=CARTESIAN_POINT('Ctrl Pts',(35.,-24.5721357592117,-13.7301388350318));
#11726=CARTESIAN_POINT('Ctrl Pts',(35.,-24.6722053381872,-13.4072927119374));
#11727=CARTESIAN_POINT('Ctrl Pts',(35.,-24.7235920652747,-13.2415080070496));
#11728=CARTESIAN_POINT('',(37.,-24.7235920652747,-13.2415080070496));
#11729=CARTESIAN_POINT('Ctrl Pts',(37.,-24.7235920652747,-13.2415080070496));
#11730=CARTESIAN_POINT('Ctrl Pts',(37.,-24.6722053381872,-13.4072927119374));
#11731=CARTESIAN_POINT('Ctrl Pts',(37.,-24.5721357592117,-13.7301388350318));
#11732=CARTESIAN_POINT('Ctrl Pts',(37.,-24.3686171170229,-13.9997715699692));
#11733=CARTESIAN_POINT('Ctrl Pts',(37.,-24.2696073278785,-14.1309452056885));
#11734=CARTESIAN_POINT('',(35.,-24.7235920652747,-13.2415080070496));
#11735=CARTESIAN_POINT('Ctrl Pts',(35.,-24.8594787344337,-11.6757249832153));
#11736=CARTESIAN_POINT('Ctrl Pts',(37.,-24.8594787344337,-11.6757249832153));
#11737=CARTESIAN_POINT('Ctrl Pts',(35.,-24.8585186563891,-11.9811809865188));
#11738=CARTESIAN_POINT('Ctrl Pts',(37.,-24.8585186563891,-11.9811809865188));
#11739=CARTESIAN_POINT('Ctrl Pts',(35.,-24.8568649682216,-12.5073142328859));
#11740=CARTESIAN_POINT('Ctrl Pts',(37.,-24.8568649682216,-12.5073142328859));
#11741=CARTESIAN_POINT('Ctrl Pts',(35.,-24.7629732700296,-13.0245589145423));
#11742=CARTESIAN_POINT('Ctrl Pts',(37.,-24.7629732700296,-13.0245589145423));
#11743=CARTESIAN_POINT('Ctrl Pts',(35.,-24.7235920652747,-13.2415080070496));
#11744=CARTESIAN_POINT('Ctrl Pts',(37.,-24.7235920652747,-13.2415080070496));
#11745=CARTESIAN_POINT('',(35.,-24.8594787344337,-11.6757249832153));
#11746=CARTESIAN_POINT('Ctrl Pts',(35.,-24.7235920652747,-13.2415080070496));
#11747=CARTESIAN_POINT('Ctrl Pts',(35.,-24.7629732700296,-13.0245589145423));
#11748=CARTESIAN_POINT('Ctrl Pts',(35.,-24.8568649682216,-12.5073142328859));
#11749=CARTESIAN_POINT('Ctrl Pts',(35.,-24.8585186563891,-11.9811809865188));
#11750=CARTESIAN_POINT('Ctrl Pts',(35.,-24.8594787344337,-11.6757249832153));
#11751=CARTESIAN_POINT('',(37.,-24.8594787344337,-11.6757249832153));
#11752=CARTESIAN_POINT('Ctrl Pts',(37.,-24.8594787344337,-11.6757249832153));
#11753=CARTESIAN_POINT('Ctrl Pts',(37.,-24.8585186563891,-11.9811809865188));
#11754=CARTESIAN_POINT('Ctrl Pts',(37.,-24.8568649682216,-12.5073142328859));
#11755=CARTESIAN_POINT('Ctrl Pts',(37.,-24.7629732700296,-13.0245589145423));
#11756=CARTESIAN_POINT('Ctrl Pts',(37.,-24.7235920652747,-13.2415080070496));
#11757=CARTESIAN_POINT('',(35.,-24.8594787344337,-11.6757249832153));
#11758=CARTESIAN_POINT('Origin',(35.,-24.8594787344337,-9.57566499710083));
#11759=CARTESIAN_POINT('',(35.,-24.8594787344337,-9.57566499710083));
#11760=CARTESIAN_POINT('',(35.,-24.8594787344337,-17.2878324985504));
#11761=CARTESIAN_POINT('',(37.,-24.8594787344337,-9.57566499710083));
#11762=CARTESIAN_POINT('',(37.,-24.8594787344337,-11.6757249832153));
#11763=CARTESIAN_POINT('',(35.,-24.8594787344337,-9.57566499710083));
#11764=CARTESIAN_POINT('Ctrl Pts',(35.,-24.6124127134681,-7.79061317443848));
#11765=CARTESIAN_POINT('Ctrl Pts',(37.,-24.6124127134681,-7.79061317443848));
#11766=CARTESIAN_POINT('Ctrl Pts',(35.,-24.6841781345465,-8.04493052642862));
#11767=CARTESIAN_POINT('Ctrl Pts',(37.,-24.6841781345465,-8.04493052642862));
#11768=CARTESIAN_POINT('Ctrl Pts',(35.,-24.848613691343,-8.6276459170596));
#11769=CARTESIAN_POINT('Ctrl Pts',(37.,-24.848613691343,-8.6276459170596));
#11770=CARTESIAN_POINT('Ctrl Pts',(35.,-24.8555625822553,-9.23396483499428));
#11771=CARTESIAN_POINT('Ctrl Pts',(37.,-24.8555625822553,-9.23396483499428));
#11772=CARTESIAN_POINT('Ctrl Pts',(35.,-24.8594787344337,-9.57566499710083));
#11773=CARTESIAN_POINT('Ctrl Pts',(37.,-24.8594787344337,-9.57566499710083));
#11774=CARTESIAN_POINT('',(35.,-24.6124127134681,-7.79061317443848));
#11775=CARTESIAN_POINT('Ctrl Pts',(35.,-24.8594787344337,-9.57566499710083));
#11776=CARTESIAN_POINT('Ctrl Pts',(35.,-24.8555625822553,-9.23396483499428));
#11777=CARTESIAN_POINT('Ctrl Pts',(35.,-24.848613691343,-8.6276459170596));
#11778=CARTESIAN_POINT('Ctrl Pts',(35.,-24.6841781345465,-8.04493052642862));
#11779=CARTESIAN_POINT('Ctrl Pts',(35.,-24.6124127134681,-7.79061317443848));
#11780=CARTESIAN_POINT('',(37.,-24.6124127134681,-7.79061317443848));
#11781=CARTESIAN_POINT('Ctrl Pts',(37.,-24.6124127134681,-7.79061317443848));
#11782=CARTESIAN_POINT('Ctrl Pts',(37.,-24.6841781345465,-8.04493052642862));
#11783=CARTESIAN_POINT('Ctrl Pts',(37.,-24.848613691343,-8.6276459170596));
#11784=CARTESIAN_POINT('Ctrl Pts',(37.,-24.8555625822553,-9.23396483499428));
#11785=CARTESIAN_POINT('Ctrl Pts',(37.,-24.8594787344337,-9.57566499710083));
#11786=CARTESIAN_POINT('',(35.,-24.6124127134681,-7.79061317443848));
#11787=CARTESIAN_POINT('Ctrl Pts',(35.,-23.7229755148292,-6.7591118812561));
#11788=CARTESIAN_POINT('Ctrl Pts',(37.,-23.7229755148292,-6.7591118812561));
#11789=CARTESIAN_POINT('Ctrl Pts',(35.,-23.919588181366,-6.89672820800742));
#11790=CARTESIAN_POINT('Ctrl Pts',(37.,-23.919588181366,-6.89672820800742));
#11791=CARTESIAN_POINT('Ctrl Pts',(35.,-24.3037204430452,-7.16559629148391));
#11792=CARTESIAN_POINT('Ctrl Pts',(37.,-24.3037204430452,-7.16559629148391));
#11793=CARTESIAN_POINT('Ctrl Pts',(35.,-24.5111520442644,-7.58558819035039));
#11794=CARTESIAN_POINT('Ctrl Pts',(37.,-24.5111520442644,-7.58558819035039));
#11795=CARTESIAN_POINT('Ctrl Pts',(35.,-24.6124127134681,-7.79061317443848));
#11796=CARTESIAN_POINT('Ctrl Pts',(37.,-24.6124127134681,-7.79061317443848));
#11797=CARTESIAN_POINT('',(35.,-23.7229755148292,-6.7591118812561));
#11798=CARTESIAN_POINT('Ctrl Pts',(35.,-24.6124127134681,-7.79061317443848));
#11799=CARTESIAN_POINT('Ctrl Pts',(35.,-24.5111520442644,-7.58558819035039));
#11800=CARTESIAN_POINT('Ctrl Pts',(35.,-24.3037204430452,-7.16559629148391));
#11801=CARTESIAN_POINT('Ctrl Pts',(35.,-23.919588181366,-6.89672820800742));
#11802=CARTESIAN_POINT('Ctrl Pts',(35.,-23.7229755148292,-6.7591118812561));
#11803=CARTESIAN_POINT('',(37.,-23.7229755148292,-6.7591118812561));
#11804=CARTESIAN_POINT('Ctrl Pts',(37.,-23.7229755148292,-6.7591118812561));
#11805=CARTESIAN_POINT('Ctrl Pts',(37.,-23.919588181366,-6.89672820800742));
#11806=CARTESIAN_POINT('Ctrl Pts',(37.,-24.3037204430452,-7.16559629148391));
#11807=CARTESIAN_POINT('Ctrl Pts',(37.,-24.5111520442644,-7.58558819035039));
#11808=CARTESIAN_POINT('Ctrl Pts',(37.,-24.6124127134681,-7.79061317443848));
#11809=CARTESIAN_POINT('',(35.,-23.7229755148292,-6.7591118812561));
#11810=CARTESIAN_POINT('Ctrl Pts',(35.,-22.0799854025245,-6.36998176574707));
#11811=CARTESIAN_POINT('Ctrl Pts',(37.,-22.0799854025245,-6.36998176574707));
#11812=CARTESIAN_POINT('Ctrl Pts',(35.,-22.3890449726671,-6.3807183696305));
#11813=CARTESIAN_POINT('Ctrl Pts',(37.,-22.3890449726671,-6.3807183696305));
#11814=CARTESIAN_POINT('Ctrl Pts',(35.,-22.963900560529,-6.40068861916592));
#11815=CARTESIAN_POINT('Ctrl Pts',(37.,-22.963900560529,-6.40068861916592));
#11816=CARTESIAN_POINT('Ctrl Pts',(35.,-23.4829722855913,-6.64578612884091));
#11817=CARTESIAN_POINT('Ctrl Pts',(37.,-23.4829722855913,-6.64578612884091));
#11818=CARTESIAN_POINT('Ctrl Pts',(35.,-23.7229755148292,-6.7591118812561));
#11819=CARTESIAN_POINT('Ctrl Pts',(37.,-23.7229755148292,-6.7591118812561));
#11820=CARTESIAN_POINT('',(35.,-22.0799854025245,-6.36998176574707));
#11821=CARTESIAN_POINT('Ctrl Pts',(35.,-23.7229755148292,-6.7591118812561));
#11822=CARTESIAN_POINT('Ctrl Pts',(35.,-23.4829722855913,-6.64578612884091));
#11823=CARTESIAN_POINT('Ctrl Pts',(35.,-22.963900560529,-6.40068861916592));
#11824=CARTESIAN_POINT('Ctrl Pts',(35.,-22.3890449726671,-6.3807183696305));
#11825=CARTESIAN_POINT('Ctrl Pts',(35.,-22.0799854025245,-6.36998176574707));
#11826=CARTESIAN_POINT('',(37.,-22.0799854025245,-6.36998176574707));
#11827=CARTESIAN_POINT('Ctrl Pts',(37.,-22.0799854025245,-6.36998176574707));
#11828=CARTESIAN_POINT('Ctrl Pts',(37.,-22.3890449726671,-6.3807183696305));
#11829=CARTESIAN_POINT('Ctrl Pts',(37.,-22.963900560529,-6.40068861916592));
#11830=CARTESIAN_POINT('Ctrl Pts',(37.,-23.4829722855913,-6.64578612884091));
#11831=CARTESIAN_POINT('Ctrl Pts',(37.,-23.7229755148292,-6.7591118812561));
#11832=CARTESIAN_POINT('',(35.,-22.0799854025245,-6.36998176574707));
#11833=CARTESIAN_POINT('Ctrl Pts',(35.,-20.6377365812659,-6.62013530731201));
#11834=CARTESIAN_POINT('Ctrl Pts',(37.,-20.6377365812659,-6.62013530731201));
#11835=CARTESIAN_POINT('Ctrl Pts',(35.,-20.8564335441758,-6.54725549778313));
#11836=CARTESIAN_POINT('Ctrl Pts',(37.,-20.8564335441758,-6.54725549778313));
#11837=CARTESIAN_POINT('Ctrl Pts',(35.,-21.3241355538964,-6.39139584188677));
#11838=CARTESIAN_POINT('Ctrl Pts',(37.,-21.3241355538964,-6.39139584188677));
#11839=CARTESIAN_POINT('Ctrl Pts',(35.,-21.8173810019896,-6.37742164370415));
#11840=CARTESIAN_POINT('Ctrl Pts',(37.,-21.8173810019896,-6.37742164370415));
#11841=CARTESIAN_POINT('Ctrl Pts',(35.,-22.0799854025245,-6.36998176574707));
#11842=CARTESIAN_POINT('Ctrl Pts',(37.,-22.0799854025245,-6.36998176574707));
#11843=CARTESIAN_POINT('',(35.,-20.6377365812659,-6.62013530731201));
#11844=CARTESIAN_POINT('Ctrl Pts',(35.,-22.0799854025245,-6.36998176574707));
#11845=CARTESIAN_POINT('Ctrl Pts',(35.,-21.8173810019896,-6.37742164370415));
#11846=CARTESIAN_POINT('Ctrl Pts',(35.,-21.3241355538964,-6.39139584188677));
#11847=CARTESIAN_POINT('Ctrl Pts',(35.,-20.8564335441758,-6.54725549778313));
#11848=CARTESIAN_POINT('Ctrl Pts',(35.,-20.6377365812659,-6.62013530731201));
#11849=CARTESIAN_POINT('',(37.,-20.6377365812659,-6.62013530731201));
#11850=CARTESIAN_POINT('Ctrl Pts',(37.,-20.6377365812659,-6.62013530731201));
#11851=CARTESIAN_POINT('Ctrl Pts',(37.,-20.8564335441758,-6.54725549778313));
#11852=CARTESIAN_POINT('Ctrl Pts',(37.,-21.3241355538964,-6.39139584188677));
#11853=CARTESIAN_POINT('Ctrl Pts',(37.,-21.8173810019896,-6.37742164370415));
#11854=CARTESIAN_POINT('Ctrl Pts',(37.,-22.0799854025245,-6.36998176574707));
#11855=CARTESIAN_POINT('',(35.,-20.6377365812659,-6.62013530731201));
#11856=CARTESIAN_POINT('Ctrl Pts',(35.,-19.7081496939063,-7.27177381515503));
#11857=CARTESIAN_POINT('Ctrl Pts',(37.,-19.7081496939063,-7.27177381515503));
#11858=CARTESIAN_POINT('Ctrl Pts',(35.,-19.8341377576986,-7.14207809011332));
#11859=CARTESIAN_POINT('Ctrl Pts',(37.,-19.8341377576986,-7.14207809011332));
#11860=CARTESIAN_POINT('Ctrl Pts',(35.,-20.1021812240026,-6.8661464608893));
#11861=CARTESIAN_POINT('Ctrl Pts',(37.,-20.1021812240026,-6.8661464608893));
#11862=CARTESIAN_POINT('Ctrl Pts',(35.,-20.4522239216894,-6.70535186385778));
#11863=CARTESIAN_POINT('Ctrl Pts',(37.,-20.4522239216894,-6.70535186385778));
#11864=CARTESIAN_POINT('Ctrl Pts',(35.,-20.6377365812659,-6.62013530731201));
#11865=CARTESIAN_POINT('Ctrl Pts',(37.,-20.6377365812659,-6.62013530731201));
#11866=CARTESIAN_POINT('',(35.,-19.7081496939063,-7.27177381515503));
#11867=CARTESIAN_POINT('Ctrl Pts',(35.,-20.6377365812659,-6.62013530731201));
#11868=CARTESIAN_POINT('Ctrl Pts',(35.,-20.4522239216894,-6.70535186385778));
#11869=CARTESIAN_POINT('Ctrl Pts',(35.,-20.1021812240026,-6.8661464608893));
#11870=CARTESIAN_POINT('Ctrl Pts',(35.,-19.8341377576986,-7.14207809011332));
#11871=CARTESIAN_POINT('Ctrl Pts',(35.,-19.7081496939063,-7.27177381515503));
#11872=CARTESIAN_POINT('',(37.,-19.7081496939063,-7.27177381515503));
#11873=CARTESIAN_POINT('Ctrl Pts',(37.,-19.7081496939063,-7.27177381515503));
#11874=CARTESIAN_POINT('Ctrl Pts',(37.,-19.8341377576986,-7.14207809011332));
#11875=CARTESIAN_POINT('Ctrl Pts',(37.,-20.1021812240026,-6.8661464608893));
#11876=CARTESIAN_POINT('Ctrl Pts',(37.,-20.4522239216894,-6.70535186385778));
#11877=CARTESIAN_POINT('Ctrl Pts',(37.,-20.6377365812659,-6.62013530731201));
#11878=CARTESIAN_POINT('',(35.,-19.7081496939063,-7.27177381515503));
#11879=CARTESIAN_POINT('Ctrl Pts',(35.,-19.2603423818946,-8.0994439125061));
#11880=CARTESIAN_POINT('Ctrl Pts',(37.,-19.2603423818946,-8.0994439125061));
#11881=CARTESIAN_POINT('Ctrl Pts',(35.,-19.3111704542593,-7.95592351903924));
#11882=CARTESIAN_POINT('Ctrl Pts',(37.,-19.3111704542593,-7.95592351903924));
#11883=CARTESIAN_POINT('Ctrl Pts',(35.,-19.4170996597539,-7.65681712871351));
#11884=CARTESIAN_POINT('Ctrl Pts',(37.,-19.4170996597539,-7.65681712871351));
#11885=CARTESIAN_POINT('Ctrl Pts',(35.,-19.6085586055668,-7.40352739067622));
#11886=CARTESIAN_POINT('Ctrl Pts',(37.,-19.6085586055668,-7.40352739067622));
#11887=CARTESIAN_POINT('Ctrl Pts',(35.,-19.7081496939063,-7.27177381515503));
#11888=CARTESIAN_POINT('Ctrl Pts',(37.,-19.7081496939063,-7.27177381515503));
#11889=CARTESIAN_POINT('',(35.,-19.2603423818946,-8.0994439125061));
#11890=CARTESIAN_POINT('Ctrl Pts',(35.,-19.7081496939063,-7.27177381515503));
#11891=CARTESIAN_POINT('Ctrl Pts',(35.,-19.6085586055668,-7.40352739067622));
#11892=CARTESIAN_POINT('Ctrl Pts',(35.,-19.4170996597539,-7.65681712871351));
#11893=CARTESIAN_POINT('Ctrl Pts',(35.,-19.3111704542593,-7.95592351903924));
#11894=CARTESIAN_POINT('Ctrl Pts',(35.,-19.2603423818946,-8.0994439125061));
#11895=CARTESIAN_POINT('',(37.,-19.2603423818946,-8.0994439125061));
#11896=CARTESIAN_POINT('Ctrl Pts',(37.,-19.2603423818946,-8.0994439125061));
#11897=CARTESIAN_POINT('Ctrl Pts',(37.,-19.3111704542593,-7.95592351903924));
#11898=CARTESIAN_POINT('Ctrl Pts',(37.,-19.4170996597539,-7.65681712871351));
#11899=CARTESIAN_POINT('Ctrl Pts',(37.,-19.6085586055668,-7.40352739067622));
#11900=CARTESIAN_POINT('Ctrl Pts',(37.,-19.7081496939063,-7.27177381515503));
#11901=CARTESIAN_POINT('',(35.,-19.2603423818946,-8.0994439125061));
#11902=CARTESIAN_POINT('Ctrl Pts',(35.,-19.1398980841041,-9.39654111862183));
#11903=CARTESIAN_POINT('Ctrl Pts',(37.,-19.1398980841041,-9.39654111862183));
#11904=CARTESIAN_POINT('Ctrl Pts',(35.,-19.1406219617597,-9.14233502014764));
#11905=CARTESIAN_POINT('Ctrl Pts',(37.,-19.1406219617597,-9.14233502014764));
#11906=CARTESIAN_POINT('Ctrl Pts',(35.,-19.1418646275212,-8.70594468196622));
#11907=CARTESIAN_POINT('Ctrl Pts',(37.,-19.1418646275212,-8.70594468196622));
#11908=CARTESIAN_POINT('Ctrl Pts',(35.,-19.2254479966833,-8.27807214185088));
#11909=CARTESIAN_POINT('Ctrl Pts',(37.,-19.2254479966833,-8.27807214185088));
#11910=CARTESIAN_POINT('Ctrl Pts',(35.,-19.2603423818946,-8.0994439125061));
#11911=CARTESIAN_POINT('Ctrl Pts',(37.,-19.2603423818946,-8.0994439125061));
#11912=CARTESIAN_POINT('Ctrl Pts',(35.,-19.2603423818946,-8.0994439125061));
#11913=CARTESIAN_POINT('Ctrl Pts',(35.,-19.2254479966833,-8.27807214185088));
#11914=CARTESIAN_POINT('Ctrl Pts',(35.,-19.1418646275212,-8.70594468196622));
#11915=CARTESIAN_POINT('Ctrl Pts',(35.,-19.1406219617597,-9.14233502014764));
#11916=CARTESIAN_POINT('Ctrl Pts',(35.,-19.1398980841041,-9.39654111862183));
#11917=CARTESIAN_POINT('Ctrl Pts',(37.,-19.1398980841041,-9.39654111862183));
#11918=CARTESIAN_POINT('Ctrl Pts',(37.,-19.1406219617597,-9.14233502014764));
#11919=CARTESIAN_POINT('Ctrl Pts',(37.,-19.1418646275212,-8.70594468196622));
#11920=CARTESIAN_POINT('Ctrl Pts',(37.,-19.2254479966833,-8.27807214185088));
#11921=CARTESIAN_POINT('Ctrl Pts',(37.,-19.2603423818946,-8.0994439125061));
#11922=CARTESIAN_POINT('Origin',(37.,-32.5000014528632,-2.10500359535217));
#11923=CARTESIAN_POINT('Origin',(35.,0.,-25.));
#11924=CARTESIAN_POINT('Origin',(35.,-25.6809761747718,-14.7146391868591));
#11925=CARTESIAN_POINT('',(35.,-25.6809761747718,-6.51822090148926));
#11926=CARTESIAN_POINT('',(35.,-25.6809761747718,-14.7146391868591));
#11927=CARTESIAN_POINT('',(35.,-25.6809761747718,-19.8573195934296));
#11928=CARTESIAN_POINT('',(37.,-25.6809761747718,-6.51822090148926));
#11929=CARTESIAN_POINT('',(35.,-25.6809761747718,-6.51822090148926));
#11930=CARTESIAN_POINT('',(37.,-25.6809761747718,-14.7146391868591));
#11931=CARTESIAN_POINT('',(37.,-25.6809761747718,-6.51822090148926));
#11932=CARTESIAN_POINT('',(35.,-25.6809761747718,-14.7146391868591));
#11933=CARTESIAN_POINT('Origin',(35.,-28.2504632696509,-14.7146391868591));
#11934=CARTESIAN_POINT('',(35.,-28.2504632696509,-14.7146391868591));
#11935=CARTESIAN_POINT('',(35.,-14.1252316348255,-14.7146391868591));
#11936=CARTESIAN_POINT('',(37.,-28.2504632696509,-14.7146391868591));
#11937=CARTESIAN_POINT('',(37.,-25.6809761747718,-14.7146391868591));
#11938=CARTESIAN_POINT('',(35.,-28.2504632696509,-14.7146391868591));
#11939=CARTESIAN_POINT('Origin',(35.,-28.2504632696509,-6.51822090148926));
#11940=CARTESIAN_POINT('',(35.,-28.2504632696509,-6.51822090148926));
#11941=CARTESIAN_POINT('',(35.,-28.2504632696509,-15.7591104507446));
#11942=CARTESIAN_POINT('',(37.,-28.2504632696509,-6.51822090148926));
#11943=CARTESIAN_POINT('',(37.,-28.2504632696509,-14.7146391868591));
#11944=CARTESIAN_POINT('',(35.,-28.2504632696509,-6.51822090148926));
#11945=CARTESIAN_POINT('Origin',(35.,-25.6809761747718,-6.51822090148926));
#11946=CARTESIAN_POINT('',(35.,-12.8404880873859,-6.51822090148926));
#11947=CARTESIAN_POINT('',(37.,-28.2504632696509,-6.51822090148926));
#11948=CARTESIAN_POINT('Origin',(37.,-32.5000014528632,-2.10500359535217));
#11949=CARTESIAN_POINT('Ctrl Pts',(35.,-31.7186525091529,-7.97591209411621));
#11950=CARTESIAN_POINT('Ctrl Pts',(37.,-31.7186525091529,-7.97591209411621));
#11951=CARTESIAN_POINT('Ctrl Pts',(35.,-31.6964125830392,-8.05164771334546));
#11952=CARTESIAN_POINT('Ctrl Pts',(37.,-31.6964125830392,-8.05164771334546));
#11953=CARTESIAN_POINT('Ctrl Pts',(35.,-31.6385834011534,-8.24857862387394));
#11954=CARTESIAN_POINT('Ctrl Pts',(37.,-31.6385834011534,-8.24857862387394));
#11955=CARTESIAN_POINT('Ctrl Pts',(35.,-31.6403550883284,-8.45449707878227));
#11956=CARTESIAN_POINT('Ctrl Pts',(37.,-31.6403550883284,-8.45449707878227));
#11957=CARTESIAN_POINT('Ctrl Pts',(35.,-31.6414454206824,-8.581223487854));
#11958=CARTESIAN_POINT('Ctrl Pts',(37.,-31.6414454206824,-8.581223487854));
#11959=CARTESIAN_POINT('',(35.,-31.6414454206824,-8.581223487854));
#11960=CARTESIAN_POINT('',(35.,-31.7186525091529,-7.97591209411621));
#11961=CARTESIAN_POINT('Ctrl Pts',(35.,-31.6414454206824,-8.581223487854));
#11962=CARTESIAN_POINT('Ctrl Pts',(35.,-31.6403550883284,-8.45449707878227));
#11963=CARTESIAN_POINT('Ctrl Pts',(35.,-31.6385834011534,-8.24857862387394));
#11964=CARTESIAN_POINT('Ctrl Pts',(35.,-31.6964125830392,-8.05164771334546));
#11965=CARTESIAN_POINT('Ctrl Pts',(35.,-31.7186525091529,-7.97591209411621));
#11966=CARTESIAN_POINT('',(37.,-31.6414454206824,-8.581223487854));
#11967=CARTESIAN_POINT('',(35.,-31.6414454206824,-8.581223487854));
#11968=CARTESIAN_POINT('',(37.,-31.7186525091529,-7.97591209411621));
#11969=CARTESIAN_POINT('Ctrl Pts',(37.,-31.7186525091529,-7.97591209411621));
#11970=CARTESIAN_POINT('Ctrl Pts',(37.,-31.6964125830392,-8.05164771334546));
#11971=CARTESIAN_POINT('Ctrl Pts',(37.,-31.6385834011534,-8.24857862387394));
#11972=CARTESIAN_POINT('Ctrl Pts',(37.,-31.6403550883284,-8.45449707878227));
#11973=CARTESIAN_POINT('Ctrl Pts',(37.,-31.6414454206824,-8.581223487854));
#11974=CARTESIAN_POINT('',(35.,-31.7186525091529,-7.97591209411621));
#11975=CARTESIAN_POINT('Ctrl Pts',(35.,-32.0243981108069,-7.8214955329895));
#11976=CARTESIAN_POINT('Ctrl Pts',(37.,-32.0243981108069,-7.8214955329895));
#11977=CARTESIAN_POINT('Ctrl Pts',(35.,-31.9559741280049,-7.82535175979518));
#11978=CARTESIAN_POINT('Ctrl Pts',(37.,-31.9559741280049,-7.82535175979518));
#11979=CARTESIAN_POINT('Ctrl Pts',(35.,-31.8301448656825,-7.83244322326217));
#11980=CARTESIAN_POINT('Ctrl Pts',(37.,-31.8301448656825,-7.83244322326217));
#11981=CARTESIAN_POINT('Ctrl Pts',(35.,-31.7535817851867,-7.93096494304409));
#11982=CARTESIAN_POINT('Ctrl Pts',(37.,-31.7535817851867,-7.93096494304409));
#11983=CARTESIAN_POINT('Ctrl Pts',(35.,-31.7186525091529,-7.97591209411621));
#11984=CARTESIAN_POINT('Ctrl Pts',(37.,-31.7186525091529,-7.97591209411621));
#11985=CARTESIAN_POINT('',(35.,-32.0243981108069,-7.8214955329895));
#11986=CARTESIAN_POINT('Ctrl Pts',(35.,-31.7186525091529,-7.97591209411621));
#11987=CARTESIAN_POINT('Ctrl Pts',(35.,-31.7535817851867,-7.93096494304409));
#11988=CARTESIAN_POINT('Ctrl Pts',(35.,-31.8301448656825,-7.83244322326217));
#11989=CARTESIAN_POINT('Ctrl Pts',(35.,-31.9559741280049,-7.82535175979518));
#11990=CARTESIAN_POINT('Ctrl Pts',(35.,-32.0243981108069,-7.8214955329895));
#11991=CARTESIAN_POINT('',(37.,-32.0243981108069,-7.8214955329895));
#11992=CARTESIAN_POINT('Ctrl Pts',(37.,-32.0243981108069,-7.8214955329895));
#11993=CARTESIAN_POINT('Ctrl Pts',(37.,-31.9559741280049,-7.82535175979518));
#11994=CARTESIAN_POINT('Ctrl Pts',(37.,-31.8301448656825,-7.83244322326217));
#11995=CARTESIAN_POINT('Ctrl Pts',(37.,-31.7535817851867,-7.93096494304409));
#11996=CARTESIAN_POINT('Ctrl Pts',(37.,-31.7186525091529,-7.97591209411621));
#11997=CARTESIAN_POINT('',(35.,-32.0243981108069,-7.8214955329895));
#11998=CARTESIAN_POINT('Ctrl Pts',(35.,-32.3239639028907,-7.9604697227478));
#11999=CARTESIAN_POINT('Ctrl Pts',(37.,-32.3239639028907,-7.9604697227478));
#12000=CARTESIAN_POINT('Ctrl Pts',(35.,-32.2889722948107,-7.92004646752279));
#12001=CARTESIAN_POINT('Ctrl Pts',(37.,-32.2889722948107,-7.92004646752279));
#12002=CARTESIAN_POINT('Ctrl Pts',(35.,-32.2109981864804,-7.82996866158777));
#12003=CARTESIAN_POINT('Ctrl Pts',(37.,-32.2109981864804,-7.82996866158777));
#12004=CARTESIAN_POINT('Ctrl Pts',(35.,-32.0907073260988,-7.8245064991233));
#12005=CARTESIAN_POINT('Ctrl Pts',(37.,-32.0907073260988,-7.8245064991233));
#12006=CARTESIAN_POINT('Ctrl Pts',(35.,-32.0243981108069,-7.8214955329895));
#12007=CARTESIAN_POINT('Ctrl Pts',(37.,-32.0243981108069,-7.8214955329895));
#12008=CARTESIAN_POINT('',(35.,-32.3239639028907,-7.9604697227478));
#12009=CARTESIAN_POINT('Ctrl Pts',(35.,-32.0243981108069,-7.8214955329895));
#12010=CARTESIAN_POINT('Ctrl Pts',(35.,-32.0907073260988,-7.8245064991233));
#12011=CARTESIAN_POINT('Ctrl Pts',(35.,-32.2109981864804,-7.82996866158777));
#12012=CARTESIAN_POINT('Ctrl Pts',(35.,-32.2889722948107,-7.92004646752279));
#12013=CARTESIAN_POINT('Ctrl Pts',(35.,-32.3239639028907,-7.9604697227478));
#12014=CARTESIAN_POINT('',(37.,-32.3239639028907,-7.9604697227478));
#12015=CARTESIAN_POINT('Ctrl Pts',(37.,-32.3239639028907,-7.9604697227478));
#12016=CARTESIAN_POINT('Ctrl Pts',(37.,-32.2889722948107,-7.92004646752279));
#12017=CARTESIAN_POINT('Ctrl Pts',(37.,-32.2109981864804,-7.82996866158777));
#12018=CARTESIAN_POINT('Ctrl Pts',(37.,-32.0907073260988,-7.8245064991233));
#12019=CARTESIAN_POINT('Ctrl Pts',(37.,-32.0243981108069,-7.8214955329895));
#12020=CARTESIAN_POINT('',(35.,-32.3239639028907,-7.9604697227478));
#12021=CARTESIAN_POINT('Ctrl Pts',(35.,-32.4011733755469,-8.581223487854));
#12022=CARTESIAN_POINT('Ctrl Pts',(37.,-32.4011733755469,-8.581223487854));
#12023=CARTESIAN_POINT('Ctrl Pts',(35.,-32.4031162333479,-8.44792671547139));
#12024=CARTESIAN_POINT('Ctrl Pts',(37.,-32.4031162333479,-8.44792671547139));
#12025=CARTESIAN_POINT('Ctrl Pts',(35.,-32.4061958316263,-8.23663975944882));
#12026=CARTESIAN_POINT('Ctrl Pts',(37.,-32.4061958316263,-8.23663975944882));
#12027=CARTESIAN_POINT('Ctrl Pts',(35.,-32.3461339341301,-8.03492618309338));
#12028=CARTESIAN_POINT('Ctrl Pts',(37.,-32.3461339341301,-8.03492618309338));
#12029=CARTESIAN_POINT('Ctrl Pts',(35.,-32.3239639028907,-7.9604697227478));
#12030=CARTESIAN_POINT('Ctrl Pts',(37.,-32.3239639028907,-7.9604697227478));
#12031=CARTESIAN_POINT('',(35.,-32.4011733755469,-8.581223487854));
#12032=CARTESIAN_POINT('Ctrl Pts',(35.,-32.3239639028907,-7.9604697227478));
#12033=CARTESIAN_POINT('Ctrl Pts',(35.,-32.3461339341301,-8.03492618309338));
#12034=CARTESIAN_POINT('Ctrl Pts',(35.,-32.4061958316263,-8.23663975944882));
#12035=CARTESIAN_POINT('Ctrl Pts',(35.,-32.4031162333479,-8.44792671547139));
#12036=CARTESIAN_POINT('Ctrl Pts',(35.,-32.4011733755469,-8.581223487854));
#12037=CARTESIAN_POINT('',(37.,-32.4011733755469,-8.581223487854));
#12038=CARTESIAN_POINT('Ctrl Pts',(37.,-32.4011733755469,-8.581223487854));
#12039=CARTESIAN_POINT('Ctrl Pts',(37.,-32.4031162333479,-8.44792671547139));
#12040=CARTESIAN_POINT('Ctrl Pts',(37.,-32.4061958316263,-8.23663975944882));
#12041=CARTESIAN_POINT('Ctrl Pts',(37.,-32.3461339341301,-8.03492618309338));
#12042=CARTESIAN_POINT('Ctrl Pts',(37.,-32.3239639028907,-7.9604697227478));
#12043=CARTESIAN_POINT('',(35.,-32.4011733755469,-8.581223487854));
#12044=CARTESIAN_POINT('Origin',(35.,-32.4011733755469,-12.5960469245911));
#12045=CARTESIAN_POINT('',(35.,-32.4011733755469,-12.5960469245911));
#12046=CARTESIAN_POINT('',(35.,-32.4011733755469,-18.7980234622955));
#12047=CARTESIAN_POINT('',(37.,-32.4011733755469,-12.5960469245911));
#12048=CARTESIAN_POINT('',(37.,-32.4011733755469,-8.581223487854));
#12049=CARTESIAN_POINT('',(35.,-32.4011733755469,-12.5960469245911));
#12050=CARTESIAN_POINT('Ctrl Pts',(35.,-32.3270538076758,-13.2538604736328));
#12051=CARTESIAN_POINT('Ctrl Pts',(37.,-32.3270538076758,-13.2538604736328));
#12052=CARTESIAN_POINT('Ctrl Pts',(35.,-32.3483651276331,-13.1731687015208));
#12053=CARTESIAN_POINT('Ctrl Pts',(37.,-32.3483651276331,-13.1731687015208));
#12054=CARTESIAN_POINT('Ctrl Pts',(35.,-32.4051290562113,-12.9582415173664));
#12055=CARTESIAN_POINT('Ctrl Pts',(37.,-32.4051290562113,-12.9582415173664));
#12056=CARTESIAN_POINT('Ctrl Pts',(35.,-32.4026941353009,-12.7352924821917));
#12057=CARTESIAN_POINT('Ctrl Pts',(37.,-32.4026941353009,-12.7352924821917));
#12058=CARTESIAN_POINT('Ctrl Pts',(35.,-32.4011733755469,-12.5960469245911));
#12059=CARTESIAN_POINT('Ctrl Pts',(37.,-32.4011733755469,-12.5960469245911));
#12060=CARTESIAN_POINT('',(35.,-32.3270538076758,-13.2538604736328));
#12061=CARTESIAN_POINT('Ctrl Pts',(35.,-32.4011733755469,-12.5960469245911));
#12062=CARTESIAN_POINT('Ctrl Pts',(35.,-32.4026941353009,-12.7352924821917));
#12063=CARTESIAN_POINT('Ctrl Pts',(35.,-32.4051290562113,-12.9582415173664));
#12064=CARTESIAN_POINT('Ctrl Pts',(35.,-32.3483651276331,-13.1731687015208));
#12065=CARTESIAN_POINT('Ctrl Pts',(35.,-32.3270538076758,-13.2538604736328));
#12066=CARTESIAN_POINT('',(37.,-32.3270538076758,-13.2538604736328));
#12067=CARTESIAN_POINT('Ctrl Pts',(37.,-32.3270538076758,-13.2538604736328));
#12068=CARTESIAN_POINT('Ctrl Pts',(37.,-32.3483651276331,-13.1731687015208));
#12069=CARTESIAN_POINT('Ctrl Pts',(37.,-32.4051290562113,-12.9582415173664));
#12070=CARTESIAN_POINT('Ctrl Pts',(37.,-32.4026941353009,-12.7352924821917));
#12071=CARTESIAN_POINT('Ctrl Pts',(37.,-32.4011733755469,-12.5960469245911));
#12072=CARTESIAN_POINT('',(35.,-32.3270538076758,-13.2538604736328));
#12073=CARTESIAN_POINT('Ctrl Pts',(35.,-32.0429280027747,-13.4113645553589));
#12074=CARTESIAN_POINT('Ctrl Pts',(37.,-32.0429280027747,-13.4113645553589));
#12075=CARTESIAN_POINT('Ctrl Pts',(35.,-32.1063968606165,-13.4065119895236));
#12076=CARTESIAN_POINT('Ctrl Pts',(37.,-32.1063968606165,-13.4065119895236));
#12077=CARTESIAN_POINT('Ctrl Pts',(35.,-32.2262038113289,-13.3973520465905));
#12078=CARTESIAN_POINT('Ctrl Pts',(37.,-32.2262038113289,-13.3973520465905));
#12079=CARTESIAN_POINT('Ctrl Pts',(35.,-32.2947980237797,-13.2997547060166));
#12080=CARTESIAN_POINT('Ctrl Pts',(37.,-32.2947980237797,-13.2997547060166));
#12081=CARTESIAN_POINT('Ctrl Pts',(35.,-32.3270538076758,-13.2538604736328));
#12082=CARTESIAN_POINT('Ctrl Pts',(37.,-32.3270538076758,-13.2538604736328));
#12083=CARTESIAN_POINT('',(35.,-32.0429280027747,-13.4113645553589));
#12084=CARTESIAN_POINT('Ctrl Pts',(35.,-32.3270538076758,-13.2538604736328));
#12085=CARTESIAN_POINT('Ctrl Pts',(35.,-32.2947980237797,-13.2997547060166));
#12086=CARTESIAN_POINT('Ctrl Pts',(35.,-32.2262038113289,-13.3973520465905));
#12087=CARTESIAN_POINT('Ctrl Pts',(35.,-32.1063968606165,-13.4065119895236));
#12088=CARTESIAN_POINT('Ctrl Pts',(35.,-32.0429280027747,-13.4113645553589));
#12089=CARTESIAN_POINT('',(37.,-32.0429280027747,-13.4113645553589));
#12090=CARTESIAN_POINT('Ctrl Pts',(37.,-32.0429280027747,-13.4113645553589));
#12091=CARTESIAN_POINT('Ctrl Pts',(37.,-32.1063968606165,-13.4065119895236));
#12092=CARTESIAN_POINT('Ctrl Pts',(37.,-32.2262038113289,-13.3973520465905));
#12093=CARTESIAN_POINT('Ctrl Pts',(37.,-32.2947980237797,-13.2997547060166));
#12094=CARTESIAN_POINT('Ctrl Pts',(37.,-32.3270538076758,-13.2538604736328));
#12095=CARTESIAN_POINT('',(35.,-32.0429280027747,-13.4113645553589));
#12096=CARTESIAN_POINT('Ctrl Pts',(35.,-31.721742413938,-13.235330581665));
#12097=CARTESIAN_POINT('Ctrl Pts',(37.,-31.721742413938,-13.235330581665));
#12098=CARTESIAN_POINT('Ctrl Pts',(35.,-31.7576951042389,-13.2866065405151));
#12099=CARTESIAN_POINT('Ctrl Pts',(37.,-31.7576951042389,-13.2866065405151));
#12100=CARTESIAN_POINT('Ctrl Pts',(35.,-31.8349918791051,-13.3968476994969));
#12101=CARTESIAN_POINT('Ctrl Pts',(37.,-31.8349918791051,-13.3968476994969));
#12102=CARTESIAN_POINT('Ctrl Pts',(35.,-31.9704662158122,-13.4063057070055));
#12103=CARTESIAN_POINT('Ctrl Pts',(37.,-31.9704662158122,-13.4063057070055));
#12104=CARTESIAN_POINT('Ctrl Pts',(35.,-32.0429280027747,-13.4113645553589));
#12105=CARTESIAN_POINT('Ctrl Pts',(37.,-32.0429280027747,-13.4113645553589));
#12106=CARTESIAN_POINT('',(35.,-31.721742413938,-13.235330581665));
#12107=CARTESIAN_POINT('Ctrl Pts',(35.,-32.0429280027747,-13.4113645553589));
#12108=CARTESIAN_POINT('Ctrl Pts',(35.,-31.9704662158122,-13.4063057070055));
#12109=CARTESIAN_POINT('Ctrl Pts',(35.,-31.8349918791051,-13.3968476994969));
#12110=CARTESIAN_POINT('Ctrl Pts',(35.,-31.7576951042389,-13.2866065405151));
#12111=CARTESIAN_POINT('Ctrl Pts',(35.,-31.721742413938,-13.235330581665));
#12112=CARTESIAN_POINT('',(37.,-31.721742413938,-13.235330581665));
#12113=CARTESIAN_POINT('Ctrl Pts',(37.,-31.721742413938,-13.235330581665));
#12114=CARTESIAN_POINT('Ctrl Pts',(37.,-31.7576951042389,-13.2866065405151));
#12115=CARTESIAN_POINT('Ctrl Pts',(37.,-31.8349918791051,-13.3968476994969));
#12116=CARTESIAN_POINT('Ctrl Pts',(37.,-31.9704662158122,-13.4063057070055));
#12117=CARTESIAN_POINT('Ctrl Pts',(37.,-32.0429280027747,-13.4113645553589));
#12118=CARTESIAN_POINT('',(35.,-31.721742413938,-13.235330581665));
#12119=CARTESIAN_POINT('Ctrl Pts',(35.,-31.6414454206824,-12.3736882209778));
#12120=CARTESIAN_POINT('Ctrl Pts',(37.,-31.6414454206824,-12.3736882209778));
#12121=CARTESIAN_POINT('Ctrl Pts',(35.,-31.6386249817355,-12.5608673045476));
#12122=CARTESIAN_POINT('Ctrl Pts',(37.,-31.6386249817355,-12.5608673045476));
#12123=CARTESIAN_POINT('Ctrl Pts',(35.,-31.6342425416655,-12.8517089542207));
#12124=CARTESIAN_POINT('Ctrl Pts',(37.,-31.6342425416655,-12.8517089542207));
#12125=CARTESIAN_POINT('Ctrl Pts',(35.,-31.6987503623179,-13.1345275972525));
#12126=CARTESIAN_POINT('Ctrl Pts',(37.,-31.6987503623179,-13.1345275972525));
#12127=CARTESIAN_POINT('Ctrl Pts',(35.,-31.721742413938,-13.235330581665));
#12128=CARTESIAN_POINT('Ctrl Pts',(37.,-31.721742413938,-13.235330581665));
#12129=CARTESIAN_POINT('',(35.,-31.6414454206824,-12.3736882209778));
#12130=CARTESIAN_POINT('Ctrl Pts',(35.,-31.721742413938,-13.235330581665));
#12131=CARTESIAN_POINT('Ctrl Pts',(35.,-31.6987503623179,-13.1345275972525));
#12132=CARTESIAN_POINT('Ctrl Pts',(35.,-31.6342425416655,-12.8517089542207));
#12133=CARTESIAN_POINT('Ctrl Pts',(35.,-31.6386249817355,-12.5608673045476));
#12134=CARTESIAN_POINT('Ctrl Pts',(35.,-31.6414454206824,-12.3736882209778));
#12135=CARTESIAN_POINT('',(37.,-31.6414454206824,-12.3736882209778));
#12136=CARTESIAN_POINT('Ctrl Pts',(37.,-31.6414454206824,-12.3736882209778));
#12137=CARTESIAN_POINT('Ctrl Pts',(37.,-31.6386249817355,-12.5608673045476));
#12138=CARTESIAN_POINT('Ctrl Pts',(37.,-31.6342425416655,-12.8517089542207));
#12139=CARTESIAN_POINT('Ctrl Pts',(37.,-31.6987503623179,-13.1345275972525));
#12140=CARTESIAN_POINT('Ctrl Pts',(37.,-31.721742413938,-13.235330581665));
#12141=CARTESIAN_POINT('',(35.,-31.6414454206824,-12.3736882209778));
#12142=CARTESIAN_POINT('Origin',(35.,-31.6414454206824,-8.581223487854));
#12143=CARTESIAN_POINT('',(35.,-31.6414454206824,-16.790611743927));
#12144=CARTESIAN_POINT('',(37.,-31.6414454206824,-12.3736882209778));
#12145=CARTESIAN_POINT('Origin',(35.,-29.1460778936744,-14.7146391868591));
#12146=CARTESIAN_POINT('',(35.,-29.1460778936744,-4.71463680267334));
#12147=CARTESIAN_POINT('',(35.,-29.1460778936744,-14.7146391868591));
#12148=CARTESIAN_POINT('',(35.,-29.1460778936744,-19.8573195934296));
#12149=CARTESIAN_POINT('',(37.,-29.1460778936744,-4.71463680267334));
#12150=CARTESIAN_POINT('',(35.,-29.1460778936744,-4.71463680267334));
#12151=CARTESIAN_POINT('',(37.,-29.1460778936744,-14.7146391868591));
#12152=CARTESIAN_POINT('',(37.,-29.1460778936744,-4.71463680267334));
#12153=CARTESIAN_POINT('',(35.,-29.1460778936744,-14.7146391868591));
#12154=CARTESIAN_POINT('Origin',(35.,-31.6414454206824,-14.7146391868591));
#12155=CARTESIAN_POINT('',(35.,-31.6414454206824,-14.7146391868591));
#12156=CARTESIAN_POINT('',(35.,-15.8207227103412,-14.7146391868591));
#12157=CARTESIAN_POINT('',(37.,-31.6414454206824,-14.7146391868591));
#12158=CARTESIAN_POINT('',(37.,-29.1460778936744,-14.7146391868591));
#12159=CARTESIAN_POINT('',(35.,-31.6414454206824,-14.7146391868591));
#12160=CARTESIAN_POINT('Origin',(35.,-31.6414454206824,-14.120135307312));
#12161=CARTESIAN_POINT('',(35.,-31.6414454206824,-14.120135307312));
#12162=CARTESIAN_POINT('',(35.,-31.6414454206824,-19.560067653656));
#12163=CARTESIAN_POINT('',(37.,-31.6414454206824,-14.120135307312));
#12164=CARTESIAN_POINT('',(37.,-31.6414454206824,-14.7146391868591));
#12165=CARTESIAN_POINT('',(35.,-31.6414454206824,-14.120135307312));
#12166=CARTESIAN_POINT('Ctrl Pts',(35.,-32.3949959501624,-14.6771931648254));
#12167=CARTESIAN_POINT('Ctrl Pts',(37.,-32.3949959501624,-14.6771931648254));
#12168=CARTESIAN_POINT('Ctrl Pts',(35.,-32.2624395536809,-14.6051106519396));
#12169=CARTESIAN_POINT('Ctrl Pts',(37.,-32.2624395536809,-14.6051106519396));
#12170=CARTESIAN_POINT('Ctrl Pts',(35.,-31.9855196667515,-14.4545250759299));
#12171=CARTESIAN_POINT('Ctrl Pts',(37.,-31.9855196667515,-14.4545250759299));
#12172=CARTESIAN_POINT('Ctrl Pts',(35.,-31.7593512337363,-14.2347224872484));
#12173=CARTESIAN_POINT('Ctrl Pts',(37.,-31.7593512337363,-14.2347224872484));
#12174=CARTESIAN_POINT('Ctrl Pts',(35.,-31.6414454206824,-14.120135307312));
#12175=CARTESIAN_POINT('Ctrl Pts',(37.,-31.6414454206824,-14.120135307312));
#12176=CARTESIAN_POINT('',(35.,-32.3949959501624,-14.6771931648254));
#12177=CARTESIAN_POINT('Ctrl Pts',(35.,-31.6414454206824,-14.120135307312));
#12178=CARTESIAN_POINT('Ctrl Pts',(35.,-31.7593512337363,-14.2347224872484));
#12179=CARTESIAN_POINT('Ctrl Pts',(35.,-31.9855196667515,-14.4545250759299));
#12180=CARTESIAN_POINT('Ctrl Pts',(35.,-32.2624395536809,-14.6051106519396));
#12181=CARTESIAN_POINT('Ctrl Pts',(35.,-32.3949959501624,-14.6771931648254));
#12182=CARTESIAN_POINT('',(37.,-32.3949959501624,-14.6771931648254));
#12183=CARTESIAN_POINT('Ctrl Pts',(37.,-32.3949959501624,-14.6771931648254));
#12184=CARTESIAN_POINT('Ctrl Pts',(37.,-32.2624395536809,-14.6051106519396));
#12185=CARTESIAN_POINT('Ctrl Pts',(37.,-31.9855196667515,-14.4545250759299));
#12186=CARTESIAN_POINT('Ctrl Pts',(37.,-31.7593512337363,-14.2347224872484));
#12187=CARTESIAN_POINT('Ctrl Pts',(37.,-31.6414454206824,-14.120135307312));
#12188=CARTESIAN_POINT('',(35.,-32.3949959501624,-14.6771931648254));
#12189=CARTESIAN_POINT('Ctrl Pts',(35.,-33.2226684316993,-14.8628783226013));
#12190=CARTESIAN_POINT('Ctrl Pts',(37.,-33.2226684316993,-14.8628783226013));
#12191=CARTESIAN_POINT('Ctrl Pts',(35.,-33.0799189129955,-14.8550615806992));
#12192=CARTESIAN_POINT('Ctrl Pts',(37.,-33.0799189129955,-14.8550615806992));
#12193=CARTESIAN_POINT('Ctrl Pts',(35.,-32.7936727946614,-14.8393871879039));
#12194=CARTESIAN_POINT('Ctrl Pts',(37.,-32.7936727946614,-14.8393871879039));
#12195=CARTESIAN_POINT('Ctrl Pts',(35.,-32.5281192566094,-14.7313518272511));
#12196=CARTESIAN_POINT('Ctrl Pts',(37.,-32.5281192566094,-14.7313518272511));
#12197=CARTESIAN_POINT('Ctrl Pts',(35.,-32.3949959501624,-14.6771931648254));
#12198=CARTESIAN_POINT('Ctrl Pts',(37.,-32.3949959501624,-14.6771931648254));
#12199=CARTESIAN_POINT('',(35.,-33.2226684316993,-14.8628783226013));
#12200=CARTESIAN_POINT('Ctrl Pts',(35.,-32.3949959501624,-14.6771931648254));
#12201=CARTESIAN_POINT('Ctrl Pts',(35.,-32.5281192566094,-14.7313518272511));
#12202=CARTESIAN_POINT('Ctrl Pts',(35.,-32.7936727946614,-14.8393871879039));
#12203=CARTESIAN_POINT('Ctrl Pts',(35.,-33.0799189129955,-14.8550615806992));
#12204=CARTESIAN_POINT('Ctrl Pts',(35.,-33.2226684316993,-14.8628783226013));
#12205=CARTESIAN_POINT('',(37.,-33.2226684316993,-14.8628783226013));
#12206=CARTESIAN_POINT('Ctrl Pts',(37.,-33.2226684316993,-14.8628783226013));
#12207=CARTESIAN_POINT('Ctrl Pts',(37.,-33.0799189129955,-14.8550615806992));
#12208=CARTESIAN_POINT('Ctrl Pts',(37.,-32.7936727946614,-14.8393871879039));
#12209=CARTESIAN_POINT('Ctrl Pts',(37.,-32.5281192566094,-14.7313518272511));
#12210=CARTESIAN_POINT('Ctrl Pts',(37.,-32.3949959501624,-14.6771931648254));
#12211=CARTESIAN_POINT('',(35.,-33.2226684316993,-14.8628783226013));
#12212=CARTESIAN_POINT('Ctrl Pts',(35.,-34.2294624075294,-14.5571351051331));
#12213=CARTESIAN_POINT('Ctrl Pts',(37.,-34.2294624075294,-14.5571351051331));
#12214=CARTESIAN_POINT('Ctrl Pts',(35.,-34.078455591521,-14.6462911480661));
#12215=CARTESIAN_POINT('Ctrl Pts',(37.,-34.078455591521,-14.6462911480661));
#12216=CARTESIAN_POINT('Ctrl Pts',(35.,-33.7679674103917,-14.8296066985735));
#12217=CARTESIAN_POINT('Ctrl Pts',(37.,-33.7679674103917,-14.8296066985735));
#12218=CARTESIAN_POINT('Ctrl Pts',(35.,-33.4077123908553,-14.8515877952425));
#12219=CARTESIAN_POINT('Ctrl Pts',(37.,-33.4077123908553,-14.8515877952425));
#12220=CARTESIAN_POINT('Ctrl Pts',(35.,-33.2226684316993,-14.8628783226013));
#12221=CARTESIAN_POINT('Ctrl Pts',(37.,-33.2226684316993,-14.8628783226013));
#12222=CARTESIAN_POINT('',(35.,-34.2294624075294,-14.5571351051331));
#12223=CARTESIAN_POINT('Ctrl Pts',(35.,-33.2226684316993,-14.8628783226013));
#12224=CARTESIAN_POINT('Ctrl Pts',(35.,-33.4077123908553,-14.8515877952425));
#12225=CARTESIAN_POINT('Ctrl Pts',(35.,-33.7679674103917,-14.8296066985735));
#12226=CARTESIAN_POINT('Ctrl Pts',(35.,-34.078455591521,-14.6462911480661));
#12227=CARTESIAN_POINT('Ctrl Pts',(35.,-34.2294624075294,-14.5571351051331));
#12228=CARTESIAN_POINT('',(37.,-34.2294624075294,-14.5571351051331));
#12229=CARTESIAN_POINT('Ctrl Pts',(37.,-34.2294624075294,-14.5571351051331));
#12230=CARTESIAN_POINT('Ctrl Pts',(37.,-34.078455591521,-14.6462911480661));
#12231=CARTESIAN_POINT('Ctrl Pts',(37.,-33.7679674103917,-14.8296066985735));
#12232=CARTESIAN_POINT('Ctrl Pts',(37.,-33.4077123908553,-14.8515877952425));
#12233=CARTESIAN_POINT('Ctrl Pts',(37.,-33.2226684316993,-14.8628783226013));
#12234=CARTESIAN_POINT('',(35.,-34.2294624075294,-14.5571351051331));
#12235=CARTESIAN_POINT('Ctrl Pts',(35.,-34.7760966047645,-13.8499069213867));
#12236=CARTESIAN_POINT('Ctrl Pts',(37.,-34.7760966047645,-13.8499069213867));
#12237=CARTESIAN_POINT('Ctrl Pts',(35.,-34.7193135833805,-13.9824489027863));
#12238=CARTESIAN_POINT('Ctrl Pts',(37.,-34.7193135833805,-13.9824489027863));
#12239=CARTESIAN_POINT('Ctrl Pts',(35.,-34.5984338935182,-14.264604258645));
#12240=CARTESIAN_POINT('Ctrl Pts',(37.,-34.5984338935182,-14.264604258645));
#12241=CARTESIAN_POINT('Ctrl Pts',(35.,-34.3573157355305,-14.4557694341076));
#12242=CARTESIAN_POINT('Ctrl Pts',(37.,-34.3573157355305,-14.4557694341076));
#12243=CARTESIAN_POINT('Ctrl Pts',(35.,-34.2294624075294,-14.5571351051331));
#12244=CARTESIAN_POINT('Ctrl Pts',(37.,-34.2294624075294,-14.5571351051331));
#12245=CARTESIAN_POINT('',(35.,-34.7760966047645,-13.8499069213867));
#12246=CARTESIAN_POINT('Ctrl Pts',(35.,-34.2294624075294,-14.5571351051331));
#12247=CARTESIAN_POINT('Ctrl Pts',(35.,-34.3573157355305,-14.4557694341076));
#12248=CARTESIAN_POINT('Ctrl Pts',(35.,-34.5984338935182,-14.264604258645));
#12249=CARTESIAN_POINT('Ctrl Pts',(35.,-34.7193135833805,-13.9824489027863));
#12250=CARTESIAN_POINT('Ctrl Pts',(35.,-34.7760966047645,-13.8499069213867));
#12251=CARTESIAN_POINT('',(37.,-34.7760966047645,-13.8499069213867));
#12252=CARTESIAN_POINT('Ctrl Pts',(37.,-34.7760966047645,-13.8499069213867));
#12253=CARTESIAN_POINT('Ctrl Pts',(37.,-34.7193135833805,-13.9824489027863));
#12254=CARTESIAN_POINT('Ctrl Pts',(37.,-34.5984338935182,-14.264604258645));
#12255=CARTESIAN_POINT('Ctrl Pts',(37.,-34.3573157355305,-14.4557694341076));
#12256=CARTESIAN_POINT('Ctrl Pts',(37.,-34.2294624075294,-14.5571351051331));
#12257=CARTESIAN_POINT('',(35.,-34.7760966047645,-13.8499069213867));
#12258=CARTESIAN_POINT('Ctrl Pts',(35.,-34.896540902555,-12.5404572486877));
#12259=CARTESIAN_POINT('Ctrl Pts',(37.,-34.896540902555,-12.5404572486877));
#12260=CARTESIAN_POINT('Ctrl Pts',(35.,-34.8965650861364,-12.8019554686074));
#12261=CARTESIAN_POINT('Ctrl Pts',(37.,-34.8965650861364,-12.8019554686074));
#12262=CARTESIAN_POINT('Ctrl Pts',(35.,-34.8966058402898,-13.2426320740463));
#12263=CARTESIAN_POINT('Ctrl Pts',(37.,-34.8966058402898,-13.2426320740463));
#12264=CARTESIAN_POINT('Ctrl Pts',(35.,-34.8109316074289,-13.6743650151342));
#12265=CARTESIAN_POINT('Ctrl Pts',(37.,-34.8109316074289,-13.6743650151342));
#12266=CARTESIAN_POINT('Ctrl Pts',(35.,-34.7760966047645,-13.8499069213867));
#12267=CARTESIAN_POINT('Ctrl Pts',(37.,-34.7760966047645,-13.8499069213867));
#12268=CARTESIAN_POINT('',(35.,-34.896540902555,-12.5404572486877));
#12269=CARTESIAN_POINT('Ctrl Pts',(35.,-34.7760966047645,-13.8499069213867));
#12270=CARTESIAN_POINT('Ctrl Pts',(35.,-34.8109316074289,-13.6743650151342));
#12271=CARTESIAN_POINT('Ctrl Pts',(35.,-34.8966058402898,-13.2426320740463));
#12272=CARTESIAN_POINT('Ctrl Pts',(35.,-34.8965650861364,-12.8019554686074));
#12273=CARTESIAN_POINT('Ctrl Pts',(35.,-34.896540902555,-12.5404572486877));
#12274=CARTESIAN_POINT('',(37.,-34.896540902555,-12.5404572486877));
#12275=CARTESIAN_POINT('Ctrl Pts',(37.,-34.896540902555,-12.5404572486877));
#12276=CARTESIAN_POINT('Ctrl Pts',(37.,-34.8965650861364,-12.8019554686074));
#12277=CARTESIAN_POINT('Ctrl Pts',(37.,-34.8966058402898,-13.2426320740463));
#12278=CARTESIAN_POINT('Ctrl Pts',(37.,-34.8109316074289,-13.6743650151342));
#12279=CARTESIAN_POINT('Ctrl Pts',(37.,-34.7760966047645,-13.8499069213867));
#12280=CARTESIAN_POINT('',(35.,-34.896540902555,-12.5404572486877));
#12281=CARTESIAN_POINT('Origin',(35.,-34.896540902555,-8.70475769042968));
#12282=CARTESIAN_POINT('',(35.,-34.896540902555,-8.70475769042968));
#12283=CARTESIAN_POINT('',(35.,-34.896540902555,-16.8523788452148));
#12284=CARTESIAN_POINT('',(37.,-34.896540902555,-8.70475769042968));
#12285=CARTESIAN_POINT('',(37.,-34.896540902555,-12.5404572486877));
#12286=CARTESIAN_POINT('',(35.,-34.896540902555,-8.70475769042968));
#12287=CARTESIAN_POINT('Ctrl Pts',(35.,-34.7760966047645,-7.36442327499389));
#12288=CARTESIAN_POINT('Ctrl Pts',(37.,-34.7760966047645,-7.36442327499389));
#12289=CARTESIAN_POINT('Ctrl Pts',(35.,-34.8108953629894,-7.54151942943554));
#12290=CARTESIAN_POINT('Ctrl Pts',(37.,-34.8108953629894,-7.54151942943554));
#12291=CARTESIAN_POINT('Ctrl Pts',(35.,-34.8977407470923,-7.98348875076101));
#12292=CARTESIAN_POINT('Ctrl Pts',(37.,-34.8977407470923,-7.98348875076101));
#12293=CARTESIAN_POINT('Ctrl Pts',(35.,-34.8969905170415,-8.43447853855107));
#12294=CARTESIAN_POINT('Ctrl Pts',(37.,-34.8969905170415,-8.43447853855107));
#12295=CARTESIAN_POINT('Ctrl Pts',(35.,-34.896540902555,-8.70475769042968));
#12296=CARTESIAN_POINT('Ctrl Pts',(37.,-34.896540902555,-8.70475769042968));
#12297=CARTESIAN_POINT('',(35.,-34.7760966047645,-7.36442327499389));
#12298=CARTESIAN_POINT('Ctrl Pts',(35.,-34.896540902555,-8.70475769042968));
#12299=CARTESIAN_POINT('Ctrl Pts',(35.,-34.8969905170415,-8.43447853855107));
#12300=CARTESIAN_POINT('Ctrl Pts',(35.,-34.8977407470923,-7.98348875076101));
#12301=CARTESIAN_POINT('Ctrl Pts',(35.,-34.8108953629894,-7.54151942943554));
#12302=CARTESIAN_POINT('Ctrl Pts',(35.,-34.7760966047645,-7.36442327499389));
#12303=CARTESIAN_POINT('',(37.,-34.7760966047645,-7.36442327499389));
#12304=CARTESIAN_POINT('Ctrl Pts',(37.,-34.7760966047645,-7.36442327499389));
#12305=CARTESIAN_POINT('Ctrl Pts',(37.,-34.8108953629894,-7.54151942943554));
#12306=CARTESIAN_POINT('Ctrl Pts',(37.,-34.8977407470923,-7.98348875076101));
#12307=CARTESIAN_POINT('Ctrl Pts',(37.,-34.8969905170415,-8.43447853855107));
#12308=CARTESIAN_POINT('Ctrl Pts',(37.,-34.896540902555,-8.70475769042968));
#12309=CARTESIAN_POINT('',(35.,-34.7760966047645,-7.36442327499389));
#12310=CARTESIAN_POINT('Ctrl Pts',(35.,-34.2232873663306,-6.6695499420166));
#12311=CARTESIAN_POINT('Ctrl Pts',(37.,-34.2232873663306,-6.6695499420166));
#12312=CARTESIAN_POINT('Ctrl Pts',(35.,-34.3528004640794,-6.76853305639481));
#12313=CARTESIAN_POINT('Ctrl Pts',(37.,-34.3528004640794,-6.76853305639481));
#12314=CARTESIAN_POINT('Ctrl Pts',(35.,-34.5959617817483,-6.95437421792642));
#12315=CARTESIAN_POINT('Ctrl Pts',(37.,-34.5959617817483,-6.95437421792642));
#12316=CARTESIAN_POINT('Ctrl Pts',(35.,-34.7187214512869,-7.23381761425246));
#12317=CARTESIAN_POINT('Ctrl Pts',(37.,-34.7187214512869,-7.23381761425246));
#12318=CARTESIAN_POINT('Ctrl Pts',(35.,-34.7760966047645,-7.36442327499389));
#12319=CARTESIAN_POINT('Ctrl Pts',(37.,-34.7760966047645,-7.36442327499389));
#12320=CARTESIAN_POINT('',(35.,-34.2232873663306,-6.6695499420166));
#12321=CARTESIAN_POINT('Ctrl Pts',(35.,-34.7760966047645,-7.36442327499389));
#12322=CARTESIAN_POINT('Ctrl Pts',(35.,-34.7187214512869,-7.23381761425246));
#12323=CARTESIAN_POINT('Ctrl Pts',(35.,-34.5959617817483,-6.95437421792642));
#12324=CARTESIAN_POINT('Ctrl Pts',(35.,-34.3528004640794,-6.76853305639481));
#12325=CARTESIAN_POINT('Ctrl Pts',(35.,-34.2232873663306,-6.6695499420166));
#12326=CARTESIAN_POINT('',(37.,-34.2232873663306,-6.6695499420166));
#12327=CARTESIAN_POINT('Ctrl Pts',(37.,-34.2232873663306,-6.6695499420166));
#12328=CARTESIAN_POINT('Ctrl Pts',(37.,-34.3528004640794,-6.76853305639481));
#12329=CARTESIAN_POINT('Ctrl Pts',(37.,-34.5959617817483,-6.95437421792642));
#12330=CARTESIAN_POINT('Ctrl Pts',(37.,-34.7187214512869,-7.23381761425246));
#12331=CARTESIAN_POINT('Ctrl Pts',(37.,-34.7760966047645,-7.36442327499389));
#12332=CARTESIAN_POINT('',(35.,-34.2232873663306,-6.6695499420166));
#12333=CARTESIAN_POINT('Ctrl Pts',(35.,-33.1917836889625,-6.36998176574707));
#12334=CARTESIAN_POINT('Ctrl Pts',(37.,-33.1917836889625,-6.36998176574707));
#12335=CARTESIAN_POINT('Ctrl Pts',(35.,-33.3818398356145,-6.38063147375402));
#12336=CARTESIAN_POINT('Ctrl Pts',(37.,-33.3818398356145,-6.38063147375402));
#12337=CARTESIAN_POINT('Ctrl Pts',(35.,-33.7491637137373,-6.40121429685604));
#12338=CARTESIAN_POINT('Ctrl Pts',(37.,-33.7491637137373,-6.40121429685604));
#12339=CARTESIAN_POINT('Ctrl Pts',(35.,-34.0689573640844,-6.5822051312402));
#12340=CARTESIAN_POINT('Ctrl Pts',(37.,-34.0689573640844,-6.5822051312402));
#12341=CARTESIAN_POINT('Ctrl Pts',(35.,-34.2232873663306,-6.6695499420166));
#12342=CARTESIAN_POINT('Ctrl Pts',(37.,-34.2232873663306,-6.6695499420166));
#12343=CARTESIAN_POINT('',(35.,-33.1917836889625,-6.36998176574707));
#12344=CARTESIAN_POINT('Ctrl Pts',(35.,-34.2232873663306,-6.6695499420166));
#12345=CARTESIAN_POINT('Ctrl Pts',(35.,-34.0689573640844,-6.5822051312402));
#12346=CARTESIAN_POINT('Ctrl Pts',(35.,-33.7491637137373,-6.40121429685604));
#12347=CARTESIAN_POINT('Ctrl Pts',(35.,-33.3818398356145,-6.38063147375402));
#12348=CARTESIAN_POINT('Ctrl Pts',(35.,-33.1917836889625,-6.36998176574707));
#12349=CARTESIAN_POINT('',(37.,-33.1917836889625,-6.36998176574707));
#12350=CARTESIAN_POINT('Ctrl Pts',(37.,-33.1917836889625,-6.36998176574707));
#12351=CARTESIAN_POINT('Ctrl Pts',(37.,-33.3818398356145,-6.38063147375402));
#12352=CARTESIAN_POINT('Ctrl Pts',(37.,-33.7491637137373,-6.40121429685604));
#12353=CARTESIAN_POINT('Ctrl Pts',(37.,-34.0689573640844,-6.5822051312402));
#12354=CARTESIAN_POINT('Ctrl Pts',(37.,-34.2232873663306,-6.6695499420166));
#12355=CARTESIAN_POINT('',(35.,-33.1917836889625,-6.36998176574707));
#12356=CARTESIAN_POINT('Ctrl Pts',(35.,-32.3424937948585,-6.53713703155518));
#12357=CARTESIAN_POINT('Ctrl Pts',(37.,-32.3424937948585,-6.53713703155518));
#12358=CARTESIAN_POINT('Ctrl Pts',(35.,-32.4762211014439,-6.48839238769903));
#12359=CARTESIAN_POINT('Ctrl Pts',(37.,-32.4762211014439,-6.48839238769903));
#12360=CARTESIAN_POINT('Ctrl Pts',(35.,-32.7504894970234,-6.38841942327701));
#12361=CARTESIAN_POINT('Ctrl Pts',(37.,-32.7504894970234,-6.38841942327701));
#12362=CARTESIAN_POINT('Ctrl Pts',(35.,-33.0422693489863,-6.37622860571607));
#12363=CARTESIAN_POINT('Ctrl Pts',(37.,-33.0422693489863,-6.37622860571607));
#12364=CARTESIAN_POINT('Ctrl Pts',(35.,-33.1917836889625,-6.36998176574707));
#12365=CARTESIAN_POINT('Ctrl Pts',(37.,-33.1917836889625,-6.36998176574707));
#12366=CARTESIAN_POINT('',(35.,-32.3424937948585,-6.53713703155518));
#12367=CARTESIAN_POINT('Ctrl Pts',(35.,-33.1917836889625,-6.36998176574707));
#12368=CARTESIAN_POINT('Ctrl Pts',(35.,-33.0422693489863,-6.37622860571607));
#12369=CARTESIAN_POINT('Ctrl Pts',(35.,-32.7504894970234,-6.38841942327701));
#12370=CARTESIAN_POINT('Ctrl Pts',(35.,-32.4762211014439,-6.48839238769903));
#12371=CARTESIAN_POINT('Ctrl Pts',(35.,-32.3424937948585,-6.53713703155518));
#12372=CARTESIAN_POINT('',(37.,-32.3424937948585,-6.53713703155518));
#12373=CARTESIAN_POINT('Ctrl Pts',(37.,-32.3424937948585,-6.53713703155518));
#12374=CARTESIAN_POINT('Ctrl Pts',(37.,-32.4762211014439,-6.48839238769903));
#12375=CARTESIAN_POINT('Ctrl Pts',(37.,-32.7504894970234,-6.38841942327701));
#12376=CARTESIAN_POINT('Ctrl Pts',(37.,-33.0422693489863,-6.37622860571607));
#12377=CARTESIAN_POINT('Ctrl Pts',(37.,-33.1917836889625,-6.36998176574707));
#12378=CARTESIAN_POINT('',(35.,-32.3424937948585,-6.53713703155518));
#12379=CARTESIAN_POINT('Ctrl Pts',(35.,-31.6414454206824,-7.03860521316528));
#12380=CARTESIAN_POINT('Ctrl Pts',(37.,-31.6414454206824,-7.03860521316528));
#12381=CARTESIAN_POINT('Ctrl Pts',(35.,-31.7478849286856,-6.93479951151712));
#12382=CARTESIAN_POINT('Ctrl Pts',(37.,-31.7478849286856,-6.93479951151712));
#12383=CARTESIAN_POINT('Ctrl Pts',(35.,-31.9560465920925,-6.73178873167065));
#12384=CARTESIAN_POINT('Ctrl Pts',(37.,-31.9560465920925,-6.73178873167065));
#12385=CARTESIAN_POINT('Ctrl Pts',(35.,-32.2156390188783,-6.60103320582056));
#12386=CARTESIAN_POINT('Ctrl Pts',(37.,-32.2156390188783,-6.60103320582056));
#12387=CARTESIAN_POINT('Ctrl Pts',(35.,-32.3424937948585,-6.53713703155518));
#12388=CARTESIAN_POINT('Ctrl Pts',(37.,-32.3424937948585,-6.53713703155518));
#12389=CARTESIAN_POINT('',(35.,-31.6414454206824,-7.03860521316528));
#12390=CARTESIAN_POINT('Ctrl Pts',(35.,-32.3424937948585,-6.53713703155518));
#12391=CARTESIAN_POINT('Ctrl Pts',(35.,-32.2156390188783,-6.60103320582056));
#12392=CARTESIAN_POINT('Ctrl Pts',(35.,-31.9560465920925,-6.73178873167065));
#12393=CARTESIAN_POINT('Ctrl Pts',(35.,-31.7478849286856,-6.93479951151712));
#12394=CARTESIAN_POINT('Ctrl Pts',(35.,-31.6414454206824,-7.03860521316528));
#12395=CARTESIAN_POINT('',(37.,-31.6414454206824,-7.03860521316528));
#12396=CARTESIAN_POINT('Ctrl Pts',(37.,-31.6414454206824,-7.03860521316528));
#12397=CARTESIAN_POINT('Ctrl Pts',(37.,-31.7478849286856,-6.93479951151712));
#12398=CARTESIAN_POINT('Ctrl Pts',(37.,-31.9560465920925,-6.73178873167065));
#12399=CARTESIAN_POINT('Ctrl Pts',(37.,-32.2156390188783,-6.60103320582056));
#12400=CARTESIAN_POINT('Ctrl Pts',(37.,-32.3424937948585,-6.53713703155518));
#12401=CARTESIAN_POINT('',(35.,-31.6414454206824,-7.03860521316528));
#12402=CARTESIAN_POINT('Origin',(35.,-31.6414454206824,-4.71463680267334));
#12403=CARTESIAN_POINT('',(35.,-31.6414454206824,-4.71463680267334));
#12404=CARTESIAN_POINT('',(35.,-31.6414454206824,-14.8573184013367));
#12405=CARTESIAN_POINT('',(37.,-31.6414454206824,-4.71463680267334));
#12406=CARTESIAN_POINT('',(37.,-31.6414454206824,-7.03860521316528));
#12407=CARTESIAN_POINT('',(35.,-31.6414454206824,-4.71463680267334));
#12408=CARTESIAN_POINT('Origin',(35.,-29.1460778936744,-4.71463680267334));
#12409=CARTESIAN_POINT('',(35.,-14.5730389468372,-4.71463680267334));
#12410=CARTESIAN_POINT('',(37.,-31.6414454206824,-4.71463680267334));
#12411=CARTESIAN_POINT('Origin',(37.,-32.5000014528632,-2.10500359535217));
#12412=CARTESIAN_POINT('Origin',(35.,0.,-25.));
#12413=CARTESIAN_POINT('Origin',(35.,-42.654416821897,-6.71587467193603));
#12414=CARTESIAN_POINT('',(35.,-42.654416821897,-5.42495250701904));
#12415=CARTESIAN_POINT('',(35.,-42.654416821897,-6.71587467193603));
#12416=CARTESIAN_POINT('',(35.,-42.654416821897,-15.857937335968));
#12417=CARTESIAN_POINT('',(37.,-42.654416821897,-5.42495250701904));
#12418=CARTESIAN_POINT('',(35.,-42.654416821897,-5.42495250701904));
#12419=CARTESIAN_POINT('',(37.,-42.654416821897,-6.71587467193603));
#12420=CARTESIAN_POINT('',(37.,-42.654416821897,-5.42495250701904));
#12421=CARTESIAN_POINT('',(35.,-42.654416821897,-6.71587467193603));
#12422=CARTESIAN_POINT('Origin',(35.,-41.9811609014869,-6.71587467193603));
#12423=CARTESIAN_POINT('',(35.,-41.9811609014869,-6.71587467193603));
#12424=CARTESIAN_POINT('',(35.,-20.9905804507434,-6.71587467193603));
#12425=CARTESIAN_POINT('',(37.,-41.9811609014869,-6.71587467193603));
#12426=CARTESIAN_POINT('',(37.,-42.654416821897,-6.71587467193603));
#12427=CARTESIAN_POINT('',(35.,-41.9811609014869,-6.71587467193603));
#12428=CARTESIAN_POINT('Origin',(35.,-41.9811609014869,-8.01297187805175));
#12429=CARTESIAN_POINT('',(35.,-41.9811609014869,-8.01297187805175));
#12430=CARTESIAN_POINT('',(35.,-41.9811609014869,-16.5064859390259));
#12431=CARTESIAN_POINT('',(37.,-41.9811609014869,-8.01297187805175));
#12432=CARTESIAN_POINT('',(37.,-41.9811609014869,-6.71587467193603));
#12433=CARTESIAN_POINT('',(35.,-41.9811609014869,-8.01297187805175));
#12434=CARTESIAN_POINT('Origin',(35.,-42.654416821897,-8.01297187805175));
#12435=CARTESIAN_POINT('',(35.,-42.654416821897,-8.01297187805175));
#12436=CARTESIAN_POINT('',(35.,-21.3272084109485,-8.01297187805175));
#12437=CARTESIAN_POINT('',(37.,-42.654416821897,-8.01297187805175));
#12438=CARTESIAN_POINT('',(37.,-41.9811609014869,-8.01297187805175));
#12439=CARTESIAN_POINT('',(35.,-42.654416821897,-8.01297187805175));
#12440=CARTESIAN_POINT('Origin',(35.,-42.654416821897,-12.3983955383301));
#12441=CARTESIAN_POINT('',(35.,-42.654416821897,-12.3983955383301));
#12442=CARTESIAN_POINT('',(35.,-42.654416821897,-18.699197769165));
#12443=CARTESIAN_POINT('',(37.,-42.654416821897,-12.3983955383301));
#12444=CARTESIAN_POINT('',(37.,-42.654416821897,-8.01297187805175));
#12445=CARTESIAN_POINT('',(35.,-42.654416821897,-12.3983955383301));
#12446=CARTESIAN_POINT('Ctrl Pts',(35.,-42.5710311159492,-13.3001852035522));
#12447=CARTESIAN_POINT('Ctrl Pts',(37.,-42.5710311159492,-13.3001852035522));
#12448=CARTESIAN_POINT('Ctrl Pts',(35.,-42.5946031626627,-13.2099493860208));
#12449=CARTESIAN_POINT('Ctrl Pts',(37.,-42.5946031626627,-13.2099493860208));
#12450=CARTESIAN_POINT('Ctrl Pts',(35.,-42.671456559797,-12.9157479870177));
#12451=CARTESIAN_POINT('Ctrl Pts',(37.,-42.671456559797,-12.9157479870177));
#12452=CARTESIAN_POINT('Ctrl Pts',(35.,-42.6613934385439,-12.6102162674394));
#12453=CARTESIAN_POINT('Ctrl Pts',(37.,-42.6613934385439,-12.6102162674394));
#12454=CARTESIAN_POINT('Ctrl Pts',(35.,-42.654416821897,-12.3983955383301));
#12455=CARTESIAN_POINT('Ctrl Pts',(37.,-42.654416821897,-12.3983955383301));
#12456=CARTESIAN_POINT('',(35.,-42.5710311159492,-13.3001852035522));
#12457=CARTESIAN_POINT('Ctrl Pts',(35.,-42.654416821897,-12.3983955383301));
#12458=CARTESIAN_POINT('Ctrl Pts',(35.,-42.6613934385439,-12.6102162674394));
#12459=CARTESIAN_POINT('Ctrl Pts',(35.,-42.671456559797,-12.9157479870177));
#12460=CARTESIAN_POINT('Ctrl Pts',(35.,-42.5946031626627,-13.2099493860208));
#12461=CARTESIAN_POINT('Ctrl Pts',(35.,-42.5710311159492,-13.3001852035522));
#12462=CARTESIAN_POINT('',(37.,-42.5710311159492,-13.3001852035522));
#12463=CARTESIAN_POINT('Ctrl Pts',(37.,-42.5710311159492,-13.3001852035522));
#12464=CARTESIAN_POINT('Ctrl Pts',(37.,-42.5946031626627,-13.2099493860208));
#12465=CARTESIAN_POINT('Ctrl Pts',(37.,-42.671456559797,-12.9157479870177));
#12466=CARTESIAN_POINT('Ctrl Pts',(37.,-42.6613934385439,-12.6102162674394));
#12467=CARTESIAN_POINT('Ctrl Pts',(37.,-42.654416821897,-12.3983955383301));
#12468=CARTESIAN_POINT('',(35.,-42.5710311159492,-13.3001852035522));
#12469=CARTESIAN_POINT('Ctrl Pts',(35.,-41.8761577829719,-13.3928346633911));
#12470=CARTESIAN_POINT('Ctrl Pts',(37.,-41.8761577829719,-13.3928346633911));
#12471=CARTESIAN_POINT('Ctrl Pts',(35.,-42.0385404622966,-13.3991799031886));
#12472=CARTESIAN_POINT('Ctrl Pts',(37.,-42.0385404622966,-13.3991799031886));
#12473=CARTESIAN_POINT('Ctrl Pts',(35.,-42.2774901559735,-13.4085170634832));
#12474=CARTESIAN_POINT('Ctrl Pts',(37.,-42.2774901559735,-13.4085170634832));
#12475=CARTESIAN_POINT('Ctrl Pts',(35.,-42.499796996413,-13.3264742933629));
#12476=CARTESIAN_POINT('Ctrl Pts',(37.,-42.499796996413,-13.3264742933629));
#12477=CARTESIAN_POINT('Ctrl Pts',(35.,-42.5710311159492,-13.3001852035522));
#12478=CARTESIAN_POINT('Ctrl Pts',(37.,-42.5710311159492,-13.3001852035522));
#12479=CARTESIAN_POINT('',(35.,-41.8761577829719,-13.3928346633911));
#12480=CARTESIAN_POINT('Ctrl Pts',(35.,-42.5710311159492,-13.3001852035522));
#12481=CARTESIAN_POINT('Ctrl Pts',(35.,-42.499796996413,-13.3264742933629));
#12482=CARTESIAN_POINT('Ctrl Pts',(35.,-42.2774901559735,-13.4085170634832));
#12483=CARTESIAN_POINT('Ctrl Pts',(35.,-42.0385404622966,-13.3991799031886));
#12484=CARTESIAN_POINT('Ctrl Pts',(35.,-41.8761577829719,-13.3928346633911));
#12485=CARTESIAN_POINT('',(37.,-41.8761577829719,-13.3928346633911));
#12486=CARTESIAN_POINT('Ctrl Pts',(37.,-41.8761577829719,-13.3928346633911));
#12487=CARTESIAN_POINT('Ctrl Pts',(37.,-42.0385404622966,-13.3991799031886));
#12488=CARTESIAN_POINT('Ctrl Pts',(37.,-42.2774901559735,-13.4085170634832));
#12489=CARTESIAN_POINT('Ctrl Pts',(37.,-42.499796996413,-13.3264742933629));
#12490=CARTESIAN_POINT('Ctrl Pts',(37.,-42.5710311159492,-13.3001852035522));
#12491=CARTESIAN_POINT('',(35.,-41.8761577829719,-13.3928346633911));
#12492=CARTESIAN_POINT('Origin',(35.,-41.8761577829719,-14.7146391868591));
#12493=CARTESIAN_POINT('',(35.,-41.8761577829719,-14.7146391868591));
#12494=CARTESIAN_POINT('',(35.,-41.8761577829719,-19.8573195934296));
#12495=CARTESIAN_POINT('',(37.,-41.8761577829719,-14.7146391868591));
#12496=CARTESIAN_POINT('',(37.,-41.8761577829719,-13.3928346633911));
#12497=CARTESIAN_POINT('',(35.,-41.8761577829719,-14.7146391868591));
#12498=CARTESIAN_POINT('Origin',(35.,-42.8829529508948,-14.7146391868591));
#12499=CARTESIAN_POINT('',(35.,-42.8829529508948,-14.7146391868591));
#12500=CARTESIAN_POINT('',(35.,-21.4414764754474,-14.7146391868591));
#12501=CARTESIAN_POINT('',(37.,-42.8829529508948,-14.7146391868591));
#12502=CARTESIAN_POINT('',(37.,-41.8761577829719,-14.7146391868591));
#12503=CARTESIAN_POINT('',(35.,-42.8829529508948,-14.7146391868591));
#12504=CARTESIAN_POINT('Ctrl Pts',(35.,-44.0997531637549,-14.6436071395874));
#12505=CARTESIAN_POINT('Ctrl Pts',(37.,-44.0997531637549,-14.6436071395874));
#12506=CARTESIAN_POINT('Ctrl Pts',(35.,-43.9378009833902,-14.6641306980351));
#12507=CARTESIAN_POINT('Ctrl Pts',(37.,-43.9378009833902,-14.6641306980351));
#12508=CARTESIAN_POINT('Ctrl Pts',(35.,-43.5340371812892,-14.7152980856727));
#12509=CARTESIAN_POINT('Ctrl Pts',(37.,-43.5340371812892,-14.7152980856727));
#12510=CARTESIAN_POINT('Ctrl Pts',(35.,-43.1268279929507,-14.7148859889907));
#12511=CARTESIAN_POINT('Ctrl Pts',(37.,-43.1268279929507,-14.7148859889907));
#12512=CARTESIAN_POINT('Ctrl Pts',(35.,-42.8829529508948,-14.7146391868591));
#12513=CARTESIAN_POINT('Ctrl Pts',(37.,-42.8829529508948,-14.7146391868591));
#12514=CARTESIAN_POINT('',(35.,-44.0997531637549,-14.6436071395874));
#12515=CARTESIAN_POINT('Ctrl Pts',(35.,-42.8829529508948,-14.7146391868591));
#12516=CARTESIAN_POINT('Ctrl Pts',(35.,-43.1268279929507,-14.7148859889907));
#12517=CARTESIAN_POINT('Ctrl Pts',(35.,-43.5340371812892,-14.7152980856727));
#12518=CARTESIAN_POINT('Ctrl Pts',(35.,-43.9378009833902,-14.6641306980351));
#12519=CARTESIAN_POINT('Ctrl Pts',(35.,-44.0997531637549,-14.6436071395874));
#12520=CARTESIAN_POINT('',(37.,-44.0997531637549,-14.6436071395874));
#12521=CARTESIAN_POINT('Ctrl Pts',(37.,-44.0997531637549,-14.6436071395874));
#12522=CARTESIAN_POINT('Ctrl Pts',(37.,-43.9378009833902,-14.6641306980351));
#12523=CARTESIAN_POINT('Ctrl Pts',(37.,-43.5340371812892,-14.7152980856727));
#12524=CARTESIAN_POINT('Ctrl Pts',(37.,-43.1268279929507,-14.7148859889907));
#12525=CARTESIAN_POINT('Ctrl Pts',(37.,-42.8829529508948,-14.7146391868591));
#12526=CARTESIAN_POINT('',(35.,-44.0997531637549,-14.6436071395874));
#12527=CARTESIAN_POINT('Ctrl Pts',(35.,-44.7421243414283,-14.3162441253662));
#12528=CARTESIAN_POINT('Ctrl Pts',(37.,-44.7421243414283,-14.3162441253662));
#12529=CARTESIAN_POINT('Ctrl Pts',(35.,-44.64616718649,-14.3939090199968));
#12530=CARTESIAN_POINT('Ctrl Pts',(37.,-44.64616718649,-14.3939090199968));
#12531=CARTESIAN_POINT('Ctrl Pts',(35.,-44.4551734206035,-14.5484937480687));
#12532=CARTESIAN_POINT('Ctrl Pts',(37.,-44.4551734206035,-14.5484937480687));
#12533=CARTESIAN_POINT('Ctrl Pts',(35.,-44.2178452945525,-14.6120047116014));
#12534=CARTESIAN_POINT('Ctrl Pts',(37.,-44.2178452945525,-14.6120047116014));
#12535=CARTESIAN_POINT('Ctrl Pts',(35.,-44.0997531637549,-14.6436071395874));
#12536=CARTESIAN_POINT('Ctrl Pts',(37.,-44.0997531637549,-14.6436071395874));
#12537=CARTESIAN_POINT('',(35.,-44.7421243414283,-14.3162441253662));
#12538=CARTESIAN_POINT('Ctrl Pts',(35.,-44.0997531637549,-14.6436071395874));
#12539=CARTESIAN_POINT('Ctrl Pts',(35.,-44.2178452945525,-14.6120047116014));
#12540=CARTESIAN_POINT('Ctrl Pts',(35.,-44.4551734206035,-14.5484937480687));
#12541=CARTESIAN_POINT('Ctrl Pts',(35.,-44.64616718649,-14.3939090199968));
#12542=CARTESIAN_POINT('Ctrl Pts',(35.,-44.7421243414283,-14.3162441253662));
#12543=CARTESIAN_POINT('',(37.,-44.7421243414283,-14.3162441253662));
#12544=CARTESIAN_POINT('Ctrl Pts',(37.,-44.7421243414283,-14.3162441253662));
#12545=CARTESIAN_POINT('Ctrl Pts',(37.,-44.64616718649,-14.3939090199968));
#12546=CARTESIAN_POINT('Ctrl Pts',(37.,-44.4551734206035,-14.5484937480687));
#12547=CARTESIAN_POINT('Ctrl Pts',(37.,-44.2178452945525,-14.6120047116014));
#12548=CARTESIAN_POINT('Ctrl Pts',(37.,-44.0997531637549,-14.6436071395874));
#12549=CARTESIAN_POINT('',(35.,-44.7421243414283,-14.3162441253662));
#12550=CARTESIAN_POINT('Ctrl Pts',(35.,-45.0880172476172,-13.7294626235962));
#12551=CARTESIAN_POINT('Ctrl Pts',(37.,-45.0880172476172,-13.7294626235962));
#12552=CARTESIAN_POINT('Ctrl Pts',(35.,-45.0552684640647,-13.8377484223135));
#12553=CARTESIAN_POINT('Ctrl Pts',(37.,-45.0552684640647,-13.8377484223135));
#12554=CARTESIAN_POINT('Ctrl Pts',(35.,-44.9877014310798,-14.0611628316453));
#12555=CARTESIAN_POINT('Ctrl Pts',(37.,-44.9877014310798,-14.0611628316453));
#12556=CARTESIAN_POINT('Ctrl Pts',(35.,-44.8256379496392,-14.2294984144533));
#12557=CARTESIAN_POINT('Ctrl Pts',(37.,-44.8256379496392,-14.2294984144533));
#12558=CARTESIAN_POINT('Ctrl Pts',(35.,-44.7421243414283,-14.3162441253662));
#12559=CARTESIAN_POINT('Ctrl Pts',(37.,-44.7421243414283,-14.3162441253662));
#12560=CARTESIAN_POINT('',(35.,-45.0880172476172,-13.7294626235962));
#12561=CARTESIAN_POINT('Ctrl Pts',(35.,-44.7421243414283,-14.3162441253662));
#12562=CARTESIAN_POINT('Ctrl Pts',(35.,-44.8256379496392,-14.2294984144533));
#12563=CARTESIAN_POINT('Ctrl Pts',(35.,-44.9877014310798,-14.0611628316453));
#12564=CARTESIAN_POINT('Ctrl Pts',(35.,-45.0552684640647,-13.8377484223135));
#12565=CARTESIAN_POINT('Ctrl Pts',(35.,-45.0880172476172,-13.7294626235962));
#12566=CARTESIAN_POINT('',(37.,-45.0880172476172,-13.7294626235962));
#12567=CARTESIAN_POINT('Ctrl Pts',(37.,-45.0880172476172,-13.7294626235962));
#12568=CARTESIAN_POINT('Ctrl Pts',(37.,-45.0552684640647,-13.8377484223135));
#12569=CARTESIAN_POINT('Ctrl Pts',(37.,-44.9877014310798,-14.0611628316453));
#12570=CARTESIAN_POINT('Ctrl Pts',(37.,-44.8256379496392,-14.2294984144533));
#12571=CARTESIAN_POINT('Ctrl Pts',(37.,-44.7421243414283,-14.3162441253662));
#12572=CARTESIAN_POINT('',(35.,-45.0880172476172,-13.7294626235962));
#12573=CARTESIAN_POINT('Ctrl Pts',(35.,-45.1559605821967,-12.176034450531));
#12574=CARTESIAN_POINT('Ctrl Pts',(37.,-45.1559605821967,-12.176034450531));
#12575=CARTESIAN_POINT('Ctrl Pts',(35.,-45.1582975747759,-12.5097520942213));
#12576=CARTESIAN_POINT('Ctrl Pts',(37.,-45.1582975747759,-12.5097520942213));
#12577=CARTESIAN_POINT('Ctrl Pts',(35.,-45.1619337651521,-13.0289924611627));
#12578=CARTESIAN_POINT('Ctrl Pts',(37.,-45.1619337651521,-13.0289924611627));
#12579=CARTESIAN_POINT('Ctrl Pts',(35.,-45.1074751247637,-13.5450699760538));
#12580=CARTESIAN_POINT('Ctrl Pts',(37.,-45.1074751247637,-13.5450699760538));
#12581=CARTESIAN_POINT('Ctrl Pts',(35.,-45.0880172476172,-13.7294626235962));
#12582=CARTESIAN_POINT('Ctrl Pts',(37.,-45.0880172476172,-13.7294626235962));
#12583=CARTESIAN_POINT('',(35.,-45.1559605821967,-12.176034450531));
#12584=CARTESIAN_POINT('Ctrl Pts',(35.,-45.0880172476172,-13.7294626235962));
#12585=CARTESIAN_POINT('Ctrl Pts',(35.,-45.1074751247637,-13.5450699760538));
#12586=CARTESIAN_POINT('Ctrl Pts',(35.,-45.1619337651521,-13.0289924611627));
#12587=CARTESIAN_POINT('Ctrl Pts',(35.,-45.1582975747759,-12.5097520942213));
#12588=CARTESIAN_POINT('Ctrl Pts',(35.,-45.1559605821967,-12.176034450531));
#12589=CARTESIAN_POINT('',(37.,-45.1559605821967,-12.176034450531));
#12590=CARTESIAN_POINT('Ctrl Pts',(37.,-45.1559605821967,-12.176034450531));
#12591=CARTESIAN_POINT('Ctrl Pts',(37.,-45.1582975747759,-12.5097520942213));
#12592=CARTESIAN_POINT('Ctrl Pts',(37.,-45.1619337651521,-13.0289924611627));
#12593=CARTESIAN_POINT('Ctrl Pts',(37.,-45.1074751247637,-13.5450699760538));
#12594=CARTESIAN_POINT('Ctrl Pts',(37.,-45.0880172476172,-13.7294626235962));
#12595=CARTESIAN_POINT('',(35.,-45.1559605821967,-12.176034450531));
#12596=CARTESIAN_POINT('Origin',(35.,-45.1559605821967,-8.01297187805175));
#12597=CARTESIAN_POINT('',(35.,-45.1559605821967,-8.01297187805175));
#12598=CARTESIAN_POINT('',(35.,-45.1559605821967,-16.5064859390259));
#12599=CARTESIAN_POINT('',(37.,-45.1559605821967,-8.01297187805175));
#12600=CARTESIAN_POINT('',(37.,-45.1559605821967,-12.176034450531));
#12601=CARTESIAN_POINT('',(35.,-45.1559605821967,-8.01297187805175));
#12602=CARTESIAN_POINT('Origin',(35.,-45.693328641355,-8.01297187805175));
#12603=CARTESIAN_POINT('',(35.,-45.693328641355,-8.01297187805175));
#12604=CARTESIAN_POINT('',(35.,-22.8466643206775,-8.01297187805175));
#12605=CARTESIAN_POINT('',(37.,-45.693328641355,-8.01297187805175));
#12606=CARTESIAN_POINT('',(37.,-45.1559605821967,-8.01297187805175));
#12607=CARTESIAN_POINT('',(35.,-45.693328641355,-8.01297187805175));
#12608=CARTESIAN_POINT('Origin',(35.,-45.693328641355,-6.71587467193603));
#12609=CARTESIAN_POINT('',(35.,-45.693328641355,-6.71587467193603));
#12610=CARTESIAN_POINT('',(35.,-45.693328641355,-15.857937335968));
#12611=CARTESIAN_POINT('',(37.,-45.693328641355,-6.71587467193603));
#12612=CARTESIAN_POINT('',(37.,-45.693328641355,-8.01297187805175));
#12613=CARTESIAN_POINT('',(35.,-45.693328641355,-6.71587467193603));
#12614=CARTESIAN_POINT('Origin',(35.,-45.1559605821967,-6.71587467193603));
#12615=CARTESIAN_POINT('',(35.,-45.1559605821967,-6.71587467193603));
#12616=CARTESIAN_POINT('',(35.,-22.5779802910984,-6.71587467193603));
#12617=CARTESIAN_POINT('',(37.,-45.1559605821967,-6.71587467193603));
#12618=CARTESIAN_POINT('',(37.,-45.693328641355,-6.71587467193603));
#12619=CARTESIAN_POINT('',(35.,-45.1559605821967,-6.71587467193603));
#12620=CARTESIAN_POINT('Origin',(35.,-45.1559605821967,-5.42495250701904));
#12621=CARTESIAN_POINT('',(35.,-45.1559605821967,-5.42495250701904));
#12622=CARTESIAN_POINT('',(35.,-45.1559605821967,-15.2124762535095));
#12623=CARTESIAN_POINT('',(37.,-45.1559605821967,-5.42495250701904));
#12624=CARTESIAN_POINT('',(37.,-45.1559605821967,-6.71587467193603));
#12625=CARTESIAN_POINT('',(35.,-45.1559605821967,-5.42495250701904));
#12626=CARTESIAN_POINT('Origin',(35.,-42.654416821897,-5.42495250701904));
#12627=CARTESIAN_POINT('',(35.,-21.3272084109485,-5.42495250701904));
#12628=CARTESIAN_POINT('',(37.,-45.1559605821967,-5.42495250701904));
#12629=CARTESIAN_POINT('Origin',(37.,-32.5000014528632,-2.10500359535217));
#12630=CARTESIAN_POINT('Origin',(35.,-15.4339101538062,-9.137122631073));
#12631=CARTESIAN_POINT('',(35.,-13.2226684316993,-9.137122631073));
#12632=CARTESIAN_POINT('',(35.,-15.4339101538062,-9.137122631073));
#12633=CARTESIAN_POINT('',(35.,-7.7169550769031,-9.137122631073));
#12634=CARTESIAN_POINT('',(37.,-13.2226684316993,-9.137122631073));
#12635=CARTESIAN_POINT('',(35.,-13.2226684316993,-9.137122631073));
#12636=CARTESIAN_POINT('',(37.,-15.4339101538062,-9.137122631073));
#12637=CARTESIAN_POINT('',(37.,-13.2226684316993,-9.137122631073));
#12638=CARTESIAN_POINT('',(35.,-15.4339101538062,-9.137122631073));
#12639=CARTESIAN_POINT('Origin',(35.,-15.4339101538062,-8.69240283966064));
#12640=CARTESIAN_POINT('',(35.,-15.4339101538062,-8.69240283966064));
#12641=CARTESIAN_POINT('',(35.,-15.4339101538062,-16.8462014198303));
#12642=CARTESIAN_POINT('',(37.,-15.4339101538062,-8.69240283966064));
#12643=CARTESIAN_POINT('',(37.,-15.4339101538062,-9.137122631073));
#12644=CARTESIAN_POINT('',(35.,-15.4339101538062,-8.69240283966064));
#12645=CARTESIAN_POINT('Ctrl Pts',(35.,-15.4987647756934,-7.97282218933105));
#12646=CARTESIAN_POINT('Ctrl Pts',(37.,-15.4987647756934,-7.97282218933105));
#12647=CARTESIAN_POINT('Ctrl Pts',(35.,-15.4801831875117,-8.0577432593145));
#12648=CARTESIAN_POINT('Ctrl Pts',(37.,-15.4801831875117,-8.0577432593145));
#12649=CARTESIAN_POINT('Ctrl Pts',(35.,-15.4284374791374,-8.29423009129112));
#12650=CARTESIAN_POINT('Ctrl Pts',(37.,-15.4284374791374,-8.29423009129112));
#12651=CARTESIAN_POINT('Ctrl Pts',(35.,-15.4317726339978,-8.5368843430719));
#12652=CARTESIAN_POINT('Ctrl Pts',(37.,-15.4317726339978,-8.5368843430719));
#12653=CARTESIAN_POINT('Ctrl Pts',(35.,-15.4339101538062,-8.69240283966064));
#12654=CARTESIAN_POINT('Ctrl Pts',(37.,-15.4339101538062,-8.69240283966064));
#12655=CARTESIAN_POINT('',(35.,-15.4987647756934,-7.97282218933105));
#12656=CARTESIAN_POINT('Ctrl Pts',(35.,-15.4339101538062,-8.69240283966064));
#12657=CARTESIAN_POINT('Ctrl Pts',(35.,-15.4317726339978,-8.5368843430719));
#12658=CARTESIAN_POINT('Ctrl Pts',(35.,-15.4284374791374,-8.29423009129112));
#12659=CARTESIAN_POINT('Ctrl Pts',(35.,-15.4801831875117,-8.0577432593145));
#12660=CARTESIAN_POINT('Ctrl Pts',(35.,-15.4987647756934,-7.97282218933105));
#12661=CARTESIAN_POINT('',(37.,-15.4987647756934,-7.97282218933105));
#12662=CARTESIAN_POINT('Ctrl Pts',(37.,-15.4987647756934,-7.97282218933105));
#12663=CARTESIAN_POINT('Ctrl Pts',(37.,-15.4801831875117,-8.0577432593145));
#12664=CARTESIAN_POINT('Ctrl Pts',(37.,-15.4284374791374,-8.29423009129112));
#12665=CARTESIAN_POINT('Ctrl Pts',(37.,-15.4317726339978,-8.5368843430719));
#12666=CARTESIAN_POINT('Ctrl Pts',(37.,-15.4339101538062,-8.69240283966064));
#12667=CARTESIAN_POINT('',(35.,-15.4987647756934,-7.97282218933105));
#12668=CARTESIAN_POINT('Ctrl Pts',(35.,-15.8230378851295,-7.8214955329895));
#12669=CARTESIAN_POINT('Ctrl Pts',(37.,-15.8230378851295,-7.8214955329895));
#12670=CARTESIAN_POINT('Ctrl Pts',(35.,-15.7471250451112,-7.82328532691784));
#12671=CARTESIAN_POINT('Ctrl Pts',(37.,-15.7471250451112,-7.82328532691784));
#12672=CARTESIAN_POINT('Ctrl Pts',(35.,-15.6143135576227,-7.82641661793347));
#12673=CARTESIAN_POINT('Ctrl Pts',(37.,-15.6143135576227,-7.82641661793347));
#12674=CARTESIAN_POINT('Ctrl Pts',(35.,-15.5334206437631,-7.92891162547825));
#12675=CARTESIAN_POINT('Ctrl Pts',(37.,-15.5334206437631,-7.92891162547825));
#12676=CARTESIAN_POINT('Ctrl Pts',(35.,-15.4987647756934,-7.97282218933105));
#12677=CARTESIAN_POINT('Ctrl Pts',(37.,-15.4987647756934,-7.97282218933105));
#12678=CARTESIAN_POINT('',(35.,-15.8230378851295,-7.8214955329895));
#12679=CARTESIAN_POINT('Ctrl Pts',(35.,-15.4987647756934,-7.97282218933105));
#12680=CARTESIAN_POINT('Ctrl Pts',(35.,-15.5334206437631,-7.92891162547825));
#12681=CARTESIAN_POINT('Ctrl Pts',(35.,-15.6143135576227,-7.82641661793347));
#12682=CARTESIAN_POINT('Ctrl Pts',(35.,-15.7471250451112,-7.82328532691784));
#12683=CARTESIAN_POINT('Ctrl Pts',(35.,-15.8230378851295,-7.8214955329895));
#12684=CARTESIAN_POINT('',(37.,-15.8230378851295,-7.8214955329895));
#12685=CARTESIAN_POINT('Ctrl Pts',(37.,-15.8230378851295,-7.8214955329895));
#12686=CARTESIAN_POINT('Ctrl Pts',(37.,-15.7471250451112,-7.82328532691784));
#12687=CARTESIAN_POINT('Ctrl Pts',(37.,-15.6143135576227,-7.82641661793347));
#12688=CARTESIAN_POINT('Ctrl Pts',(37.,-15.5334206437631,-7.92891162547825));
#12689=CARTESIAN_POINT('Ctrl Pts',(37.,-15.4987647756934,-7.97282218933105));
#12690=CARTESIAN_POINT('',(35.,-15.8230378851295,-7.8214955329895));
#12691=CARTESIAN_POINT('Ctrl Pts',(35.,-16.1380460485816,-7.9604697227478));
#12692=CARTESIAN_POINT('Ctrl Pts',(37.,-16.1380460485816,-7.9604697227478));
#12693=CARTESIAN_POINT('Ctrl Pts',(35.,-16.0969282522957,-7.91996903897636));
#12694=CARTESIAN_POINT('Ctrl Pts',(37.,-16.0969282522957,-7.91996903897636));
#12695=CARTESIAN_POINT('Ctrl Pts',(35.,-16.0099321365665,-7.83427859613278));
#12696=CARTESIAN_POINT('Ctrl Pts',(37.,-16.0099321365665,-7.83427859613278));
#12697=CARTESIAN_POINT('Ctrl Pts',(35.,-15.8875679368163,-7.82590921462502));
#12698=CARTESIAN_POINT('Ctrl Pts',(37.,-15.8875679368163,-7.82590921462502));
#12699=CARTESIAN_POINT('Ctrl Pts',(35.,-15.8230378851295,-7.8214955329895));
#12700=CARTESIAN_POINT('Ctrl Pts',(37.,-15.8230378851295,-7.8214955329895));
#12701=CARTESIAN_POINT('',(35.,-16.1380460485816,-7.9604697227478));
#12702=CARTESIAN_POINT('Ctrl Pts',(35.,-15.8230378851295,-7.8214955329895));
#12703=CARTESIAN_POINT('Ctrl Pts',(35.,-15.8875679368163,-7.82590921462502));
#12704=CARTESIAN_POINT('Ctrl Pts',(35.,-16.0099321365665,-7.83427859613278));
#12705=CARTESIAN_POINT('Ctrl Pts',(35.,-16.0969282522957,-7.91996903897636));
#12706=CARTESIAN_POINT('Ctrl Pts',(35.,-16.1380460485816,-7.9604697227478));
#12707=CARTESIAN_POINT('',(37.,-16.1380460485816,-7.9604697227478));
#12708=CARTESIAN_POINT('Ctrl Pts',(37.,-16.1380460485816,-7.9604697227478));
#12709=CARTESIAN_POINT('Ctrl Pts',(37.,-16.0969282522957,-7.91996903897636));
#12710=CARTESIAN_POINT('Ctrl Pts',(37.,-16.0099321365665,-7.83427859613278));
#12711=CARTESIAN_POINT('Ctrl Pts',(37.,-15.8875679368163,-7.82590921462502));
#12712=CARTESIAN_POINT('Ctrl Pts',(37.,-15.8230378851295,-7.8214955329895));
#12713=CARTESIAN_POINT('',(35.,-16.1380460485816,-7.9604697227478));
#12714=CARTESIAN_POINT('Ctrl Pts',(35.,-16.2430551275611,-8.3773946762085));
#12715=CARTESIAN_POINT('Ctrl Pts',(37.,-16.2430551275611,-8.3773946762085));
#12716=CARTESIAN_POINT('Ctrl Pts',(35.,-16.2413034701732,-8.29441444602561));
#12717=CARTESIAN_POINT('Ctrl Pts',(37.,-16.2413034701732,-8.29441444602561));
#12718=CARTESIAN_POINT('Ctrl Pts',(35.,-16.2381859930447,-8.14673204449385));
#12719=CARTESIAN_POINT('Ctrl Pts',(37.,-16.2381859930447,-8.14673204449385));
#12720=CARTESIAN_POINT('Ctrl Pts',(35.,-16.1685533107506,-8.01721384730446));
#12721=CARTESIAN_POINT('Ctrl Pts',(37.,-16.1685533107506,-8.01721384730446));
#12722=CARTESIAN_POINT('Ctrl Pts',(35.,-16.1380460485816,-7.9604697227478));
#12723=CARTESIAN_POINT('Ctrl Pts',(37.,-16.1380460485816,-7.9604697227478));
#12724=CARTESIAN_POINT('',(35.,-16.2430551275611,-8.3773946762085));
#12725=CARTESIAN_POINT('Ctrl Pts',(35.,-16.1380460485816,-7.9604697227478));
#12726=CARTESIAN_POINT('Ctrl Pts',(35.,-16.1685533107506,-8.01721384730446));
#12727=CARTESIAN_POINT('Ctrl Pts',(35.,-16.2381859930447,-8.14673204449385));
#12728=CARTESIAN_POINT('Ctrl Pts',(35.,-16.2413034701732,-8.29441444602561));
#12729=CARTESIAN_POINT('Ctrl Pts',(35.,-16.2430551275611,-8.3773946762085));
#12730=CARTESIAN_POINT('',(37.,-16.2430551275611,-8.3773946762085));
#12731=CARTESIAN_POINT('Ctrl Pts',(37.,-16.2430551275611,-8.3773946762085));
#12732=CARTESIAN_POINT('Ctrl Pts',(37.,-16.2413034701732,-8.29441444602561));
#12733=CARTESIAN_POINT('Ctrl Pts',(37.,-16.2381859930447,-8.14673204449385));
#12734=CARTESIAN_POINT('Ctrl Pts',(37.,-16.1685533107506,-8.01721384730446));
#12735=CARTESIAN_POINT('Ctrl Pts',(37.,-16.1380460485816,-7.9604697227478));
#12736=CARTESIAN_POINT('',(35.,-16.2430551275611,-8.3773946762085));
#12737=CARTESIAN_POINT('Ctrl Pts',(35.,-16.1905505880713,-8.93020391464233));
#12738=CARTESIAN_POINT('Ctrl Pts',(37.,-16.1905505880713,-8.93020391464233));
#12739=CARTESIAN_POINT('Ctrl Pts',(35.,-16.2057501589208,-8.85501887324763));
#12740=CARTESIAN_POINT('Ctrl Pts',(37.,-16.2057501589208,-8.85501887324763));
#12741=CARTESIAN_POINT('Ctrl Pts',(35.,-16.2425856445998,-8.67281126074339));
#12742=CARTESIAN_POINT('Ctrl Pts',(37.,-16.2425856445998,-8.67281126074339));
#12743=CARTESIAN_POINT('Ctrl Pts',(35.,-16.2428814068485,-8.48670637400675));
#12744=CARTESIAN_POINT('Ctrl Pts',(37.,-16.2428814068485,-8.48670637400675));
#12745=CARTESIAN_POINT('Ctrl Pts',(35.,-16.2430551275611,-8.3773946762085));
#12746=CARTESIAN_POINT('Ctrl Pts',(37.,-16.2430551275611,-8.3773946762085));
#12747=CARTESIAN_POINT('',(35.,-16.1905505880713,-8.93020391464233));
#12748=CARTESIAN_POINT('Ctrl Pts',(35.,-16.2430551275611,-8.3773946762085));
#12749=CARTESIAN_POINT('Ctrl Pts',(35.,-16.2428814068485,-8.48670637400675));
#12750=CARTESIAN_POINT('Ctrl Pts',(35.,-16.2425856445998,-8.67281126074339));
#12751=CARTESIAN_POINT('Ctrl Pts',(35.,-16.2057501589208,-8.85501887324763));
#12752=CARTESIAN_POINT('Ctrl Pts',(35.,-16.1905505880713,-8.93020391464233));
#12753=CARTESIAN_POINT('',(37.,-16.1905505880713,-8.93020391464233));
#12754=CARTESIAN_POINT('Ctrl Pts',(37.,-16.1905505880713,-8.93020391464233));
#12755=CARTESIAN_POINT('Ctrl Pts',(37.,-16.2057501589208,-8.85501887324763));
#12756=CARTESIAN_POINT('Ctrl Pts',(37.,-16.2425856445998,-8.67281126074339));
#12757=CARTESIAN_POINT('Ctrl Pts',(37.,-16.2428814068485,-8.48670637400675));
#12758=CARTESIAN_POINT('Ctrl Pts',(37.,-16.2430551275611,-8.3773946762085));
#12759=CARTESIAN_POINT('',(35.,-16.1905505880713,-8.93020391464233));
#12760=CARTESIAN_POINT('Ctrl Pts',(35.,-15.8755424246192,-9.31624412536621));
#12761=CARTESIAN_POINT('Ctrl Pts',(37.,-15.8755424246192,-9.31624412536621));
#12762=CARTESIAN_POINT('Ctrl Pts',(35.,-15.9519097577902,-9.25403162764292));
#12763=CARTESIAN_POINT('Ctrl Pts',(37.,-15.9519097577902,-9.25403162764292));
#12764=CARTESIAN_POINT('Ctrl Pts',(35.,-16.0839854992958,-9.14643638467013));
#12765=CARTESIAN_POINT('Ctrl Pts',(37.,-16.0839854992958,-9.14643638467013));
#12766=CARTESIAN_POINT('Ctrl Pts',(35.,-16.1589367831535,-8.994351856552));
#12767=CARTESIAN_POINT('Ctrl Pts',(37.,-16.1589367831535,-8.994351856552));
#12768=CARTESIAN_POINT('Ctrl Pts',(35.,-16.1905505880713,-8.93020391464233));
#12769=CARTESIAN_POINT('Ctrl Pts',(37.,-16.1905505880713,-8.93020391464233));
#12770=CARTESIAN_POINT('',(35.,-15.8755424246192,-9.31624412536621));
#12771=CARTESIAN_POINT('Ctrl Pts',(35.,-16.1905505880713,-8.93020391464233));
#12772=CARTESIAN_POINT('Ctrl Pts',(35.,-16.1589367831535,-8.994351856552));
#12773=CARTESIAN_POINT('Ctrl Pts',(35.,-16.0839854992958,-9.14643638467013));
#12774=CARTESIAN_POINT('Ctrl Pts',(35.,-15.9519097577902,-9.25403162764292));
#12775=CARTESIAN_POINT('Ctrl Pts',(35.,-15.8755424246192,-9.31624412536621));
#12776=CARTESIAN_POINT('',(37.,-15.8755424246192,-9.31624412536621));
#12777=CARTESIAN_POINT('Ctrl Pts',(37.,-15.8755424246192,-9.31624412536621));
#12778=CARTESIAN_POINT('Ctrl Pts',(37.,-15.9519097577902,-9.25403162764292));
#12779=CARTESIAN_POINT('Ctrl Pts',(37.,-16.0839854992958,-9.14643638467013));
#12780=CARTESIAN_POINT('Ctrl Pts',(37.,-16.1589367831535,-8.994351856552));
#12781=CARTESIAN_POINT('Ctrl Pts',(37.,-16.1905505880713,-8.93020391464233));
#12782=CARTESIAN_POINT('',(35.,-15.8755424246192,-9.31624412536621));
#12783=CARTESIAN_POINT('Ctrl Pts',(35.,-14.7977140173316,-9.92773294448853));
#12784=CARTESIAN_POINT('Ctrl Pts',(37.,-14.7977140173316,-9.92773294448853));
#12785=CARTESIAN_POINT('Ctrl Pts',(35.,-15.0269866218897,-9.81599666881728));
#12786=CARTESIAN_POINT('Ctrl Pts',(37.,-15.0269866218897,-9.81599666881728));
#12787=CARTESIAN_POINT('Ctrl Pts',(35.,-15.3992792392534,-9.63455942033173));
#12788=CARTESIAN_POINT('Ctrl Pts',(37.,-15.3992792392534,-9.63455942033173));
#12789=CARTESIAN_POINT('Ctrl Pts',(35.,-15.7433602057446,-9.404589442164));
#12790=CARTESIAN_POINT('Ctrl Pts',(37.,-15.7433602057446,-9.404589442164));
#12791=CARTESIAN_POINT('Ctrl Pts',(35.,-15.8755424246192,-9.31624412536621));
#12792=CARTESIAN_POINT('Ctrl Pts',(37.,-15.8755424246192,-9.31624412536621));
#12793=CARTESIAN_POINT('',(35.,-14.7977140173316,-9.92773294448853));
#12794=CARTESIAN_POINT('Ctrl Pts',(35.,-15.8755424246192,-9.31624412536621));
#12795=CARTESIAN_POINT('Ctrl Pts',(35.,-15.7433602057446,-9.404589442164));
#12796=CARTESIAN_POINT('Ctrl Pts',(35.,-15.3992792392534,-9.63455942033173));
#12797=CARTESIAN_POINT('Ctrl Pts',(35.,-15.0269866218897,-9.81599666881728));
#12798=CARTESIAN_POINT('Ctrl Pts',(35.,-14.7977140173316,-9.92773294448853));
#12799=CARTESIAN_POINT('',(37.,-14.7977140173316,-9.92773294448853));
#12800=CARTESIAN_POINT('Ctrl Pts',(37.,-14.7977140173316,-9.92773294448853));
#12801=CARTESIAN_POINT('Ctrl Pts',(37.,-15.0269866218897,-9.81599666881728));
#12802=CARTESIAN_POINT('Ctrl Pts',(37.,-15.3992792392534,-9.63455942033173));
#12803=CARTESIAN_POINT('Ctrl Pts',(37.,-15.7433602057446,-9.404589442164));
#12804=CARTESIAN_POINT('Ctrl Pts',(37.,-15.8755424246192,-9.31624412536621));
#12805=CARTESIAN_POINT('',(35.,-14.7977140173316,-9.92773294448853));
#12806=CARTESIAN_POINT('Ctrl Pts',(35.,-13.3709075674415,-10.9283518791199));
#12807=CARTESIAN_POINT('Ctrl Pts',(37.,-13.3709075674415,-10.9283518791199));
#12808=CARTESIAN_POINT('Ctrl Pts',(35.,-13.5399962265216,-10.7579491094287));
#12809=CARTESIAN_POINT('Ctrl Pts',(37.,-13.5399962265216,-10.7579491094287));
#12810=CARTESIAN_POINT('Ctrl Pts',(35.,-13.9541719901332,-10.340554485553));
#12811=CARTESIAN_POINT('Ctrl Pts',(37.,-13.9541719901332,-10.340554485553));
#12812=CARTESIAN_POINT('Ctrl Pts',(35.,-14.4841194210229,-10.0812031929688));
#12813=CARTESIAN_POINT('Ctrl Pts',(37.,-14.4841194210229,-10.0812031929688));
#12814=CARTESIAN_POINT('Ctrl Pts',(35.,-14.7977140173316,-9.92773294448853));
#12815=CARTESIAN_POINT('Ctrl Pts',(37.,-14.7977140173316,-9.92773294448853));
#12816=CARTESIAN_POINT('',(35.,-13.3709075674415,-10.9283518791199));
#12817=CARTESIAN_POINT('Ctrl Pts',(35.,-14.7977140173316,-9.92773294448853));
#12818=CARTESIAN_POINT('Ctrl Pts',(35.,-14.4841194210229,-10.0812031929688));
#12819=CARTESIAN_POINT('Ctrl Pts',(35.,-13.9541719901332,-10.340554485553));
#12820=CARTESIAN_POINT('Ctrl Pts',(35.,-13.5399962265216,-10.7579491094287));
#12821=CARTESIAN_POINT('Ctrl Pts',(35.,-13.3709075674415,-10.9283518791199));
#12822=CARTESIAN_POINT('',(37.,-13.3709075674415,-10.9283518791199));
#12823=CARTESIAN_POINT('Ctrl Pts',(37.,-13.3709075674415,-10.9283518791199));
#12824=CARTESIAN_POINT('Ctrl Pts',(37.,-13.5399962265216,-10.7579491094287));
#12825=CARTESIAN_POINT('Ctrl Pts',(37.,-13.9541719901332,-10.340554485553));
#12826=CARTESIAN_POINT('Ctrl Pts',(37.,-14.4841194210229,-10.0812031929688));
#12827=CARTESIAN_POINT('Ctrl Pts',(37.,-14.7977140173316,-9.92773294448853));
#12828=CARTESIAN_POINT('',(35.,-13.3709075674415,-10.9283518791199));
#12829=CARTESIAN_POINT('Ctrl Pts',(35.,-13.0311944708228,-12.2933912277222));
#12830=CARTESIAN_POINT('Ctrl Pts',(37.,-13.0311944708228,-12.2933912277222));
#12831=CARTESIAN_POINT('Ctrl Pts',(35.,-13.0375628972235,-12.0244891129103));
#12832=CARTESIAN_POINT('Ctrl Pts',(37.,-13.0375628972235,-12.0244891129103));
#12833=CARTESIAN_POINT('Ctrl Pts',(35.,-13.0489852347383,-11.542189323201));
#12834=CARTESIAN_POINT('Ctrl Pts',(37.,-13.0489852347383,-11.542189323201));
#12835=CARTESIAN_POINT('Ctrl Pts',(35.,-13.2721613727356,-11.1166398778492));
#12836=CARTESIAN_POINT('Ctrl Pts',(37.,-13.2721613727356,-11.1166398778492));
#12837=CARTESIAN_POINT('Ctrl Pts',(35.,-13.3709075674415,-10.9283518791199));
#12838=CARTESIAN_POINT('Ctrl Pts',(37.,-13.3709075674415,-10.9283518791199));
#12839=CARTESIAN_POINT('',(35.,-13.0311944708228,-12.2933912277222));
#12840=CARTESIAN_POINT('Ctrl Pts',(35.,-13.3709075674415,-10.9283518791199));
#12841=CARTESIAN_POINT('Ctrl Pts',(35.,-13.2721613727356,-11.1166398778492));
#12842=CARTESIAN_POINT('Ctrl Pts',(35.,-13.0489852347383,-11.542189323201));
#12843=CARTESIAN_POINT('Ctrl Pts',(35.,-13.0375628972235,-12.0244891129103));
#12844=CARTESIAN_POINT('Ctrl Pts',(35.,-13.0311944708228,-12.2933912277222));
#12845=CARTESIAN_POINT('',(37.,-13.0311944708228,-12.2933912277222));
#12846=CARTESIAN_POINT('Ctrl Pts',(37.,-13.0311944708228,-12.2933912277222));
#12847=CARTESIAN_POINT('Ctrl Pts',(37.,-13.0375628972235,-12.0244891129103));
#12848=CARTESIAN_POINT('Ctrl Pts',(37.,-13.0489852347383,-11.542189323201));
#12849=CARTESIAN_POINT('Ctrl Pts',(37.,-13.2721613727356,-11.1166398778492));
#12850=CARTESIAN_POINT('Ctrl Pts',(37.,-13.3709075674415,-10.9283518791199));
#12851=CARTESIAN_POINT('',(35.,-13.0311944708228,-12.2933912277222));
#12852=CARTESIAN_POINT('Ctrl Pts',(35.,-13.2906129583716,-13.8035821914673));
#12853=CARTESIAN_POINT('Ctrl Pts',(37.,-13.2906129583716,-13.8035821914673));
#12854=CARTESIAN_POINT('Ctrl Pts',(35.,-13.2153300202928,-13.5947679325834));
#12855=CARTESIAN_POINT('Ctrl Pts',(37.,-13.2153300202928,-13.5947679325834));
#12856=CARTESIAN_POINT('Ctrl Pts',(35.,-13.0398826344617,-13.1081249191678));
#12857=CARTESIAN_POINT('Ctrl Pts',(37.,-13.0398826344617,-13.1081249191678));
#12858=CARTESIAN_POINT('Ctrl Pts',(35.,-13.034351973538,-12.5894864613985));
#12859=CARTESIAN_POINT('Ctrl Pts',(37.,-13.034351973538,-12.5894864613985));
#12860=CARTESIAN_POINT('Ctrl Pts',(35.,-13.0311944708228,-12.2933912277222));
#12861=CARTESIAN_POINT('Ctrl Pts',(37.,-13.0311944708228,-12.2933912277222));
#12862=CARTESIAN_POINT('',(35.,-13.2906129583716,-13.8035821914673));
#12863=CARTESIAN_POINT('Ctrl Pts',(35.,-13.0311944708228,-12.2933912277222));
#12864=CARTESIAN_POINT('Ctrl Pts',(35.,-13.034351973538,-12.5894864613985));
#12865=CARTESIAN_POINT('Ctrl Pts',(35.,-13.0398826344617,-13.1081249191678));
#12866=CARTESIAN_POINT('Ctrl Pts',(35.,-13.2153300202928,-13.5947679325834));
#12867=CARTESIAN_POINT('Ctrl Pts',(35.,-13.2906129583716,-13.8035821914673));
#12868=CARTESIAN_POINT('',(37.,-13.2906129583716,-13.8035821914673));
#12869=CARTESIAN_POINT('Ctrl Pts',(37.,-13.2906129583716,-13.8035821914673));
#12870=CARTESIAN_POINT('Ctrl Pts',(37.,-13.2153300202928,-13.5947679325834));
#12871=CARTESIAN_POINT('Ctrl Pts',(37.,-13.0398826344617,-13.1081249191678));
#12872=CARTESIAN_POINT('Ctrl Pts',(37.,-13.034351973538,-12.5894864613985));
#12873=CARTESIAN_POINT('Ctrl Pts',(37.,-13.0311944708228,-12.2933912277222));
#12874=CARTESIAN_POINT('',(35.,-13.2906129583716,-13.8035821914673));
#12875=CARTESIAN_POINT('Ctrl Pts',(35.,-14.1584327444434,-14.5880174636841));
#12876=CARTESIAN_POINT('Ctrl Pts',(37.,-14.1584327444434,-14.5880174636841));
#12877=CARTESIAN_POINT('Ctrl Pts',(35.,-13.9722077954487,-14.4904714058744));
#12878=CARTESIAN_POINT('Ctrl Pts',(37.,-13.9722077954487,-14.4904714058744));
#12879=CARTESIAN_POINT('Ctrl Pts',(35.,-13.6148036455291,-14.3032603685902));
#12880=CARTESIAN_POINT('Ctrl Pts',(37.,-13.6148036455291,-14.3032603685902));
#12881=CARTESIAN_POINT('Ctrl Pts',(35.,-13.3956005685304,-13.9654005895361));
#12882=CARTESIAN_POINT('Ctrl Pts',(37.,-13.3956005685304,-13.9654005895361));
#12883=CARTESIAN_POINT('Ctrl Pts',(35.,-13.2906129583716,-13.8035821914673));
#12884=CARTESIAN_POINT('Ctrl Pts',(37.,-13.2906129583716,-13.8035821914673));
#12885=CARTESIAN_POINT('',(35.,-14.1584327444434,-14.5880174636841));
#12886=CARTESIAN_POINT('Ctrl Pts',(35.,-13.2906129583716,-13.8035821914673));
#12887=CARTESIAN_POINT('Ctrl Pts',(35.,-13.3956005685304,-13.9654005895361));
#12888=CARTESIAN_POINT('Ctrl Pts',(35.,-13.6148036455291,-14.3032603685902));
#12889=CARTESIAN_POINT('Ctrl Pts',(35.,-13.9722077954487,-14.4904714058744));
#12890=CARTESIAN_POINT('Ctrl Pts',(35.,-14.1584327444434,-14.5880174636841));
#12891=CARTESIAN_POINT('',(37.,-14.1584327444434,-14.5880174636841));
#12892=CARTESIAN_POINT('Ctrl Pts',(37.,-14.1584327444434,-14.5880174636841));
#12893=CARTESIAN_POINT('Ctrl Pts',(37.,-13.9722077954487,-14.4904714058744));
#12894=CARTESIAN_POINT('Ctrl Pts',(37.,-13.6148036455291,-14.3032603685902));
#12895=CARTESIAN_POINT('Ctrl Pts',(37.,-13.3956005685304,-13.9654005895361));
#12896=CARTESIAN_POINT('Ctrl Pts',(37.,-13.2906129583716,-13.8035821914673));
#12897=CARTESIAN_POINT('',(35.,-14.1584327444434,-14.5880174636841));
#12898=CARTESIAN_POINT('Ctrl Pts',(35.,-15.6253888830543,-14.8628783226013));
#12899=CARTESIAN_POINT('Ctrl Pts',(37.,-15.6253888830543,-14.8628783226013));
#12900=CARTESIAN_POINT('Ctrl Pts',(35.,-15.357187641375,-14.8546963970255));
#12901=CARTESIAN_POINT('Ctrl Pts',(37.,-15.357187641375,-14.8546963970255));
#12902=CARTESIAN_POINT('Ctrl Pts',(35.,-14.8533715206623,-14.8393266471402));
#12903=CARTESIAN_POINT('Ctrl Pts',(37.,-14.8533715206623,-14.8393266471402));
#12904=CARTESIAN_POINT('Ctrl Pts',(35.,-14.3798704658138,-14.6680955005534));
#12905=CARTESIAN_POINT('Ctrl Pts',(37.,-14.3798704658138,-14.6680955005534));
#12906=CARTESIAN_POINT('Ctrl Pts',(35.,-14.1584327444434,-14.5880174636841));
#12907=CARTESIAN_POINT('Ctrl Pts',(37.,-14.1584327444434,-14.5880174636841));
#12908=CARTESIAN_POINT('',(35.,-15.6253888830543,-14.8628783226013));
#12909=CARTESIAN_POINT('Ctrl Pts',(35.,-14.1584327444434,-14.5880174636841));
#12910=CARTESIAN_POINT('Ctrl Pts',(35.,-14.3798704658138,-14.6680955005534));
#12911=CARTESIAN_POINT('Ctrl Pts',(35.,-14.8533715206623,-14.8393266471402));
#12912=CARTESIAN_POINT('Ctrl Pts',(35.,-15.357187641375,-14.8546963970255));
#12913=CARTESIAN_POINT('Ctrl Pts',(35.,-15.6253888830543,-14.8628783226013));
#12914=CARTESIAN_POINT('',(37.,-15.6253888830543,-14.8628783226013));
#12915=CARTESIAN_POINT('Ctrl Pts',(37.,-15.6253888830543,-14.8628783226013));
#12916=CARTESIAN_POINT('Ctrl Pts',(37.,-15.357187641375,-14.8546963970255));
#12917=CARTESIAN_POINT('Ctrl Pts',(37.,-14.8533715206623,-14.8393266471402));
#12918=CARTESIAN_POINT('Ctrl Pts',(37.,-14.3798704658138,-14.6680955005534));
#12919=CARTESIAN_POINT('Ctrl Pts',(37.,-14.1584327444434,-14.5880174636841));
#12920=CARTESIAN_POINT('',(35.,-15.6253888830543,-14.8628783226013));
#12921=CARTESIAN_POINT('Ctrl Pts',(35.,-17.2529342398047,-14.5664000511169));
#12922=CARTESIAN_POINT('Ctrl Pts',(37.,-17.2529342398047,-14.5664000511169));
#12923=CARTESIAN_POINT('Ctrl Pts',(35.,-17.0068992609893,-14.6527749364813));
#12924=CARTESIAN_POINT('Ctrl Pts',(37.,-17.0068992609893,-14.6527749364813));
#12925=CARTESIAN_POINT('Ctrl Pts',(35.,-16.4806347708911,-14.8375292962978));
#12926=CARTESIAN_POINT('Ctrl Pts',(37.,-16.4806347708911,-14.8375292962978));
#12927=CARTESIAN_POINT('Ctrl Pts',(35.,-15.922558033432,-14.8540703894482));
#12928=CARTESIAN_POINT('Ctrl Pts',(37.,-15.922558033432,-14.8540703894482));
#12929=CARTESIAN_POINT('Ctrl Pts',(35.,-15.6253888830543,-14.8628783226013));
#12930=CARTESIAN_POINT('Ctrl Pts',(37.,-15.6253888830543,-14.8628783226013));
#12931=CARTESIAN_POINT('',(35.,-17.2529342398047,-14.5664000511169));
#12932=CARTESIAN_POINT('Ctrl Pts',(35.,-15.6253888830543,-14.8628783226013));
#12933=CARTESIAN_POINT('Ctrl Pts',(35.,-15.922558033432,-14.8540703894482));
#12934=CARTESIAN_POINT('Ctrl Pts',(35.,-16.4806347708911,-14.8375292962978));
#12935=CARTESIAN_POINT('Ctrl Pts',(35.,-17.0068992609893,-14.6527749364813));
#12936=CARTESIAN_POINT('Ctrl Pts',(35.,-17.2529342398047,-14.5664000511169));
#12937=CARTESIAN_POINT('',(37.,-17.2529342398047,-14.5664000511169));
#12938=CARTESIAN_POINT('Ctrl Pts',(37.,-17.2529342398047,-14.5664000511169));
#12939=CARTESIAN_POINT('Ctrl Pts',(37.,-17.0068992609893,-14.6527749364813));
#12940=CARTESIAN_POINT('Ctrl Pts',(37.,-16.4806347708911,-14.8375292962978));
#12941=CARTESIAN_POINT('Ctrl Pts',(37.,-15.922558033432,-14.8540703894482));
#12942=CARTESIAN_POINT('Ctrl Pts',(37.,-15.6253888830543,-14.8628783226013));
#12943=CARTESIAN_POINT('',(35.,-17.2529342398047,-14.5664000511169));
#12944=CARTESIAN_POINT('Ctrl Pts',(35.,-18.1825235113502,-13.7634348869324));
#12945=CARTESIAN_POINT('Ctrl Pts',(37.,-18.1825235113502,-13.7634348869324));
#12946=CARTESIAN_POINT('Ctrl Pts',(35.,-18.0732677103655,-13.9265145639199));
#12947=CARTESIAN_POINT('Ctrl Pts',(37.,-18.0732677103655,-13.9265145639199));
#12948=CARTESIAN_POINT('Ctrl Pts',(35.,-17.837759197635,-14.2780442020513));
#12949=CARTESIAN_POINT('Ctrl Pts',(37.,-17.837759197635,-14.2780442020513));
#12950=CARTESIAN_POINT('Ctrl Pts',(35.,-17.4570349886608,-14.4657654185772));
#12951=CARTESIAN_POINT('Ctrl Pts',(37.,-17.4570349886608,-14.4657654185772));
#12952=CARTESIAN_POINT('Ctrl Pts',(35.,-17.2529342398047,-14.5664000511169));
#12953=CARTESIAN_POINT('Ctrl Pts',(37.,-17.2529342398047,-14.5664000511169));
#12954=CARTESIAN_POINT('',(35.,-18.1825235113502,-13.7634348869324));
#12955=CARTESIAN_POINT('Ctrl Pts',(35.,-17.2529342398047,-14.5664000511169));
#12956=CARTESIAN_POINT('Ctrl Pts',(35.,-17.4570349886608,-14.4657654185772));
#12957=CARTESIAN_POINT('Ctrl Pts',(35.,-17.837759197635,-14.2780442020513));
#12958=CARTESIAN_POINT('Ctrl Pts',(35.,-18.0732677103655,-13.9265145639199));
#12959=CARTESIAN_POINT('Ctrl Pts',(35.,-18.1825235113502,-13.7634348869324));
#12960=CARTESIAN_POINT('',(37.,-18.1825235113502,-13.7634348869324));
#12961=CARTESIAN_POINT('Ctrl Pts',(37.,-18.1825235113502,-13.7634348869324));
#12962=CARTESIAN_POINT('Ctrl Pts',(37.,-18.0732677103655,-13.9265145639199));
#12963=CARTESIAN_POINT('Ctrl Pts',(37.,-17.837759197635,-14.2780442020513));
#12964=CARTESIAN_POINT('Ctrl Pts',(37.,-17.4570349886608,-14.4657654185772));
#12965=CARTESIAN_POINT('Ctrl Pts',(37.,-17.2529342398047,-14.5664000511169));
#12966=CARTESIAN_POINT('',(35.,-18.1825235113502,-13.7634348869324));
#12967=CARTESIAN_POINT('Ctrl Pts',(35.,-18.4357621893287,-12.2316241264343));
#12968=CARTESIAN_POINT('Ctrl Pts',(37.,-18.4357621893287,-12.2316241264343));
#12969=CARTESIAN_POINT('Ctrl Pts',(35.,-18.4332022209449,-12.5335440208222));
#12970=CARTESIAN_POINT('Ctrl Pts',(37.,-18.4332022209449,-12.5335440208222));
#12971=CARTESIAN_POINT('Ctrl Pts',(35.,-18.4287492188026,-13.0587262633167));
#12972=CARTESIAN_POINT('Ctrl Pts',(37.,-18.4287492188026,-13.0587262633167));
#12973=CARTESIAN_POINT('Ctrl Pts',(35.,-18.2559730763552,-13.5532190553061));
#12974=CARTESIAN_POINT('Ctrl Pts',(37.,-18.2559730763552,-13.5532190553061));
#12975=CARTESIAN_POINT('Ctrl Pts',(35.,-18.1825235113502,-13.7634348869324));
#12976=CARTESIAN_POINT('Ctrl Pts',(37.,-18.1825235113502,-13.7634348869324));
#12977=CARTESIAN_POINT('',(35.,-18.4357621893287,-12.2316241264343));
#12978=CARTESIAN_POINT('Ctrl Pts',(35.,-18.1825235113502,-13.7634348869324));
#12979=CARTESIAN_POINT('Ctrl Pts',(35.,-18.2559730763552,-13.5532190553061));
#12980=CARTESIAN_POINT('Ctrl Pts',(35.,-18.4287492188026,-13.0587262633167));
#12981=CARTESIAN_POINT('Ctrl Pts',(35.,-18.4332022209449,-12.5335440208222));
#12982=CARTESIAN_POINT('Ctrl Pts',(35.,-18.4357621893287,-12.2316241264343));
#12983=CARTESIAN_POINT('',(37.,-18.4357621893287,-12.2316241264343));
#12984=CARTESIAN_POINT('Ctrl Pts',(37.,-18.4357621893287,-12.2316241264343));
#12985=CARTESIAN_POINT('Ctrl Pts',(37.,-18.4332022209449,-12.5335440208222));
#12986=CARTESIAN_POINT('Ctrl Pts',(37.,-18.4287492188026,-13.0587262633167));
#12987=CARTESIAN_POINT('Ctrl Pts',(37.,-18.2559730763552,-13.5532190553061));
#12988=CARTESIAN_POINT('Ctrl Pts',(37.,-18.1825235113502,-13.7634348869324));
#12989=CARTESIAN_POINT('',(35.,-18.4357621893287,-12.2316241264343));
#12990=CARTESIAN_POINT('Origin',(35.,-18.4357621893287,-11.8363189697266));
#12991=CARTESIAN_POINT('',(35.,-18.4357621893287,-11.8363189697266));
#12992=CARTESIAN_POINT('',(35.,-18.4357621893287,-18.4181594848633));
#12993=CARTESIAN_POINT('',(37.,-18.4357621893287,-11.8363189697266));
#12994=CARTESIAN_POINT('',(37.,-18.4357621893287,-12.2316241264343));
#12995=CARTESIAN_POINT('',(35.,-18.4357621893287,-11.8363189697266));
#12996=CARTESIAN_POINT('Origin',(35.,-16.2245252355933,-11.8363189697266));
#12997=CARTESIAN_POINT('',(35.,-16.2245252355933,-11.8363189697266));
#12998=CARTESIAN_POINT('',(35.,-8.11226261779666,-11.8363189697266));
#12999=CARTESIAN_POINT('',(37.,-16.2245252355933,-11.8363189697266));
#13000=CARTESIAN_POINT('',(37.,-18.4357621893287,-11.8363189697266));
#13001=CARTESIAN_POINT('',(35.,-16.2245252355933,-11.8363189697266));
#13002=CARTESIAN_POINT('Origin',(35.,-16.2245252355933,-12.35515832901));
#13003=CARTESIAN_POINT('',(35.,-16.2245252355933,-12.35515832901));
#13004=CARTESIAN_POINT('',(35.,-16.2245252355933,-18.677579164505));
#13005=CARTESIAN_POINT('',(37.,-16.2245252355933,-12.35515832901));
#13006=CARTESIAN_POINT('',(37.,-16.2245252355933,-11.8363189697266));
#13007=CARTESIAN_POINT('',(35.,-16.2245252355933,-12.35515832901));
#13008=CARTESIAN_POINT('Ctrl Pts',(35.,-16.1411359533668,-13.2137131690979));
#13009=CARTESIAN_POINT('Ctrl Pts',(37.,-16.1411359533668,-13.2137131690979));
#13010=CARTESIAN_POINT('Ctrl Pts',(35.,-16.1650822938638,-13.1095907069597));
#13011=CARTESIAN_POINT('Ctrl Pts',(37.,-16.1650822938638,-13.1095907069597));
#13012=CARTESIAN_POINT('Ctrl Pts',(35.,-16.2298942307043,-12.8277781919907));
#13013=CARTESIAN_POINT('Ctrl Pts',(37.,-16.2298942307043,-12.8277781919907));
#13014=CARTESIAN_POINT('Ctrl Pts',(35.,-16.2266014307917,-12.5379208515875));
#13015=CARTESIAN_POINT('Ctrl Pts',(37.,-16.2266014307917,-12.5379208515875));
#13016=CARTESIAN_POINT('Ctrl Pts',(35.,-16.2245252355933,-12.35515832901));
#13017=CARTESIAN_POINT('Ctrl Pts',(37.,-16.2245252355933,-12.35515832901));
#13018=CARTESIAN_POINT('',(35.,-16.1411359533668,-13.2137131690979));
#13019=CARTESIAN_POINT('Ctrl Pts',(35.,-16.2245252355933,-12.35515832901));
#13020=CARTESIAN_POINT('Ctrl Pts',(35.,-16.2266014307917,-12.5379208515875));
#13021=CARTESIAN_POINT('Ctrl Pts',(35.,-16.2298942307043,-12.8277781919907));
#13022=CARTESIAN_POINT('Ctrl Pts',(35.,-16.1650822938638,-13.1095907069597));
#13023=CARTESIAN_POINT('Ctrl Pts',(35.,-16.1411359533668,-13.2137131690979));
#13024=CARTESIAN_POINT('',(37.,-16.1411359533668,-13.2137131690979));
#13025=CARTESIAN_POINT('Ctrl Pts',(37.,-16.1411359533668,-13.2137131690979));
#13026=CARTESIAN_POINT('Ctrl Pts',(37.,-16.1650822938638,-13.1095907069597));
#13027=CARTESIAN_POINT('Ctrl Pts',(37.,-16.2298942307043,-12.8277781919907));
#13028=CARTESIAN_POINT('Ctrl Pts',(37.,-16.2266014307917,-12.5379208515875));
#13029=CARTESIAN_POINT('Ctrl Pts',(37.,-16.2245252355933,-12.35515832901));
#13030=CARTESIAN_POINT('',(35.,-16.1411359533668,-13.2137131690979));
#13031=CARTESIAN_POINT('Ctrl Pts',(35.,-15.810687802732,-13.4113645553589));
#13032=CARTESIAN_POINT('Ctrl Pts',(37.,-15.810687802732,-13.4113645553589));
#13033=CARTESIAN_POINT('Ctrl Pts',(35.,-15.8854977488542,-13.404741898862));
#13034=CARTESIAN_POINT('Ctrl Pts',(37.,-15.8854977488542,-13.404741898862));
#13035=CARTESIAN_POINT('Ctrl Pts',(35.,-16.0285782721124,-13.392075492775));
#13036=CARTESIAN_POINT('Ctrl Pts',(37.,-16.0285782721124,-13.392075492775));
#13037=CARTESIAN_POINT('Ctrl Pts',(35.,-16.1047776006258,-13.2713277202123));
#13038=CARTESIAN_POINT('Ctrl Pts',(37.,-16.1047776006258,-13.2713277202123));
#13039=CARTESIAN_POINT('Ctrl Pts',(35.,-16.1411359533668,-13.2137131690979));
#13040=CARTESIAN_POINT('Ctrl Pts',(37.,-16.1411359533668,-13.2137131690979));
#13041=CARTESIAN_POINT('',(35.,-15.810687802732,-13.4113645553589));
#13042=CARTESIAN_POINT('Ctrl Pts',(35.,-16.1411359533668,-13.2137131690979));
#13043=CARTESIAN_POINT('Ctrl Pts',(35.,-16.1047776006258,-13.2713277202123));
#13044=CARTESIAN_POINT('Ctrl Pts',(35.,-16.0285782721124,-13.392075492775));
#13045=CARTESIAN_POINT('Ctrl Pts',(35.,-15.8854977488542,-13.404741898862));
#13046=CARTESIAN_POINT('Ctrl Pts',(35.,-15.810687802732,-13.4113645553589));
#13047=CARTESIAN_POINT('',(37.,-15.810687802732,-13.4113645553589));
#13048=CARTESIAN_POINT('Ctrl Pts',(37.,-15.810687802732,-13.4113645553589));
#13049=CARTESIAN_POINT('Ctrl Pts',(37.,-15.8854977488542,-13.404741898862));
#13050=CARTESIAN_POINT('Ctrl Pts',(37.,-16.0285782721124,-13.392075492775));
#13051=CARTESIAN_POINT('Ctrl Pts',(37.,-16.1047776006258,-13.2713277202123));
#13052=CARTESIAN_POINT('Ctrl Pts',(37.,-16.1411359533668,-13.2137131690979));
#13053=CARTESIAN_POINT('',(35.,-15.810687802732,-13.4113645553589));
#13054=CARTESIAN_POINT('Ctrl Pts',(35.,-15.4400899633765,-13.2785677909851));
#13055=CARTESIAN_POINT('Ctrl Pts',(37.,-15.4400899633765,-13.2785677909851));
#13056=CARTESIAN_POINT('Ctrl Pts',(35.,-15.4863661244326,-13.3171383140436));
#13057=CARTESIAN_POINT('Ctrl Pts',(37.,-15.4863661244326,-13.3171383140436));
#13058=CARTESIAN_POINT('Ctrl Pts',(35.,-15.5925479361245,-13.4056393461688));
#13059=CARTESIAN_POINT('Ctrl Pts',(37.,-15.5925479361245,-13.4056393461688));
#13060=CARTESIAN_POINT('Ctrl Pts',(35.,-15.7320075070879,-13.4092995446907));
#13061=CARTESIAN_POINT('Ctrl Pts',(37.,-15.7320075070879,-13.4092995446907));
#13062=CARTESIAN_POINT('Ctrl Pts',(35.,-15.810687802732,-13.4113645553589));
#13063=CARTESIAN_POINT('Ctrl Pts',(37.,-15.810687802732,-13.4113645553589));
#13064=CARTESIAN_POINT('',(35.,-15.4400899633765,-13.2785677909851));
#13065=CARTESIAN_POINT('Ctrl Pts',(35.,-15.810687802732,-13.4113645553589));
#13066=CARTESIAN_POINT('Ctrl Pts',(35.,-15.7320075070879,-13.4092995446907));
#13067=CARTESIAN_POINT('Ctrl Pts',(35.,-15.5925479361245,-13.4056393461688));
#13068=CARTESIAN_POINT('Ctrl Pts',(35.,-15.4863661244326,-13.3171383140436));
#13069=CARTESIAN_POINT('Ctrl Pts',(35.,-15.4400899633765,-13.2785677909851));
#13070=CARTESIAN_POINT('',(37.,-15.4400899633765,-13.2785677909851));
#13071=CARTESIAN_POINT('Ctrl Pts',(37.,-15.4400899633765,-13.2785677909851));
#13072=CARTESIAN_POINT('Ctrl Pts',(37.,-15.4863661244326,-13.3171383140436));
#13073=CARTESIAN_POINT('Ctrl Pts',(37.,-15.5925479361245,-13.4056393461688));
#13074=CARTESIAN_POINT('Ctrl Pts',(37.,-15.7320075070879,-13.4092995446907));
#13075=CARTESIAN_POINT('Ctrl Pts',(37.,-15.810687802732,-13.4113645553589));
#13076=CARTESIAN_POINT('',(35.,-15.4400899633765,-13.2785677909851));
#13077=CARTESIAN_POINT('Ctrl Pts',(35.,-15.335080884397,-12.7195811271667));
#13078=CARTESIAN_POINT('Ctrl Pts',(37.,-15.335080884397,-12.7195811271667));
#13079=CARTESIAN_POINT('Ctrl Pts',(35.,-15.3335664570624,-12.8394859292322));
#13080=CARTESIAN_POINT('Ctrl Pts',(37.,-15.3335664570624,-12.8394859292322));
#13081=CARTESIAN_POINT('Ctrl Pts',(35.,-15.3311074707884,-13.0341761964467));
#13082=CARTESIAN_POINT('Ctrl Pts',(37.,-15.3311074707884,-13.0341761964467));
#13083=CARTESIAN_POINT('Ctrl Pts',(35.,-15.409844915595,-13.2107437278839));
#13084=CARTESIAN_POINT('Ctrl Pts',(37.,-15.409844915595,-13.2107437278839));
#13085=CARTESIAN_POINT('Ctrl Pts',(35.,-15.4400899633765,-13.2785677909851));
#13086=CARTESIAN_POINT('Ctrl Pts',(37.,-15.4400899633765,-13.2785677909851));
#13087=CARTESIAN_POINT('',(35.,-15.335080884397,-12.7195811271667));
#13088=CARTESIAN_POINT('Ctrl Pts',(35.,-15.4400899633765,-13.2785677909851));
#13089=CARTESIAN_POINT('Ctrl Pts',(35.,-15.409844915595,-13.2107437278839));
#13090=CARTESIAN_POINT('Ctrl Pts',(35.,-15.3311074707884,-13.0341761964467));
#13091=CARTESIAN_POINT('Ctrl Pts',(35.,-15.3335664570624,-12.8394859292322));
#13092=CARTESIAN_POINT('Ctrl Pts',(35.,-15.335080884397,-12.7195811271667));
#13093=CARTESIAN_POINT('',(37.,-15.335080884397,-12.7195811271667));
#13094=CARTESIAN_POINT('Ctrl Pts',(37.,-15.335080884397,-12.7195811271667));
#13095=CARTESIAN_POINT('Ctrl Pts',(37.,-15.3335664570624,-12.8394859292322));
#13096=CARTESIAN_POINT('Ctrl Pts',(37.,-15.3311074707884,-13.0341761964467));
#13097=CARTESIAN_POINT('Ctrl Pts',(37.,-15.409844915595,-13.2107437278839));
#13098=CARTESIAN_POINT('Ctrl Pts',(37.,-15.4400899633765,-13.2785677909851));
#13099=CARTESIAN_POINT('',(35.,-15.335080884397,-12.7195811271667));
#13100=CARTESIAN_POINT('Ctrl Pts',(35.,-15.4709699377418,-11.9845581054688));
#13101=CARTESIAN_POINT('Ctrl Pts',(37.,-15.4709699377418,-11.9845581054688));
#13102=CARTESIAN_POINT('Ctrl Pts',(35.,-15.431967887549,-12.0693724586312));
#13103=CARTESIAN_POINT('Ctrl Pts',(37.,-15.431967887549,-12.0693724586312));
#13104=CARTESIAN_POINT('Ctrl Pts',(35.,-15.3256821666857,-12.300502735652));
#13105=CARTESIAN_POINT('Ctrl Pts',(37.,-15.3256821666857,-12.300502735652));
#13106=CARTESIAN_POINT('Ctrl Pts',(35.,-15.3314374987654,-12.5571266054873));
#13107=CARTESIAN_POINT('Ctrl Pts',(37.,-15.3314374987654,-12.5571266054873));
#13108=CARTESIAN_POINT('Ctrl Pts',(35.,-15.335080884397,-12.7195811271667));
#13109=CARTESIAN_POINT('Ctrl Pts',(37.,-15.335080884397,-12.7195811271667));
#13110=CARTESIAN_POINT('',(35.,-15.4709699377418,-11.9845581054688));
#13111=CARTESIAN_POINT('Ctrl Pts',(35.,-15.335080884397,-12.7195811271667));
#13112=CARTESIAN_POINT('Ctrl Pts',(35.,-15.3314374987654,-12.5571266054873));
#13113=CARTESIAN_POINT('Ctrl Pts',(35.,-15.3256821666857,-12.300502735652));
#13114=CARTESIAN_POINT('Ctrl Pts',(35.,-15.431967887549,-12.0693724586312));
#13115=CARTESIAN_POINT('Ctrl Pts',(35.,-15.4709699377418,-11.9845581054688));
#13116=CARTESIAN_POINT('',(37.,-15.4709699377418,-11.9845581054688));
#13117=CARTESIAN_POINT('Ctrl Pts',(37.,-15.4709699377418,-11.9845581054688));
#13118=CARTESIAN_POINT('Ctrl Pts',(37.,-15.431967887549,-12.0693724586312));
#13119=CARTESIAN_POINT('Ctrl Pts',(37.,-15.3256821666857,-12.300502735652));
#13120=CARTESIAN_POINT('Ctrl Pts',(37.,-15.3314374987654,-12.5571266054873));
#13121=CARTESIAN_POINT('Ctrl Pts',(37.,-15.335080884397,-12.7195811271667));
#13122=CARTESIAN_POINT('',(35.,-15.4709699377418,-11.9845581054688));
#13123=CARTESIAN_POINT('Ctrl Pts',(35.,-16.9224813207984,-11.1074733734131));
#13124=CARTESIAN_POINT('Ctrl Pts',(37.,-16.9224813207984,-11.1074733734131));
#13125=CARTESIAN_POINT('Ctrl Pts',(35.,-16.5780066751104,-11.2935804738249));
#13126=CARTESIAN_POINT('Ctrl Pts',(37.,-16.5780066751104,-11.2935804738249));
#13127=CARTESIAN_POINT('Ctrl Pts',(35.,-16.0797256832564,-11.5627835392612));
#13128=CARTESIAN_POINT('Ctrl Pts',(37.,-16.0797256832564,-11.5627835392612));
#13129=CARTESIAN_POINT('Ctrl Pts',(35.,-15.6145557604776,-11.8850751050303));
#13130=CARTESIAN_POINT('Ctrl Pts',(37.,-15.6145557604776,-11.8850751050303));
#13131=CARTESIAN_POINT('Ctrl Pts',(35.,-15.4709699377418,-11.9845581054688));
#13132=CARTESIAN_POINT('Ctrl Pts',(37.,-15.4709699377418,-11.9845581054688));
#13133=CARTESIAN_POINT('',(35.,-16.9224813207984,-11.1074733734131));
#13134=CARTESIAN_POINT('Ctrl Pts',(35.,-15.4709699377418,-11.9845581054688));
#13135=CARTESIAN_POINT('Ctrl Pts',(35.,-15.6145557604776,-11.8850751050303));
#13136=CARTESIAN_POINT('Ctrl Pts',(35.,-16.0797256832564,-11.5627835392612));
#13137=CARTESIAN_POINT('Ctrl Pts',(35.,-16.5780066751104,-11.2935804738249));
#13138=CARTESIAN_POINT('Ctrl Pts',(35.,-16.9224813207984,-11.1074733734131));
#13139=CARTESIAN_POINT('',(37.,-16.9224813207984,-11.1074733734131));
#13140=CARTESIAN_POINT('Ctrl Pts',(37.,-16.9224813207984,-11.1074733734131));
#13141=CARTESIAN_POINT('Ctrl Pts',(37.,-16.5780066751104,-11.2935804738249));
#13142=CARTESIAN_POINT('Ctrl Pts',(37.,-16.0797256832564,-11.5627835392612));
#13143=CARTESIAN_POINT('Ctrl Pts',(37.,-15.6145557604776,-11.8850751050303));
#13144=CARTESIAN_POINT('Ctrl Pts',(37.,-15.4709699377418,-11.9845581054688));
#13145=CARTESIAN_POINT('',(35.,-16.9224813207984,-11.1074733734131));
#13146=CARTESIAN_POINT('Ctrl Pts',(35.,-18.26281812042,-9.986412525177));
#13147=CARTESIAN_POINT('Ctrl Pts',(37.,-18.26281812042,-9.986412525177));
#13148=CARTESIAN_POINT('Ctrl Pts',(35.,-18.1194096497014,-10.173255005721));
#13149=CARTESIAN_POINT('Ctrl Pts',(37.,-18.1194096497014,-10.173255005721));
#13150=CARTESIAN_POINT('Ctrl Pts',(35.,-17.758340480684,-10.643680907686));
#13151=CARTESIAN_POINT('Ctrl Pts',(37.,-17.758340480684,-10.643680907686));
#13152=CARTESIAN_POINT('Ctrl Pts',(35.,-17.2368485216202,-10.93304071034));
#13153=CARTESIAN_POINT('Ctrl Pts',(37.,-17.2368485216202,-10.93304071034));
#13154=CARTESIAN_POINT('Ctrl Pts',(35.,-16.9224813207984,-11.1074733734131));
#13155=CARTESIAN_POINT('Ctrl Pts',(37.,-16.9224813207984,-11.1074733734131));
#13156=CARTESIAN_POINT('',(35.,-18.26281812042,-9.986412525177));
#13157=CARTESIAN_POINT('Ctrl Pts',(35.,-16.9224813207984,-11.1074733734131));
#13158=CARTESIAN_POINT('Ctrl Pts',(35.,-17.2368485216202,-10.93304071034));
#13159=CARTESIAN_POINT('Ctrl Pts',(35.,-17.758340480684,-10.643680907686));
#13160=CARTESIAN_POINT('Ctrl Pts',(35.,-18.1194096497014,-10.173255005721));
#13161=CARTESIAN_POINT('Ctrl Pts',(35.,-18.26281812042,-9.986412525177));
#13162=CARTESIAN_POINT('',(37.,-18.26281812042,-9.986412525177));
#13163=CARTESIAN_POINT('Ctrl Pts',(37.,-18.26281812042,-9.986412525177));
#13164=CARTESIAN_POINT('Ctrl Pts',(37.,-18.1194096497014,-10.173255005721));
#13165=CARTESIAN_POINT('Ctrl Pts',(37.,-17.758340480684,-10.643680907686));
#13166=CARTESIAN_POINT('Ctrl Pts',(37.,-17.2368485216202,-10.93304071034));
#13167=CARTESIAN_POINT('Ctrl Pts',(37.,-16.9224813207984,-11.1074733734131));
#13168=CARTESIAN_POINT('',(35.,-18.26281812042,-9.986412525177));
#13169=CARTESIAN_POINT('Ctrl Pts',(35.,-18.503706716001,-8.79122972488403));
#13170=CARTESIAN_POINT('Ctrl Pts',(37.,-18.503706716001,-8.79122972488403));
#13171=CARTESIAN_POINT('Ctrl Pts',(35.,-18.4960939182725,-9.00871871180106));
#13172=CARTESIAN_POINT('Ctrl Pts',(37.,-18.4960939182725,-9.00871871180106));
#13173=CARTESIAN_POINT('Ctrl Pts',(35.,-18.4816691547439,-9.4208178267669));
#13174=CARTESIAN_POINT('Ctrl Pts',(37.,-18.4816691547439,-9.4208178267669));
#13175=CARTESIAN_POINT('Ctrl Pts',(35.,-18.3330175253306,-9.80499043881748));
#13176=CARTESIAN_POINT('Ctrl Pts',(37.,-18.3330175253306,-9.80499043881748));
#13177=CARTESIAN_POINT('Ctrl Pts',(35.,-18.26281812042,-9.986412525177));
#13178=CARTESIAN_POINT('Ctrl Pts',(37.,-18.26281812042,-9.986412525177));
#13179=CARTESIAN_POINT('',(35.,-18.503706716001,-8.79122972488403));
#13180=CARTESIAN_POINT('Ctrl Pts',(35.,-18.26281812042,-9.986412525177));
#13181=CARTESIAN_POINT('Ctrl Pts',(35.,-18.3330175253306,-9.80499043881748));
#13182=CARTESIAN_POINT('Ctrl Pts',(35.,-18.4816691547439,-9.4208178267669));
#13183=CARTESIAN_POINT('Ctrl Pts',(35.,-18.4960939182725,-9.00871871180106));
#13184=CARTESIAN_POINT('Ctrl Pts',(35.,-18.503706716001,-8.79122972488403));
#13185=CARTESIAN_POINT('',(37.,-18.503706716001,-8.79122972488403));
#13186=CARTESIAN_POINT('Ctrl Pts',(37.,-18.503706716001,-8.79122972488403));
#13187=CARTESIAN_POINT('Ctrl Pts',(37.,-18.4960939182725,-9.00871871180106));
#13188=CARTESIAN_POINT('Ctrl Pts',(37.,-18.4816691547439,-9.4208178267669));
#13189=CARTESIAN_POINT('Ctrl Pts',(37.,-18.3330175253306,-9.80499043881748));
#13190=CARTESIAN_POINT('Ctrl Pts',(37.,-18.26281812042,-9.986412525177));
#13191=CARTESIAN_POINT('',(35.,-18.503706716001,-8.79122972488403));
#13192=CARTESIAN_POINT('Ctrl Pts',(35.,-18.2442882284522,-7.34280586242676));
#13193=CARTESIAN_POINT('Ctrl Pts',(37.,-18.2442882284522,-7.34280586242676));
#13194=CARTESIAN_POINT('Ctrl Pts',(35.,-18.3195035284319,-7.53917463396609));
#13195=CARTESIAN_POINT('Ctrl Pts',(37.,-18.3195035284319,-7.53917463396609));
#13196=CARTESIAN_POINT('Ctrl Pts',(35.,-18.4974791665551,-8.00382554184807));
#13197=CARTESIAN_POINT('Ctrl Pts',(37.,-18.4974791665551,-8.00382554184807));
#13198=CARTESIAN_POINT('Ctrl Pts',(35.,-18.5014271895385,-8.50300902306876));
#13199=CARTESIAN_POINT('Ctrl Pts',(37.,-18.5014271895385,-8.50300902306876));
#13200=CARTESIAN_POINT('Ctrl Pts',(35.,-18.503706716001,-8.79122972488403));
#13201=CARTESIAN_POINT('Ctrl Pts',(37.,-18.503706716001,-8.79122972488403));
#13202=CARTESIAN_POINT('',(35.,-18.2442882284522,-7.34280586242676));
#13203=CARTESIAN_POINT('Ctrl Pts',(35.,-18.503706716001,-8.79122972488403));
#13204=CARTESIAN_POINT('Ctrl Pts',(35.,-18.5014271895385,-8.50300902306876));
#13205=CARTESIAN_POINT('Ctrl Pts',(35.,-18.4974791665551,-8.00382554184807));
#13206=CARTESIAN_POINT('Ctrl Pts',(35.,-18.3195035284319,-7.53917463396609));
#13207=CARTESIAN_POINT('Ctrl Pts',(35.,-18.2442882284522,-7.34280586242676));
#13208=CARTESIAN_POINT('',(37.,-18.2442882284522,-7.34280586242676));
#13209=CARTESIAN_POINT('Ctrl Pts',(37.,-18.2442882284522,-7.34280586242676));
#13210=CARTESIAN_POINT('Ctrl Pts',(37.,-18.3195035284319,-7.53917463396609));
#13211=CARTESIAN_POINT('Ctrl Pts',(37.,-18.4974791665551,-8.00382554184807));
#13212=CARTESIAN_POINT('Ctrl Pts',(37.,-18.5014271895385,-8.50300902306876));
#13213=CARTESIAN_POINT('Ctrl Pts',(37.,-18.503706716001,-8.79122972488403));
#13214=CARTESIAN_POINT('',(35.,-18.2442882284522,-7.34280586242676));
#13215=CARTESIAN_POINT('Ctrl Pts',(35.,-17.3641135916114,-6.62322521209717));
#13216=CARTESIAN_POINT('Ctrl Pts',(37.,-17.3641135916114,-6.62322521209717));
#13217=CARTESIAN_POINT('Ctrl Pts',(35.,-17.55282586355,-6.71114953477613));
#13218=CARTESIAN_POINT('Ctrl Pts',(37.,-17.55282586355,-6.71114953477613));
#13219=CARTESIAN_POINT('Ctrl Pts',(35.,-17.9082669477524,-6.87675570473915));
#13220=CARTESIAN_POINT('Ctrl Pts',(37.,-17.9082669477524,-6.87675570473915));
#13221=CARTESIAN_POINT('Ctrl Pts',(35.,-18.1369966564838,-7.19399607892053));
#13222=CARTESIAN_POINT('Ctrl Pts',(37.,-18.1369966564838,-7.19399607892053));
#13223=CARTESIAN_POINT('Ctrl Pts',(35.,-18.2442882284522,-7.34280586242676));
#13224=CARTESIAN_POINT('Ctrl Pts',(37.,-18.2442882284522,-7.34280586242676));
#13225=CARTESIAN_POINT('',(35.,-17.3641135916114,-6.62322521209717));
#13226=CARTESIAN_POINT('Ctrl Pts',(35.,-18.2442882284522,-7.34280586242676));
#13227=CARTESIAN_POINT('Ctrl Pts',(35.,-18.1369966564838,-7.19399607892053));
#13228=CARTESIAN_POINT('Ctrl Pts',(35.,-17.9082669477524,-6.87675570473915));
#13229=CARTESIAN_POINT('Ctrl Pts',(35.,-17.55282586355,-6.71114953477613));
#13230=CARTESIAN_POINT('Ctrl Pts',(35.,-17.3641135916114,-6.62322521209717));
#13231=CARTESIAN_POINT('',(37.,-17.3641135916114,-6.62322521209717));
#13232=CARTESIAN_POINT('Ctrl Pts',(37.,-17.3641135916114,-6.62322521209717));
#13233=CARTESIAN_POINT('Ctrl Pts',(37.,-17.55282586355,-6.71114953477613));
#13234=CARTESIAN_POINT('Ctrl Pts',(37.,-17.9082669477524,-6.87675570473915));
#13235=CARTESIAN_POINT('Ctrl Pts',(37.,-18.1369966564838,-7.19399607892053));
#13236=CARTESIAN_POINT('Ctrl Pts',(37.,-18.2442882284522,-7.34280586242676));
#13237=CARTESIAN_POINT('',(35.,-17.3641135916114,-6.62322521209717));
#13238=CARTESIAN_POINT('Ctrl Pts',(35.,-15.9218671545386,-6.36998176574707));
#13239=CARTESIAN_POINT('Ctrl Pts',(37.,-15.9218671545386,-6.36998176574707));
#13240=CARTESIAN_POINT('Ctrl Pts',(35.,-16.1813094336087,-6.37815531203395));
#13241=CARTESIAN_POINT('Ctrl Pts',(37.,-16.1813094336087,-6.37815531203395));
#13242=CARTESIAN_POINT('Ctrl Pts',(35.,-16.674512241525,-6.39369331915359));
#13243=CARTESIAN_POINT('Ctrl Pts',(37.,-16.674512241525,-6.39369331915359));
#13244=CARTESIAN_POINT('Ctrl Pts',(35.,-17.1423670906019,-6.54941750547951));
#13245=CARTESIAN_POINT('Ctrl Pts',(37.,-17.1423670906019,-6.54941750547951));
#13246=CARTESIAN_POINT('Ctrl Pts',(35.,-17.3641135916114,-6.62322521209717));
#13247=CARTESIAN_POINT('Ctrl Pts',(37.,-17.3641135916114,-6.62322521209717));
#13248=CARTESIAN_POINT('',(35.,-15.9218671545386,-6.36998176574707));
#13249=CARTESIAN_POINT('Ctrl Pts',(35.,-17.3641135916114,-6.62322521209717));
#13250=CARTESIAN_POINT('Ctrl Pts',(35.,-17.1423670906019,-6.54941750547951));
#13251=CARTESIAN_POINT('Ctrl Pts',(35.,-16.674512241525,-6.39369331915359));
#13252=CARTESIAN_POINT('Ctrl Pts',(35.,-16.1813094336087,-6.37815531203395));
#13253=CARTESIAN_POINT('Ctrl Pts',(35.,-15.9218671545386,-6.36998176574707));
#13254=CARTESIAN_POINT('',(37.,-15.9218671545386,-6.36998176574707));
#13255=CARTESIAN_POINT('Ctrl Pts',(37.,-15.9218671545386,-6.36998176574707));
#13256=CARTESIAN_POINT('Ctrl Pts',(37.,-16.1813094336087,-6.37815531203395));
#13257=CARTESIAN_POINT('Ctrl Pts',(37.,-16.674512241525,-6.39369331915359));
#13258=CARTESIAN_POINT('Ctrl Pts',(37.,-17.1423670906019,-6.54941750547951));
#13259=CARTESIAN_POINT('Ctrl Pts',(37.,-17.3641135916114,-6.62322521209717));
#13260=CARTESIAN_POINT('',(35.,-15.9218671545386,-6.36998176574707));
#13261=CARTESIAN_POINT('Ctrl Pts',(35.,-14.5352056249976,-6.57690048217773));
#13262=CARTESIAN_POINT('Ctrl Pts',(37.,-14.5352056249976,-6.57690048217773));
#13263=CARTESIAN_POINT('Ctrl Pts',(35.,-14.7446541229543,-6.51663852832724));
#13264=CARTESIAN_POINT('Ctrl Pts',(37.,-14.7446541229543,-6.51663852832724));
#13265=CARTESIAN_POINT('Ctrl Pts',(35.,-15.1973282207281,-6.38639636447557));
#13266=CARTESIAN_POINT('Ctrl Pts',(37.,-15.1973282207281,-6.38639636447557));
#13267=CARTESIAN_POINT('Ctrl Pts',(35.,-15.6686317854517,-6.37571887216531));
#13268=CARTESIAN_POINT('Ctrl Pts',(37.,-15.6686317854517,-6.37571887216531));
#13269=CARTESIAN_POINT('Ctrl Pts',(35.,-15.9218671545386,-6.36998176574707));
#13270=CARTESIAN_POINT('Ctrl Pts',(37.,-15.9218671545386,-6.36998176574707));
#13271=CARTESIAN_POINT('',(35.,-14.5352056249976,-6.57690048217773));
#13272=CARTESIAN_POINT('Ctrl Pts',(35.,-15.9218671545386,-6.36998176574707));
#13273=CARTESIAN_POINT('Ctrl Pts',(35.,-15.6686317854517,-6.37571887216531));
#13274=CARTESIAN_POINT('Ctrl Pts',(35.,-15.1973282207281,-6.38639636447557));
#13275=CARTESIAN_POINT('Ctrl Pts',(35.,-14.7446541229543,-6.51663852832724));
#13276=CARTESIAN_POINT('Ctrl Pts',(35.,-14.5352056249976,-6.57690048217773));
#13277=CARTESIAN_POINT('',(37.,-14.5352056249976,-6.57690048217773));
#13278=CARTESIAN_POINT('Ctrl Pts',(37.,-14.5352056249976,-6.57690048217773));
#13279=CARTESIAN_POINT('Ctrl Pts',(37.,-14.7446541229543,-6.51663852832724));
#13280=CARTESIAN_POINT('Ctrl Pts',(37.,-15.1973282207281,-6.38639636447557));
#13281=CARTESIAN_POINT('Ctrl Pts',(37.,-15.6686317854517,-6.37571887216531));
#13282=CARTESIAN_POINT('Ctrl Pts',(37.,-15.9218671545386,-6.36998176574707));
#13283=CARTESIAN_POINT('',(35.,-14.5352056249976,-6.57690048217773));
#13284=CARTESIAN_POINT('Ctrl Pts',(35.,-13.658120892942,-7.12353229522705));
#13285=CARTESIAN_POINT('Ctrl Pts',(37.,-13.658120892942,-7.12353229522705));
#13286=CARTESIAN_POINT('Ctrl Pts',(35.,-13.7772868497031,-7.01368433999704));
#13287=CARTESIAN_POINT('Ctrl Pts',(37.,-13.7772868497031,-7.01368433999704));
#13288=CARTESIAN_POINT('Ctrl Pts',(35.,-14.0346517205707,-6.77644372546913));
#13289=CARTESIAN_POINT('Ctrl Pts',(37.,-14.0346517205707,-6.77644372546913));
#13290=CARTESIAN_POINT('Ctrl Pts',(35.,-14.3603261019693,-6.6466153058994));
#13291=CARTESIAN_POINT('Ctrl Pts',(37.,-14.3603261019693,-6.6466153058994));
#13292=CARTESIAN_POINT('Ctrl Pts',(35.,-14.5352056249976,-6.57690048217773));
#13293=CARTESIAN_POINT('Ctrl Pts',(37.,-14.5352056249976,-6.57690048217773));
#13294=CARTESIAN_POINT('',(35.,-13.658120892942,-7.12353229522705));
#13295=CARTESIAN_POINT('Ctrl Pts',(35.,-14.5352056249976,-6.57690048217773));
#13296=CARTESIAN_POINT('Ctrl Pts',(35.,-14.3603261019693,-6.6466153058994));
#13297=CARTESIAN_POINT('Ctrl Pts',(35.,-14.0346517205707,-6.77644372546913));
#13298=CARTESIAN_POINT('Ctrl Pts',(35.,-13.7772868497031,-7.01368433999704));
#13299=CARTESIAN_POINT('Ctrl Pts',(35.,-13.658120892942,-7.12353229522705));
#13300=CARTESIAN_POINT('',(37.,-13.658120892942,-7.12353229522705));
#13301=CARTESIAN_POINT('Ctrl Pts',(37.,-13.658120892942,-7.12353229522705));
#13302=CARTESIAN_POINT('Ctrl Pts',(37.,-13.7772868497031,-7.01368433999704));
#13303=CARTESIAN_POINT('Ctrl Pts',(37.,-14.0346517205707,-6.77644372546913));
#13304=CARTESIAN_POINT('Ctrl Pts',(37.,-14.3603261019693,-6.6466153058994));
#13305=CARTESIAN_POINT('Ctrl Pts',(37.,-14.5352056249976,-6.57690048217773));
#13306=CARTESIAN_POINT('',(35.,-13.658120892942,-7.12353229522705));
#13307=CARTESIAN_POINT('Ctrl Pts',(35.,-13.2875230535865,-7.75355339050293));
#13308=CARTESIAN_POINT('Ctrl Pts',(37.,-13.2875230535865,-7.75355339050293));
#13309=CARTESIAN_POINT('Ctrl Pts',(35.,-13.3239235346396,-7.64965494588483));
#13310=CARTESIAN_POINT('Ctrl Pts',(37.,-13.3239235346396,-7.64965494588483));
#13311=CARTESIAN_POINT('Ctrl Pts',(35.,-13.4058084586724,-7.41592956647975));
#13312=CARTESIAN_POINT('Ctrl Pts',(37.,-13.4058084586724,-7.41592956647975));
#13313=CARTESIAN_POINT('Ctrl Pts',(35.,-13.5680184546652,-7.22794929378523));
#13314=CARTESIAN_POINT('Ctrl Pts',(37.,-13.5680184546652,-7.22794929378523));
#13315=CARTESIAN_POINT('Ctrl Pts',(35.,-13.658120892942,-7.12353229522705));
#13316=CARTESIAN_POINT('Ctrl Pts',(37.,-13.658120892942,-7.12353229522705));
#13317=CARTESIAN_POINT('',(35.,-13.2875230535865,-7.75355339050293));
#13318=CARTESIAN_POINT('Ctrl Pts',(35.,-13.658120892942,-7.12353229522705));
#13319=CARTESIAN_POINT('Ctrl Pts',(35.,-13.5680184546652,-7.22794929378523));
#13320=CARTESIAN_POINT('Ctrl Pts',(35.,-13.4058084586724,-7.41592956647975));
#13321=CARTESIAN_POINT('Ctrl Pts',(35.,-13.3239235346396,-7.64965494588483));
#13322=CARTESIAN_POINT('Ctrl Pts',(35.,-13.2875230535865,-7.75355339050293));
#13323=CARTESIAN_POINT('',(37.,-13.2875230535865,-7.75355339050293));
#13324=CARTESIAN_POINT('Ctrl Pts',(37.,-13.2875230535865,-7.75355339050293));
#13325=CARTESIAN_POINT('Ctrl Pts',(37.,-13.3239235346396,-7.64965494588483));
#13326=CARTESIAN_POINT('Ctrl Pts',(37.,-13.4058084586724,-7.41592956647975));
#13327=CARTESIAN_POINT('Ctrl Pts',(37.,-13.5680184546652,-7.22794929378523));
#13328=CARTESIAN_POINT('Ctrl Pts',(37.,-13.658120892942,-7.12353229522705));
#13329=CARTESIAN_POINT('',(35.,-13.2875230535865,-7.75355339050293));
#13330=CARTESIAN_POINT('Ctrl Pts',(35.,-13.2226684316993,-8.66152048110962));
#13331=CARTESIAN_POINT('Ctrl Pts',(37.,-13.2226684316993,-8.66152048110962));
#13332=CARTESIAN_POINT('Ctrl Pts',(35.,-13.2228508403499,-8.48249317208208));
#13333=CARTESIAN_POINT('Ctrl Pts',(37.,-13.2228508403499,-8.48249317208208));
#13334=CARTESIAN_POINT('Ctrl Pts',(35.,-13.2231609553484,-8.17812683032852));
#13335=CARTESIAN_POINT('Ctrl Pts',(37.,-13.2231609553484,-8.17812683032852));
#13336=CARTESIAN_POINT('Ctrl Pts',(35.,-13.268749531968,-7.87739550984656));
#13337=CARTESIAN_POINT('Ctrl Pts',(37.,-13.268749531968,-7.87739550984656));
#13338=CARTESIAN_POINT('Ctrl Pts',(35.,-13.2875230535865,-7.75355339050293));
#13339=CARTESIAN_POINT('Ctrl Pts',(37.,-13.2875230535865,-7.75355339050293));
#13340=CARTESIAN_POINT('',(35.,-13.2226684316993,-8.66152048110962));
#13341=CARTESIAN_POINT('Ctrl Pts',(35.,-13.2875230535865,-7.75355339050293));
#13342=CARTESIAN_POINT('Ctrl Pts',(35.,-13.268749531968,-7.87739550984656));
#13343=CARTESIAN_POINT('Ctrl Pts',(35.,-13.2231609553484,-8.17812683032852));
#13344=CARTESIAN_POINT('Ctrl Pts',(35.,-13.2228508403499,-8.48249317208208));
#13345=CARTESIAN_POINT('Ctrl Pts',(35.,-13.2226684316993,-8.66152048110962));
#13346=CARTESIAN_POINT('',(37.,-13.2226684316993,-8.66152048110962));
#13347=CARTESIAN_POINT('Ctrl Pts',(37.,-13.2226684316993,-8.66152048110962));
#13348=CARTESIAN_POINT('Ctrl Pts',(37.,-13.2228508403499,-8.48249317208208));
#13349=CARTESIAN_POINT('Ctrl Pts',(37.,-13.2231609553484,-8.17812683032852));
#13350=CARTESIAN_POINT('Ctrl Pts',(37.,-13.268749531968,-7.87739550984656));
#13351=CARTESIAN_POINT('Ctrl Pts',(37.,-13.2875230535865,-7.75355339050293));
#13352=CARTESIAN_POINT('',(35.,-13.2226684316993,-8.66152048110962));
#13353=CARTESIAN_POINT('Origin',(35.,-13.2226684316993,-9.137122631073));
#13354=CARTESIAN_POINT('',(35.,-13.2226684316993,-17.0685613155365));
#13355=CARTESIAN_POINT('',(37.,-13.2226684316993,-8.66152048110962));
#13356=CARTESIAN_POINT('Origin',(37.,-32.5000014528632,-2.10500359535217));
#13357=CARTESIAN_POINT('Origin',(35.,-19.9922826513648,6.29215478897095));
#13358=CARTESIAN_POINT('',(35.,-17.7810361608863,6.29215478897095));
#13359=CARTESIAN_POINT('',(35.,-19.9922826513648,6.29215478897095));
#13360=CARTESIAN_POINT('',(35.,-9.9961413256824,6.29215478897095));
#13361=CARTESIAN_POINT('',(37.,-17.7810361608863,6.29215478897095));
#13362=CARTESIAN_POINT('',(35.,-17.7810361608863,6.29215478897095));
#13363=CARTESIAN_POINT('',(37.,-19.9922826513648,6.29215478897095));
#13364=CARTESIAN_POINT('',(37.,-17.7810361608863,6.29215478897095));
#13365=CARTESIAN_POINT('',(35.,-19.9922826513648,6.29215478897095));
#13366=CARTESIAN_POINT('Origin',(35.,-19.9922826513648,6.7368745803833));
#13367=CARTESIAN_POINT('',(35.,-19.9922826513648,6.7368745803833));
#13368=CARTESIAN_POINT('',(35.,-19.9922826513648,-9.13156270980835));
#13369=CARTESIAN_POINT('',(37.,-19.9922826513648,6.7368745803833));
#13370=CARTESIAN_POINT('',(37.,-19.9922826513648,6.29215478897095));
#13371=CARTESIAN_POINT('',(35.,-19.9922826513648,6.7368745803833));
#13372=CARTESIAN_POINT('Ctrl Pts',(35.,-20.0571325048804,7.45645403862));
#13373=CARTESIAN_POINT('Ctrl Pts',(37.,-20.0571325048804,7.45645403862));
#13374=CARTESIAN_POINT('Ctrl Pts',(35.,-20.0385527923768,7.3715329151158));
#13375=CARTESIAN_POINT('Ctrl Pts',(37.,-20.0385527923768,7.3715329151158));
#13376=CARTESIAN_POINT('Ctrl Pts',(35.,-19.986812278803,7.13504580356858));
#13377=CARTESIAN_POINT('Ctrl Pts',(37.,-19.986812278803,7.13504580356858));
#13378=CARTESIAN_POINT('Ctrl Pts',(35.,-19.9901460303117,6.89239251057404));
#13379=CARTESIAN_POINT('Ctrl Pts',(37.,-19.9901460303117,6.89239251057404));
#13380=CARTESIAN_POINT('Ctrl Pts',(35.,-19.9922826513648,6.7368745803833));
#13381=CARTESIAN_POINT('Ctrl Pts',(37.,-19.9922826513648,6.7368745803833));
#13382=CARTESIAN_POINT('',(35.,-20.0571325048804,7.45645403862));
#13383=CARTESIAN_POINT('Ctrl Pts',(35.,-19.9922826513648,6.7368745803833));
#13384=CARTESIAN_POINT('Ctrl Pts',(35.,-19.9901460303117,6.89239251057404));
#13385=CARTESIAN_POINT('Ctrl Pts',(35.,-19.986812278803,7.13504580356858));
#13386=CARTESIAN_POINT('Ctrl Pts',(35.,-20.0385527923768,7.3715329151158));
#13387=CARTESIAN_POINT('Ctrl Pts',(35.,-20.0571325048804,7.45645403862));
#13388=CARTESIAN_POINT('',(37.,-20.0571325048804,7.45645403862));
#13389=CARTESIAN_POINT('Ctrl Pts',(37.,-20.0571325048804,7.45645403862));
#13390=CARTESIAN_POINT('Ctrl Pts',(37.,-20.0385527923768,7.3715329151158));
#13391=CARTESIAN_POINT('Ctrl Pts',(37.,-19.986812278803,7.13504580356858));
#13392=CARTESIAN_POINT('Ctrl Pts',(37.,-19.9901460303117,6.89239251057404));
#13393=CARTESIAN_POINT('Ctrl Pts',(37.,-19.9922826513648,6.7368745803833));
#13394=CARTESIAN_POINT('',(35.,-20.0571325048804,7.45645403862));
#13395=CARTESIAN_POINT('Ctrl Pts',(35.,-20.381410382688,7.60778188705445));
#13396=CARTESIAN_POINT('Ctrl Pts',(37.,-20.381410382688,7.60778188705445));
#13397=CARTESIAN_POINT('Ctrl Pts',(35.,-20.3054956989887,7.60599256229514));
#13398=CARTESIAN_POINT('Ctrl Pts',(37.,-20.3054956989887,7.60599256229514));
#13399=CARTESIAN_POINT('Ctrl Pts',(35.,-20.1726819341589,7.60286211445282));
#13400=CARTESIAN_POINT('Ctrl Pts',(37.,-20.1726819341589,7.60286211445282));
#13401=CARTESIAN_POINT('Ctrl Pts',(35.,-20.0917883360015,7.50036506079042));
#13402=CARTESIAN_POINT('Ctrl Pts',(37.,-20.0917883360015,7.50036506079042));
#13403=CARTESIAN_POINT('Ctrl Pts',(35.,-20.0571325048804,7.45645403862));
#13404=CARTESIAN_POINT('Ctrl Pts',(37.,-20.0571325048804,7.45645403862));
#13405=CARTESIAN_POINT('',(35.,-20.381410382688,7.60778188705445));
#13406=CARTESIAN_POINT('Ctrl Pts',(35.,-20.0571325048804,7.45645403862));
#13407=CARTESIAN_POINT('Ctrl Pts',(35.,-20.0917883360015,7.50036506079042));
#13408=CARTESIAN_POINT('Ctrl Pts',(35.,-20.1726819341589,7.60286211445282));
#13409=CARTESIAN_POINT('Ctrl Pts',(35.,-20.3054956989887,7.60599256229514));
#13410=CARTESIAN_POINT('Ctrl Pts',(35.,-20.381410382688,7.60778188705445));
#13411=CARTESIAN_POINT('',(37.,-20.381410382688,7.60778188705445));
#13412=CARTESIAN_POINT('Ctrl Pts',(37.,-20.381410382688,7.60778188705445));
#13413=CARTESIAN_POINT('Ctrl Pts',(37.,-20.3054956989887,7.60599256229514));
#13414=CARTESIAN_POINT('Ctrl Pts',(37.,-20.1726819341589,7.60286211445282));
#13415=CARTESIAN_POINT('Ctrl Pts',(37.,-20.0917883360015,7.50036506079042));
#13416=CARTESIAN_POINT('Ctrl Pts',(37.,-20.0571325048804,7.45645403862));
#13417=CARTESIAN_POINT('',(35.,-20.381410382688,7.60778188705445));
#13418=CARTESIAN_POINT('Ctrl Pts',(35.,-20.6964185461402,7.46880769729614));
#13419=CARTESIAN_POINT('Ctrl Pts',(37.,-20.6964185461402,7.46880769729614));
#13420=CARTESIAN_POINT('Ctrl Pts',(35.,-20.6553015608166,7.50930836726047));
#13421=CARTESIAN_POINT('Ctrl Pts',(37.,-20.6553015608166,7.50930836726047));
#13422=CARTESIAN_POINT('Ctrl Pts',(35.,-20.5683060751188,7.59499985040079));
#13423=CARTESIAN_POINT('Ctrl Pts',(37.,-20.5683060751188,7.59499985040079));
#13424=CARTESIAN_POINT('Ctrl Pts',(35.,-20.4459414045126,7.60336852751934));
#13425=CARTESIAN_POINT('Ctrl Pts',(37.,-20.4459414045126,7.60336852751934));
#13426=CARTESIAN_POINT('Ctrl Pts',(35.,-20.381410382688,7.60778188705445));
#13427=CARTESIAN_POINT('Ctrl Pts',(37.,-20.381410382688,7.60778188705445));
#13428=CARTESIAN_POINT('',(35.,-20.6964185461402,7.46880769729614));
#13429=CARTESIAN_POINT('Ctrl Pts',(35.,-20.381410382688,7.60778188705445));
#13430=CARTESIAN_POINT('Ctrl Pts',(35.,-20.4459414045126,7.60336852751934));
#13431=CARTESIAN_POINT('Ctrl Pts',(35.,-20.5683060751188,7.59499985040079));
#13432=CARTESIAN_POINT('Ctrl Pts',(35.,-20.6553015608166,7.50930836726047));
#13433=CARTESIAN_POINT('Ctrl Pts',(35.,-20.6964185461402,7.46880769729614));
#13434=CARTESIAN_POINT('',(37.,-20.6964185461402,7.46880769729614));
#13435=CARTESIAN_POINT('Ctrl Pts',(37.,-20.6964185461402,7.46880769729614));
#13436=CARTESIAN_POINT('Ctrl Pts',(37.,-20.6553015608166,7.50930836726047));
#13437=CARTESIAN_POINT('Ctrl Pts',(37.,-20.5683060751188,7.59499985040079));
#13438=CARTESIAN_POINT('Ctrl Pts',(37.,-20.4459414045126,7.60336852751934));
#13439=CARTESIAN_POINT('Ctrl Pts',(37.,-20.381410382688,7.60778188705445));
#13440=CARTESIAN_POINT('',(35.,-20.6964185461402,7.46880769729614));
#13441=CARTESIAN_POINT('Ctrl Pts',(35.,-20.8014228567481,7.05188274383545));
#13442=CARTESIAN_POINT('Ctrl Pts',(37.,-20.8014228567481,7.05188274383545));
#13443=CARTESIAN_POINT('Ctrl Pts',(35.,-20.7996733411464,7.13486345705914));
#13444=CARTESIAN_POINT('Ctrl Pts',(37.,-20.7996733411464,7.13486345705914));
#13445=CARTESIAN_POINT('Ctrl Pts',(35.,-20.7965596873399,7.28254617183251));
#13446=CARTESIAN_POINT('Ctrl Pts',(37.,-20.7965596873399,7.28254617183251));
#13447=CARTESIAN_POINT('Ctrl Pts',(35.,-20.7269260722243,7.41206400256219));
#13448=CARTESIAN_POINT('Ctrl Pts',(37.,-20.7269260722243,7.41206400256219));
#13449=CARTESIAN_POINT('Ctrl Pts',(35.,-20.6964185461402,7.46880769729614));
#13450=CARTESIAN_POINT('Ctrl Pts',(37.,-20.6964185461402,7.46880769729614));
#13451=CARTESIAN_POINT('',(35.,-20.8014228567481,7.05188274383545));
#13452=CARTESIAN_POINT('Ctrl Pts',(35.,-20.6964185461402,7.46880769729614));
#13453=CARTESIAN_POINT('Ctrl Pts',(35.,-20.7269260722243,7.41206400256219));
#13454=CARTESIAN_POINT('Ctrl Pts',(35.,-20.7965596873399,7.28254617183251));
#13455=CARTESIAN_POINT('Ctrl Pts',(35.,-20.7996733411464,7.13486345705914));
#13456=CARTESIAN_POINT('Ctrl Pts',(35.,-20.8014228567481,7.05188274383545));
#13457=CARTESIAN_POINT('',(37.,-20.8014228567481,7.05188274383545));
#13458=CARTESIAN_POINT('Ctrl Pts',(37.,-20.8014228567481,7.05188274383545));
#13459=CARTESIAN_POINT('Ctrl Pts',(37.,-20.7996733411464,7.13486345705914));
#13460=CARTESIAN_POINT('Ctrl Pts',(37.,-20.7965596873399,7.28254617183251));
#13461=CARTESIAN_POINT('Ctrl Pts',(37.,-20.7269260722243,7.41206400256219));
#13462=CARTESIAN_POINT('Ctrl Pts',(37.,-20.6964185461402,7.46880769729614));
#13463=CARTESIAN_POINT('',(35.,-20.8014228567481,7.05188274383545));
#13464=CARTESIAN_POINT('Ctrl Pts',(35.,-20.7489207014441,6.49907350540161));
#13465=CARTESIAN_POINT('Ctrl Pts',(37.,-20.7489207014441,6.49907350540161));
#13466=CARTESIAN_POINT('Ctrl Pts',(35.,-20.7641193125596,6.57425857512237));
#13467=CARTESIAN_POINT('Ctrl Pts',(37.,-20.7641193125596,6.57425857512237));
#13468=CARTESIAN_POINT('Ctrl Pts',(35.,-20.800952510887,6.75646644683199));
#13469=CARTESIAN_POINT('Ctrl Pts',(37.,-20.800952510887,6.75646644683199));
#13470=CARTESIAN_POINT('Ctrl Pts',(35.,-20.8012488166599,6.94257110183636));
#13471=CARTESIAN_POINT('Ctrl Pts',(37.,-20.8012488166599,6.94257110183636));
#13472=CARTESIAN_POINT('Ctrl Pts',(35.,-20.8014228567481,7.05188274383545));
#13473=CARTESIAN_POINT('Ctrl Pts',(37.,-20.8014228567481,7.05188274383545));
#13474=CARTESIAN_POINT('',(35.,-20.7489207014441,6.49907350540161));
#13475=CARTESIAN_POINT('Ctrl Pts',(35.,-20.8014228567481,7.05188274383545));
#13476=CARTESIAN_POINT('Ctrl Pts',(35.,-20.8012488166599,6.94257110183636));
#13477=CARTESIAN_POINT('Ctrl Pts',(35.,-20.800952510887,6.75646644683199));
#13478=CARTESIAN_POINT('Ctrl Pts',(35.,-20.7641193125596,6.57425857512237));
#13479=CARTESIAN_POINT('Ctrl Pts',(35.,-20.7489207014441,6.49907350540161));
#13480=CARTESIAN_POINT('',(37.,-20.7489207014441,6.49907350540161));
#13481=CARTESIAN_POINT('Ctrl Pts',(37.,-20.7489207014441,6.49907350540161));
#13482=CARTESIAN_POINT('Ctrl Pts',(37.,-20.7641193125596,6.57425857512237));
#13483=CARTESIAN_POINT('Ctrl Pts',(37.,-20.800952510887,6.75646644683199));
#13484=CARTESIAN_POINT('Ctrl Pts',(37.,-20.8012488166599,6.94257110183636));
#13485=CARTESIAN_POINT('Ctrl Pts',(37.,-20.8014228567481,7.05188274383545));
#13486=CARTESIAN_POINT('',(35.,-20.7489207014441,6.49907350540161));
#13487=CARTESIAN_POINT('Ctrl Pts',(35.,-20.433912537992,6.11303210258484));
#13488=CARTESIAN_POINT('Ctrl Pts',(37.,-20.433912537992,6.11303210258484));
#13489=CARTESIAN_POINT('Ctrl Pts',(35.,-20.510279753125,6.17524550299105));
#13490=CARTESIAN_POINT('Ctrl Pts',(37.,-20.510279753125,6.17524550299105));
#13491=CARTESIAN_POINT('Ctrl Pts',(35.,-20.6423547026705,6.28284182826496));
#13492=CARTESIAN_POINT('Ctrl Pts',(37.,-20.6423547026705,6.28284182826496));
#13493=CARTESIAN_POINT('Ctrl Pts',(35.,-20.7173067622248,6.4349260739792));
#13494=CARTESIAN_POINT('Ctrl Pts',(37.,-20.7173067622248,6.4349260739792));
#13495=CARTESIAN_POINT('Ctrl Pts',(35.,-20.7489207014441,6.49907350540161));
#13496=CARTESIAN_POINT('Ctrl Pts',(37.,-20.7489207014441,6.49907350540161));
#13497=CARTESIAN_POINT('',(35.,-20.433912537992,6.11303210258484));
#13498=CARTESIAN_POINT('Ctrl Pts',(35.,-20.7489207014441,6.49907350540161));
#13499=CARTESIAN_POINT('Ctrl Pts',(35.,-20.7173067622248,6.4349260739792));
#13500=CARTESIAN_POINT('Ctrl Pts',(35.,-20.6423547026705,6.28284182826496));
#13501=CARTESIAN_POINT('Ctrl Pts',(35.,-20.510279753125,6.17524550299105));
#13502=CARTESIAN_POINT('Ctrl Pts',(35.,-20.433912537992,6.11303210258484));
#13503=CARTESIAN_POINT('',(37.,-20.433912537992,6.11303210258484));
#13504=CARTESIAN_POINT('Ctrl Pts',(37.,-20.433912537992,6.11303210258484));
#13505=CARTESIAN_POINT('Ctrl Pts',(37.,-20.510279753125,6.17524550299105));
#13506=CARTESIAN_POINT('Ctrl Pts',(37.,-20.6423547026705,6.28284182826496));
#13507=CARTESIAN_POINT('Ctrl Pts',(37.,-20.7173067622248,6.4349260739792));
#13508=CARTESIAN_POINT('Ctrl Pts',(37.,-20.7489207014441,6.49907350540161));
#13509=CARTESIAN_POINT('',(35.,-20.433912537992,6.11303210258484));
#13510=CARTESIAN_POINT('Ctrl Pts',(35.,-19.3560865148902,5.50154447555542));
#13511=CARTESIAN_POINT('Ctrl Pts',(37.,-19.3560865148902,5.50154447555542));
#13512=CARTESIAN_POINT('Ctrl Pts',(35.,-19.585357457834,5.61328007723498));
#13513=CARTESIAN_POINT('Ctrl Pts',(37.,-19.585357457834,5.61328007723498));
#13514=CARTESIAN_POINT('Ctrl Pts',(35.,-19.9576491704185,5.79471710528497));
#13515=CARTESIAN_POINT('Ctrl Pts',(37.,-19.9576491704185,5.79471710528497));
#13516=CARTESIAN_POINT('Ctrl Pts',(35.,-20.3017295311145,6.0246863755312));
#13517=CARTESIAN_POINT('Ctrl Pts',(37.,-20.3017295311145,6.0246863755312));
#13518=CARTESIAN_POINT('Ctrl Pts',(35.,-20.433912537992,6.11303210258484));
#13519=CARTESIAN_POINT('Ctrl Pts',(37.,-20.433912537992,6.11303210258484));
#13520=CARTESIAN_POINT('',(35.,-19.3560865148902,5.50154447555542));
#13521=CARTESIAN_POINT('Ctrl Pts',(35.,-20.433912537992,6.11303210258484));
#13522=CARTESIAN_POINT('Ctrl Pts',(35.,-20.3017295311145,6.0246863755312));
#13523=CARTESIAN_POINT('Ctrl Pts',(35.,-19.9576491704185,5.79471710528497));
#13524=CARTESIAN_POINT('Ctrl Pts',(35.,-19.585357457834,5.61328007723498));
#13525=CARTESIAN_POINT('Ctrl Pts',(35.,-19.3560865148902,5.50154447555542));
#13526=CARTESIAN_POINT('',(37.,-19.3560865148902,5.50154447555542));
#13527=CARTESIAN_POINT('Ctrl Pts',(37.,-19.3560865148902,5.50154447555542));
#13528=CARTESIAN_POINT('Ctrl Pts',(37.,-19.585357457834,5.61328007723498));
#13529=CARTESIAN_POINT('Ctrl Pts',(37.,-19.9576491704185,5.79471710528497));
#13530=CARTESIAN_POINT('Ctrl Pts',(37.,-20.3017295311145,6.0246863755312));
#13531=CARTESIAN_POINT('Ctrl Pts',(37.,-20.433912537992,6.11303210258484));
#13532=CARTESIAN_POINT('',(35.,-19.3560865148902,5.50154447555542));
#13533=CARTESIAN_POINT('Ctrl Pts',(35.,-17.9292752966285,4.50092554092407));
#13534=CARTESIAN_POINT('Ctrl Pts',(37.,-17.9292752966285,4.50092554092407));
#13535=CARTESIAN_POINT('Ctrl Pts',(35.,-18.0983639155733,4.6713283864451));
#13536=CARTESIAN_POINT('Ctrl Pts',(37.,-18.0983639155733,4.6713283864451));
#13537=CARTESIAN_POINT('Ctrl Pts',(35.,-18.51254055825,5.08872418103444));
#13538=CARTESIAN_POINT('Ctrl Pts',(37.,-18.51254055825,5.08872418103444));
#13539=CARTESIAN_POINT('Ctrl Pts',(35.,-19.0424901370254,5.34807453351871));
#13540=CARTESIAN_POINT('Ctrl Pts',(37.,-19.0424901370254,5.34807453351871));
#13541=CARTESIAN_POINT('Ctrl Pts',(35.,-19.3560865148902,5.50154447555542));
#13542=CARTESIAN_POINT('Ctrl Pts',(37.,-19.3560865148902,5.50154447555542));
#13543=CARTESIAN_POINT('',(35.,-17.9292752966285,4.50092554092407));
#13544=CARTESIAN_POINT('Ctrl Pts',(35.,-19.3560865148902,5.50154447555542));
#13545=CARTESIAN_POINT('Ctrl Pts',(35.,-19.0424901370254,5.34807453351871));
#13546=CARTESIAN_POINT('Ctrl Pts',(35.,-18.51254055825,5.08872418103444));
#13547=CARTESIAN_POINT('Ctrl Pts',(35.,-18.0983639155733,4.6713283864451));
#13548=CARTESIAN_POINT('Ctrl Pts',(35.,-17.9292752966285,4.50092554092407));
#13549=CARTESIAN_POINT('',(37.,-17.9292752966285,4.50092554092407));
#13550=CARTESIAN_POINT('Ctrl Pts',(37.,-17.9292752966285,4.50092554092407));
#13551=CARTESIAN_POINT('Ctrl Pts',(37.,-18.0983639155733,4.6713283864451));
#13552=CARTESIAN_POINT('Ctrl Pts',(37.,-18.51254055825,5.08872418103444));
#13553=CARTESIAN_POINT('Ctrl Pts',(37.,-19.0424901370254,5.34807453351871));
#13554=CARTESIAN_POINT('Ctrl Pts',(37.,-19.3560865148902,5.50154447555542));
#13555=CARTESIAN_POINT('',(35.,-17.9292752966285,4.50092554092407));
#13556=CARTESIAN_POINT('Ctrl Pts',(35.,-17.5895622000098,3.13588619232178));
#13557=CARTESIAN_POINT('Ctrl Pts',(37.,-17.5895622000098,3.13588619232178));
#13558=CARTESIAN_POINT('Ctrl Pts',(35.,-17.5959304989106,3.40478874578173));
#13559=CARTESIAN_POINT('Ctrl Pts',(37.,-17.5959304989106,3.40478874578173));
#13560=CARTESIAN_POINT('Ctrl Pts',(35.,-17.6073525914472,3.88708863415488));
#13561=CARTESIAN_POINT('Ctrl Pts',(37.,-17.6073525914472,3.88708863415488));
#13562=CARTESIAN_POINT('Ctrl Pts',(35.,-17.8305291107386,4.31263794167633));
#13563=CARTESIAN_POINT('Ctrl Pts',(37.,-17.8305291107386,4.31263794167633));
#13564=CARTESIAN_POINT('Ctrl Pts',(35.,-17.9292752966285,4.50092554092407));
#13565=CARTESIAN_POINT('Ctrl Pts',(37.,-17.9292752966285,4.50092554092407));
#13566=CARTESIAN_POINT('',(35.,-17.5895622000098,3.13588619232178));
#13567=CARTESIAN_POINT('Ctrl Pts',(35.,-17.9292752966285,4.50092554092407));
#13568=CARTESIAN_POINT('Ctrl Pts',(35.,-17.8305291107386,4.31263794167633));
#13569=CARTESIAN_POINT('Ctrl Pts',(35.,-17.6073525914472,3.88708863415488));
#13570=CARTESIAN_POINT('Ctrl Pts',(35.,-17.5959304989106,3.40478874578173));
#13571=CARTESIAN_POINT('Ctrl Pts',(35.,-17.5895622000098,3.13588619232178));
#13572=CARTESIAN_POINT('',(37.,-17.5895622000098,3.13588619232178));
#13573=CARTESIAN_POINT('Ctrl Pts',(37.,-17.5895622000098,3.13588619232178));
#13574=CARTESIAN_POINT('Ctrl Pts',(37.,-17.5959304989106,3.40478874578173));
#13575=CARTESIAN_POINT('Ctrl Pts',(37.,-17.6073525914472,3.88708863415488));
#13576=CARTESIAN_POINT('Ctrl Pts',(37.,-17.8305291107386,4.31263794167633));
#13577=CARTESIAN_POINT('Ctrl Pts',(37.,-17.9292752966285,4.50092554092407));
#13578=CARTESIAN_POINT('',(35.,-17.5895622000098,3.13588619232178));
#13579=CARTESIAN_POINT('Ctrl Pts',(35.,-17.8489854559302,1.62569522857666));
#13580=CARTESIAN_POINT('Ctrl Pts',(37.,-17.8489854559302,1.62569522857666));
#13581=CARTESIAN_POINT('Ctrl Pts',(35.,-17.7737005821522,1.83450938506928));
#13582=CARTESIAN_POINT('Ctrl Pts',(37.,-17.7737005821522,1.83450938506928));
#13583=CARTESIAN_POINT('Ctrl Pts',(35.,-17.5982488974776,2.32115157096934));
#13584=CARTESIAN_POINT('Ctrl Pts',(37.,-17.5982488974776,2.32115157096934));
#13585=CARTESIAN_POINT('Ctrl Pts',(35.,-17.5927191680528,2.83979079212451));
#13586=CARTESIAN_POINT('Ctrl Pts',(37.,-17.5927191680528,2.83979079212451));
#13587=CARTESIAN_POINT('Ctrl Pts',(35.,-17.5895622000098,3.13588619232178));
#13588=CARTESIAN_POINT('Ctrl Pts',(37.,-17.5895622000098,3.13588619232178));
#13589=CARTESIAN_POINT('',(35.,-17.8489854559302,1.62569522857666));
#13590=CARTESIAN_POINT('Ctrl Pts',(35.,-17.5895622000098,3.13588619232178));
#13591=CARTESIAN_POINT('Ctrl Pts',(35.,-17.5927191680528,2.83979079212451));
#13592=CARTESIAN_POINT('Ctrl Pts',(35.,-17.5982488974776,2.32115157096934));
#13593=CARTESIAN_POINT('Ctrl Pts',(35.,-17.7737005821522,1.83450938506928));
#13594=CARTESIAN_POINT('Ctrl Pts',(35.,-17.8489854559302,1.62569522857666));
#13595=CARTESIAN_POINT('',(37.,-17.8489854559302,1.62569522857666));
#13596=CARTESIAN_POINT('Ctrl Pts',(37.,-17.8489854559302,1.62569522857666));
#13597=CARTESIAN_POINT('Ctrl Pts',(37.,-17.7737005821522,1.83450938506928));
#13598=CARTESIAN_POINT('Ctrl Pts',(37.,-17.5982488974776,2.32115157096934));
#13599=CARTESIAN_POINT('Ctrl Pts',(37.,-17.5927191680528,2.83979079212451));
#13600=CARTESIAN_POINT('Ctrl Pts',(37.,-17.5895622000098,3.13588619232178));
#13601=CARTESIAN_POINT('',(35.,-17.8489854559302,1.62569522857666));
#13602=CARTESIAN_POINT('Ctrl Pts',(35.,-18.7168004736304,0.841259956359863));
#13603=CARTESIAN_POINT('Ctrl Pts',(37.,-18.7168004736304,0.841259956359863));
#13604=CARTESIAN_POINT('Ctrl Pts',(35.,-18.5305752108936,0.938805763122317));
#13605=CARTESIAN_POINT('Ctrl Pts',(37.,-18.5305752108936,0.938805763122317));
#13606=CARTESIAN_POINT('Ctrl Pts',(35.,-18.1731713335721,1.12601586040443));
#13607=CARTESIAN_POINT('Ctrl Pts',(37.,-18.1731713335721,1.12601586040443));
#13608=CARTESIAN_POINT('Ctrl Pts',(35.,-17.9539713195417,1.46387673611809));
#13609=CARTESIAN_POINT('Ctrl Pts',(37.,-17.9539713195417,1.46387673611809));
#13610=CARTESIAN_POINT('Ctrl Pts',(35.,-17.8489854559302,1.62569522857666));
#13611=CARTESIAN_POINT('Ctrl Pts',(37.,-17.8489854559302,1.62569522857666));
#13612=CARTESIAN_POINT('',(35.,-18.7168004736304,0.841259956359863));
#13613=CARTESIAN_POINT('Ctrl Pts',(35.,-17.8489854559302,1.62569522857666));
#13614=CARTESIAN_POINT('Ctrl Pts',(35.,-17.9539713195417,1.46387673611809));
#13615=CARTESIAN_POINT('Ctrl Pts',(35.,-18.1731713335721,1.12601586040443));
#13616=CARTESIAN_POINT('Ctrl Pts',(35.,-18.5305752108936,0.938805763122317));
#13617=CARTESIAN_POINT('Ctrl Pts',(35.,-18.7168004736304,0.841259956359863));
#13618=CARTESIAN_POINT('',(37.,-18.7168004736304,0.841259956359863));
#13619=CARTESIAN_POINT('Ctrl Pts',(37.,-18.7168004736304,0.841259956359863));
#13620=CARTESIAN_POINT('Ctrl Pts',(37.,-18.5305752108936,0.938805763122317));
#13621=CARTESIAN_POINT('Ctrl Pts',(37.,-18.1731713335721,1.12601586040443));
#13622=CARTESIAN_POINT('Ctrl Pts',(37.,-17.9539713195417,1.46387673611809));
#13623=CARTESIAN_POINT('Ctrl Pts',(37.,-17.8489854559302,1.62569522857666));
#13624=CARTESIAN_POINT('',(35.,-18.7168004736304,0.841259956359863));
#13625=CARTESIAN_POINT('Ctrl Pts',(35.,-20.1837566122413,0.566399097442627));
#13626=CARTESIAN_POINT('Ctrl Pts',(37.,-20.1837566122413,0.566399097442627));
#13627=CARTESIAN_POINT('Ctrl Pts',(35.,-19.9155537027477,0.574580678368299));
#13628=CARTESIAN_POINT('Ctrl Pts',(37.,-19.9155537027477,0.574580678368299));
#13629=CARTESIAN_POINT('Ctrl Pts',(35.,-19.411737380081,0.589949691416507));
#13630=CARTESIAN_POINT('Ctrl Pts',(37.,-19.411737380081,0.589949691416507));
#13631=CARTESIAN_POINT('Ctrl Pts',(35.,-18.9382366000567,0.761181936206268));
#13632=CARTESIAN_POINT('Ctrl Pts',(37.,-18.9382366000567,0.761181936206268));
#13633=CARTESIAN_POINT('Ctrl Pts',(35.,-18.7168004736304,0.841259956359863));
#13634=CARTESIAN_POINT('Ctrl Pts',(37.,-18.7168004736304,0.841259956359863));
#13635=CARTESIAN_POINT('',(35.,-20.1837566122413,0.566399097442627));
#13636=CARTESIAN_POINT('Ctrl Pts',(35.,-18.7168004736304,0.841259956359863));
#13637=CARTESIAN_POINT('Ctrl Pts',(35.,-18.9382366000567,0.761181936206268));
#13638=CARTESIAN_POINT('Ctrl Pts',(35.,-19.411737380081,0.589949691416507));
#13639=CARTESIAN_POINT('Ctrl Pts',(35.,-19.9155537027477,0.574580678368299));
#13640=CARTESIAN_POINT('Ctrl Pts',(35.,-20.1837566122413,0.566399097442627));
#13641=CARTESIAN_POINT('',(37.,-20.1837566122413,0.566399097442627));
#13642=CARTESIAN_POINT('Ctrl Pts',(37.,-20.1837566122413,0.566399097442627));
#13643=CARTESIAN_POINT('Ctrl Pts',(37.,-19.9155537027477,0.574580678368299));
#13644=CARTESIAN_POINT('Ctrl Pts',(37.,-19.411737380081,0.589949691416507));
#13645=CARTESIAN_POINT('Ctrl Pts',(37.,-18.9382366000567,0.761181936206268));
#13646=CARTESIAN_POINT('Ctrl Pts',(37.,-18.7168004736304,0.841259956359863));
#13647=CARTESIAN_POINT('',(35.,-20.1837566122413,0.566399097442627));
#13648=CARTESIAN_POINT('Ctrl Pts',(35.,-21.8113043531775,0.862877368927002));
#13649=CARTESIAN_POINT('Ctrl Pts',(37.,-21.8113043531775,0.862877368927002));
#13650=CARTESIAN_POINT('Ctrl Pts',(35.,-21.5652693721937,0.776502487466737));
#13651=CARTESIAN_POINT('Ctrl Pts',(37.,-21.5652693721937,0.776502487466737));
#13652=CARTESIAN_POINT('Ctrl Pts',(35.,-21.039004125674,0.591747872074153));
#13653=CARTESIAN_POINT('Ctrl Pts',(37.,-21.039004125674,0.591747872074153));
#13654=CARTESIAN_POINT('Ctrl Pts',(35.,-20.480926570667,0.575206950356644));
#13655=CARTESIAN_POINT('Ctrl Pts',(37.,-20.480926570667,0.575206950356644));
#13656=CARTESIAN_POINT('Ctrl Pts',(35.,-20.1837566122413,0.566399097442627));
#13657=CARTESIAN_POINT('Ctrl Pts',(37.,-20.1837566122413,0.566399097442627));
#13658=CARTESIAN_POINT('',(35.,-21.8113043531775,0.862877368927002));
#13659=CARTESIAN_POINT('Ctrl Pts',(35.,-20.1837566122413,0.566399097442627));
#13660=CARTESIAN_POINT('Ctrl Pts',(35.,-20.480926570667,0.575206950356644));
#13661=CARTESIAN_POINT('Ctrl Pts',(35.,-21.039004125674,0.591747872074153));
#13662=CARTESIAN_POINT('Ctrl Pts',(35.,-21.5652693721937,0.776502487466737));
#13663=CARTESIAN_POINT('Ctrl Pts',(35.,-21.8113043531775,0.862877368927002));
#13664=CARTESIAN_POINT('',(37.,-21.8113043531775,0.862877368927002));
#13665=CARTESIAN_POINT('Ctrl Pts',(37.,-21.8113043531775,0.862877368927002));
#13666=CARTESIAN_POINT('Ctrl Pts',(37.,-21.5652693721937,0.776502487466737));
#13667=CARTESIAN_POINT('Ctrl Pts',(37.,-21.039004125674,0.591747872074153));
#13668=CARTESIAN_POINT('Ctrl Pts',(37.,-20.480926570667,0.575206950356644));
#13669=CARTESIAN_POINT('Ctrl Pts',(37.,-20.1837566122413,0.566399097442627));
#13670=CARTESIAN_POINT('',(35.,-21.8113043531775,0.862877368927002));
#13671=CARTESIAN_POINT('Ctrl Pts',(35.,-22.7408912405372,1.66584253311157));
#13672=CARTESIAN_POINT('Ctrl Pts',(37.,-22.7408912405372,1.66584253311157));
#13673=CARTESIAN_POINT('Ctrl Pts',(35.,-22.6316354131044,1.50276290797453));
#13674=CARTESIAN_POINT('Ctrl Pts',(37.,-22.6316354131044,1.50276290797453));
#13675=CARTESIAN_POINT('Ctrl Pts',(35.,-22.3961272272956,1.1512339546832));
#13676=CARTESIAN_POINT('Ctrl Pts',(37.,-22.3961272272956,1.1512339546832));
#13677=CARTESIAN_POINT('Ctrl Pts',(35.,-22.0154041873816,0.963512166143552));
#13678=CARTESIAN_POINT('Ctrl Pts',(37.,-22.0154041873816,0.963512166143552));
#13679=CARTESIAN_POINT('Ctrl Pts',(35.,-21.8113043531775,0.862877368927002));
#13680=CARTESIAN_POINT('Ctrl Pts',(37.,-21.8113043531775,0.862877368927002));
#13681=CARTESIAN_POINT('',(35.,-22.7408912405372,1.66584253311157));
#13682=CARTESIAN_POINT('Ctrl Pts',(35.,-21.8113043531775,0.862877368927002));
#13683=CARTESIAN_POINT('Ctrl Pts',(35.,-22.0154041873816,0.963512166143552));
#13684=CARTESIAN_POINT('Ctrl Pts',(35.,-22.3961272272956,1.1512339546832));
#13685=CARTESIAN_POINT('Ctrl Pts',(35.,-22.6316354131044,1.50276290797453));
#13686=CARTESIAN_POINT('Ctrl Pts',(35.,-22.7408912405372,1.66584253311157));
#13687=CARTESIAN_POINT('',(37.,-22.7408912405372,1.66584253311157));
#13688=CARTESIAN_POINT('Ctrl Pts',(37.,-22.7408912405372,1.66584253311157));
#13689=CARTESIAN_POINT('Ctrl Pts',(37.,-22.6316354131044,1.50276290797453));
#13690=CARTESIAN_POINT('Ctrl Pts',(37.,-22.3961272272956,1.1512339546832));
#13691=CARTESIAN_POINT('Ctrl Pts',(37.,-22.0154041873816,0.963512166143552));
#13692=CARTESIAN_POINT('Ctrl Pts',(37.,-21.8113043531775,0.862877368927002));
#13693=CARTESIAN_POINT('',(35.,-22.7408912405372,1.66584253311157));
#13694=CARTESIAN_POINT('Ctrl Pts',(35.,-22.9941346868873,3.19765210151673));
#13695=CARTESIAN_POINT('Ctrl Pts',(37.,-22.9941346868873,3.19765210151673));
#13696=CARTESIAN_POINT('Ctrl Pts',(35.,-22.991575226553,2.895732445038));
#13697=CARTESIAN_POINT('Ctrl Pts',(37.,-22.991575226553,2.895732445038));
#13698=CARTESIAN_POINT('Ctrl Pts',(35.,-22.9871231017551,2.37054986199289));
#13699=CARTESIAN_POINT('Ctrl Pts',(37.,-22.9871231017551,2.37054986199289));
#13700=CARTESIAN_POINT('Ctrl Pts',(35.,-22.8143427413391,1.87605826504975));
#13701=CARTESIAN_POINT('Ctrl Pts',(37.,-22.8143427413391,1.87605826504975));
#13702=CARTESIAN_POINT('Ctrl Pts',(35.,-22.7408912405372,1.66584253311157));
#13703=CARTESIAN_POINT('Ctrl Pts',(37.,-22.7408912405372,1.66584253311157));
#13704=CARTESIAN_POINT('',(35.,-22.9941346868873,3.19765210151673));
#13705=CARTESIAN_POINT('Ctrl Pts',(35.,-22.7408912405372,1.66584253311157));
#13706=CARTESIAN_POINT('Ctrl Pts',(35.,-22.8143427413391,1.87605826504975));
#13707=CARTESIAN_POINT('Ctrl Pts',(35.,-22.9871231017551,2.37054986199289));
#13708=CARTESIAN_POINT('Ctrl Pts',(35.,-22.991575226553,2.895732445038));
#13709=CARTESIAN_POINT('Ctrl Pts',(35.,-22.9941346868873,3.19765210151673));
#13710=CARTESIAN_POINT('',(37.,-22.9941346868873,3.19765210151673));
#13711=CARTESIAN_POINT('Ctrl Pts',(37.,-22.9941346868873,3.19765210151673));
#13712=CARTESIAN_POINT('Ctrl Pts',(37.,-22.991575226553,2.895732445038));
#13713=CARTESIAN_POINT('Ctrl Pts',(37.,-22.9871231017551,2.37054986199289));
#13714=CARTESIAN_POINT('Ctrl Pts',(37.,-22.8143427413391,1.87605826504975));
#13715=CARTESIAN_POINT('Ctrl Pts',(37.,-22.7408912405372,1.66584253311157));
#13716=CARTESIAN_POINT('',(35.,-22.9941346868873,3.19765210151673));
#13717=CARTESIAN_POINT('Origin',(35.,-22.9941346868873,3.59295845031739));
#13718=CARTESIAN_POINT('',(35.,-22.9941346868873,3.59295845031739));
#13719=CARTESIAN_POINT('',(35.,-22.9941346868873,-10.7035207748413));
#13720=CARTESIAN_POINT('',(37.,-22.9941346868873,3.59295845031739));
#13721=CARTESIAN_POINT('',(37.,-22.9941346868873,3.19765210151673));
#13722=CARTESIAN_POINT('',(35.,-22.9941346868873,3.59295845031739));
#13723=CARTESIAN_POINT('Origin',(35.,-20.7828929647803,3.59295845031739));
#13724=CARTESIAN_POINT('',(35.,-20.7828929647803,3.59295845031739));
#13725=CARTESIAN_POINT('',(35.,-10.3914464823902,3.59295845031738));
#13726=CARTESIAN_POINT('',(37.,-20.7828929647803,3.59295845031739));
#13727=CARTESIAN_POINT('',(37.,-22.9941346868873,3.59295845031739));
#13728=CARTESIAN_POINT('',(35.,-20.7828929647803,3.59295845031739));
#13729=CARTESIAN_POINT('Origin',(35.,-20.7828929647803,3.07411909103394));
#13730=CARTESIAN_POINT('',(35.,-20.7828929647803,3.07411909103394));
#13731=CARTESIAN_POINT('',(35.,-20.7828929647803,-10.962940454483));
#13732=CARTESIAN_POINT('',(37.,-20.7828929647803,3.07411909103394));
#13733=CARTESIAN_POINT('',(37.,-20.7828929647803,3.59295845031739));
#13734=CARTESIAN_POINT('',(35.,-20.7828929647803,3.07411909103394));
#13735=CARTESIAN_POINT('Ctrl Pts',(35.,-20.6995060667396,2.21556425094604));
#13736=CARTESIAN_POINT('Ctrl Pts',(37.,-20.6995060667396,2.21556425094604));
#13737=CARTESIAN_POINT('Ctrl Pts',(35.,-20.7234524934682,2.3196867097604));
#13738=CARTESIAN_POINT('Ctrl Pts',(37.,-20.7234524934682,2.3196867097604));
#13739=CARTESIAN_POINT('Ctrl Pts',(35.,-20.788264656873,2.60149918605355));
#13740=CARTESIAN_POINT('Ctrl Pts',(37.,-20.788264656873,2.60149918605355));
#13741=CARTESIAN_POINT('Ctrl Pts',(35.,-20.7849702028253,2.89135655913249));
#13742=CARTESIAN_POINT('Ctrl Pts',(37.,-20.7849702028253,2.89135655913249));
#13743=CARTESIAN_POINT('Ctrl Pts',(35.,-20.7828929647803,3.07411909103394));
#13744=CARTESIAN_POINT('Ctrl Pts',(37.,-20.7828929647803,3.07411909103394));
#13745=CARTESIAN_POINT('',(35.,-20.6995060667396,2.21556425094604));
#13746=CARTESIAN_POINT('Ctrl Pts',(35.,-20.7828929647803,3.07411909103394));
#13747=CARTESIAN_POINT('Ctrl Pts',(35.,-20.7849702028253,2.89135655913249));
#13748=CARTESIAN_POINT('Ctrl Pts',(35.,-20.788264656873,2.60149918605355));
#13749=CARTESIAN_POINT('Ctrl Pts',(35.,-20.7234524934682,2.3196867097604));
#13750=CARTESIAN_POINT('Ctrl Pts',(35.,-20.6995060667396,2.21556425094604));
#13751=CARTESIAN_POINT('',(37.,-20.6995060667396,2.21556425094604));
#13752=CARTESIAN_POINT('Ctrl Pts',(37.,-20.6995060667396,2.21556425094604));
#13753=CARTESIAN_POINT('Ctrl Pts',(37.,-20.7234524934682,2.3196867097604));
#13754=CARTESIAN_POINT('Ctrl Pts',(37.,-20.788264656873,2.60149918605355));
#13755=CARTESIAN_POINT('Ctrl Pts',(37.,-20.7849702028253,2.89135655913249));
#13756=CARTESIAN_POINT('Ctrl Pts',(37.,-20.7828929647803,3.07411909103394));
#13757=CARTESIAN_POINT('',(35.,-20.6995060667396,2.21556425094604));
#13758=CARTESIAN_POINT('Ctrl Pts',(35.,-20.369055531919,2.01791286468506));
#13759=CARTESIAN_POINT('Ctrl Pts',(37.,-20.369055531919,2.01791286468506));
#13760=CARTESIAN_POINT('Ctrl Pts',(35.,-20.4438653213432,2.02453567048366));
#13761=CARTESIAN_POINT('Ctrl Pts',(37.,-20.4438653213432,2.02453567048366));
#13762=CARTESIAN_POINT('Ctrl Pts',(35.,-20.5869460855201,2.0372024099833));
#13763=CARTESIAN_POINT('Ctrl Pts',(37.,-20.5869460855201,2.0372024099833));
#13764=CARTESIAN_POINT('Ctrl Pts',(35.,-20.663146869153,2.15794969426963));
#13765=CARTESIAN_POINT('Ctrl Pts',(37.,-20.663146869153,2.15794969426963));
#13766=CARTESIAN_POINT('Ctrl Pts',(35.,-20.6995060667396,2.21556425094604));
#13767=CARTESIAN_POINT('Ctrl Pts',(37.,-20.6995060667396,2.21556425094604));
#13768=CARTESIAN_POINT('',(35.,-20.369055531919,2.01791286468506));
#13769=CARTESIAN_POINT('Ctrl Pts',(35.,-20.6995060667396,2.21556425094604));
#13770=CARTESIAN_POINT('Ctrl Pts',(35.,-20.663146869153,2.15794969426963));
#13771=CARTESIAN_POINT('Ctrl Pts',(35.,-20.5869460855201,2.0372024099833));
#13772=CARTESIAN_POINT('Ctrl Pts',(35.,-20.4438653213432,2.02453567048366));
#13773=CARTESIAN_POINT('Ctrl Pts',(35.,-20.369055531919,2.01791286468506));
#13774=CARTESIAN_POINT('',(37.,-20.369055531919,2.01791286468506));
#13775=CARTESIAN_POINT('Ctrl Pts',(37.,-20.369055531919,2.01791286468506));
#13776=CARTESIAN_POINT('Ctrl Pts',(37.,-20.4438653213432,2.02453567048366));
#13777=CARTESIAN_POINT('Ctrl Pts',(37.,-20.5869460855201,2.0372024099833));
#13778=CARTESIAN_POINT('Ctrl Pts',(37.,-20.663146869153,2.15794969426963));
#13779=CARTESIAN_POINT('Ctrl Pts',(37.,-20.6995060667396,2.21556425094604));
#13780=CARTESIAN_POINT('',(35.,-20.369055531919,2.01791286468506));
#13781=CARTESIAN_POINT('Ctrl Pts',(35.,-19.9984576925635,2.15070962905884));
#13782=CARTESIAN_POINT('Ctrl Pts',(37.,-19.9984576925635,2.15070962905884));
#13783=CARTESIAN_POINT('Ctrl Pts',(35.,-20.0447338536196,2.11213910600033));
#13784=CARTESIAN_POINT('Ctrl Pts',(37.,-20.0447338536196,2.11213910600033));
#13785=CARTESIAN_POINT('Ctrl Pts',(35.,-20.1509156653115,2.02363807387512));
#13786=CARTESIAN_POINT('Ctrl Pts',(37.,-20.1509156653115,2.02363807387512));
#13787=CARTESIAN_POINT('Ctrl Pts',(35.,-20.2903752362749,2.01997787535324));
#13788=CARTESIAN_POINT('Ctrl Pts',(37.,-20.2903752362749,2.01997787535324));
#13789=CARTESIAN_POINT('Ctrl Pts',(35.,-20.369055531919,2.01791286468506));
#13790=CARTESIAN_POINT('Ctrl Pts',(37.,-20.369055531919,2.01791286468506));
#13791=CARTESIAN_POINT('',(35.,-19.9984576925635,2.15070962905884));
#13792=CARTESIAN_POINT('Ctrl Pts',(35.,-20.369055531919,2.01791286468506));
#13793=CARTESIAN_POINT('Ctrl Pts',(35.,-20.2903752362749,2.01997787535324));
#13794=CARTESIAN_POINT('Ctrl Pts',(35.,-20.1509156653115,2.02363807387512));
#13795=CARTESIAN_POINT('Ctrl Pts',(35.,-20.0447338536196,2.11213910600033));
#13796=CARTESIAN_POINT('Ctrl Pts',(35.,-19.9984576925635,2.15070962905884));
#13797=CARTESIAN_POINT('',(37.,-19.9984576925635,2.15070962905884));
#13798=CARTESIAN_POINT('Ctrl Pts',(37.,-19.9984576925635,2.15070962905884));
#13799=CARTESIAN_POINT('Ctrl Pts',(37.,-20.0447338536196,2.11213910600033));
#13800=CARTESIAN_POINT('Ctrl Pts',(37.,-20.1509156653115,2.02363807387512));
#13801=CARTESIAN_POINT('Ctrl Pts',(37.,-20.2903752362749,2.01997787535324));
#13802=CARTESIAN_POINT('Ctrl Pts',(37.,-20.369055531919,2.01791286468506));
#13803=CARTESIAN_POINT('',(35.,-19.9984576925635,2.15070962905884));
#13804=CARTESIAN_POINT('Ctrl Pts',(35.,-19.8934533819556,2.7096962928772));
#13805=CARTESIAN_POINT('Ctrl Pts',(37.,-19.8934533819556,2.7096962928772));
#13806=CARTESIAN_POINT('Ctrl Pts',(35.,-19.8919368926144,2.589791457767));
#13807=CARTESIAN_POINT('Ctrl Pts',(37.,-19.8919368926144,2.589791457767));
#13808=CARTESIAN_POINT('Ctrl Pts',(35.,-19.8894745573002,2.39510106211491));
#13809=CARTESIAN_POINT('Ctrl Pts',(37.,-19.8894745573002,2.39510106211491));
#13810=CARTESIAN_POINT('Ctrl Pts',(35.,-19.9682124529681,2.21853367752266));
#13811=CARTESIAN_POINT('Ctrl Pts',(37.,-19.9682124529681,2.21853367752266));
#13812=CARTESIAN_POINT('Ctrl Pts',(35.,-19.9984576925635,2.15070962905884));
#13813=CARTESIAN_POINT('Ctrl Pts',(37.,-19.9984576925635,2.15070962905884));
#13814=CARTESIAN_POINT('',(35.,-19.8934533819556,2.7096962928772));
#13815=CARTESIAN_POINT('Ctrl Pts',(35.,-19.9984576925635,2.15070962905884));
#13816=CARTESIAN_POINT('Ctrl Pts',(35.,-19.9682124529681,2.21853367752266));
#13817=CARTESIAN_POINT('Ctrl Pts',(35.,-19.8894745573002,2.39510106211491));
#13818=CARTESIAN_POINT('Ctrl Pts',(35.,-19.8919368926144,2.589791457767));
#13819=CARTESIAN_POINT('Ctrl Pts',(35.,-19.8934533819556,2.7096962928772));
#13820=CARTESIAN_POINT('',(37.,-19.8934533819556,2.7096962928772));
#13821=CARTESIAN_POINT('Ctrl Pts',(37.,-19.8934533819556,2.7096962928772));
#13822=CARTESIAN_POINT('Ctrl Pts',(37.,-19.8919368926144,2.589791457767));
#13823=CARTESIAN_POINT('Ctrl Pts',(37.,-19.8894745573002,2.39510106211491));
#13824=CARTESIAN_POINT('Ctrl Pts',(37.,-19.9682124529681,2.21853367752266));
#13825=CARTESIAN_POINT('Ctrl Pts',(37.,-19.9984576925635,2.15070962905884));
#13826=CARTESIAN_POINT('',(35.,-19.8934533819556,2.7096962928772));
#13827=CARTESIAN_POINT('Ctrl Pts',(35.,-20.0293424353004,3.4447181224823));
#13828=CARTESIAN_POINT('Ctrl Pts',(37.,-20.0293424353004,3.4447181224823));
#13829=CARTESIAN_POINT('Ctrl Pts',(35.,-19.9903403930212,3.35990416906264));
#13830=CARTESIAN_POINT('Ctrl Pts',(37.,-19.9903403930212,3.35990416906264));
#13831=CARTESIAN_POINT('Ctrl Pts',(35.,-19.8840544247087,3.12877439639295));
#13832=CARTESIAN_POINT('Ctrl Pts',(37.,-19.8840544247087,3.12877439639295));
#13833=CARTESIAN_POINT('Ctrl Pts',(35.,-19.8898099001953,2.87215084886707));
#13834=CARTESIAN_POINT('Ctrl Pts',(37.,-19.8898099001953,2.87215084886707));
#13835=CARTESIAN_POINT('Ctrl Pts',(35.,-19.8934533819556,2.7096962928772));
#13836=CARTESIAN_POINT('Ctrl Pts',(37.,-19.8934533819556,2.7096962928772));
#13837=CARTESIAN_POINT('',(35.,-20.0293424353004,3.4447181224823));
#13838=CARTESIAN_POINT('Ctrl Pts',(35.,-19.8934533819556,2.7096962928772));
#13839=CARTESIAN_POINT('Ctrl Pts',(35.,-19.8898099001953,2.87215084886707));
#13840=CARTESIAN_POINT('Ctrl Pts',(35.,-19.8840544247087,3.12877439639295));
#13841=CARTESIAN_POINT('Ctrl Pts',(35.,-19.9903403930212,3.35990416906264));
#13842=CARTESIAN_POINT('Ctrl Pts',(35.,-20.0293424353004,3.4447181224823));
#13843=CARTESIAN_POINT('',(37.,-20.0293424353004,3.4447181224823));
#13844=CARTESIAN_POINT('Ctrl Pts',(37.,-20.0293424353004,3.4447181224823));
#13845=CARTESIAN_POINT('Ctrl Pts',(37.,-19.9903403930212,3.35990416906264));
#13846=CARTESIAN_POINT('Ctrl Pts',(37.,-19.8840544247087,3.12877439639295));
#13847=CARTESIAN_POINT('Ctrl Pts',(37.,-19.8898099001953,2.87215084886707));
#13848=CARTESIAN_POINT('Ctrl Pts',(37.,-19.8934533819556,2.7096962928772));
#13849=CARTESIAN_POINT('',(35.,-20.0293424353004,3.4447181224823));
#13850=CARTESIAN_POINT('Ctrl Pts',(35.,-21.480853818357,4.32180285453797));
#13851=CARTESIAN_POINT('Ctrl Pts',(37.,-21.480853818357,4.32180285453797));
#13852=CARTESIAN_POINT('Ctrl Pts',(35.,-21.1363768280447,4.13569732384869));
#13853=CARTESIAN_POINT('Ctrl Pts',(37.,-21.1363768280447,4.13569732384869));
#13854=CARTESIAN_POINT('Ctrl Pts',(35.,-20.6380938730873,3.86649730070146));
#13855=CARTESIAN_POINT('Ctrl Pts',(37.,-20.6380938730873,3.86649730070146));
#13856=CARTESIAN_POINT('Ctrl Pts',(35.,-20.1729265375651,3.54420172268326));
#13857=CARTESIAN_POINT('Ctrl Pts',(37.,-20.1729265375651,3.54420172268326));
#13858=CARTESIAN_POINT('Ctrl Pts',(35.,-20.0293424353004,3.4447181224823));
#13859=CARTESIAN_POINT('Ctrl Pts',(37.,-20.0293424353004,3.4447181224823));
#13860=CARTESIAN_POINT('',(35.,-21.480853818357,4.32180285453797));
#13861=CARTESIAN_POINT('Ctrl Pts',(35.,-20.0293424353004,3.4447181224823));
#13862=CARTESIAN_POINT('Ctrl Pts',(35.,-20.1729265375651,3.54420172268326));
#13863=CARTESIAN_POINT('Ctrl Pts',(35.,-20.6380938730873,3.86649730070146));
#13864=CARTESIAN_POINT('Ctrl Pts',(35.,-21.1363768280447,4.13569732384869));
#13865=CARTESIAN_POINT('Ctrl Pts',(35.,-21.480853818357,4.32180285453797));
#13866=CARTESIAN_POINT('',(37.,-21.480853818357,4.32180285453797));
#13867=CARTESIAN_POINT('Ctrl Pts',(37.,-21.480853818357,4.32180285453797));
#13868=CARTESIAN_POINT('Ctrl Pts',(37.,-21.1363768280447,4.13569732384869));
#13869=CARTESIAN_POINT('Ctrl Pts',(37.,-20.6380938730873,3.86649730070146));
#13870=CARTESIAN_POINT('Ctrl Pts',(37.,-20.1729265375651,3.54420172268326));
#13871=CARTESIAN_POINT('Ctrl Pts',(37.,-20.0293424353004,3.4447181224823));
#13872=CARTESIAN_POINT('',(35.,-21.480853818357,4.32180285453797));
#13873=CARTESIAN_POINT('Ctrl Pts',(35.,-22.8211882337928,5.44286489486695));
#13874=CARTESIAN_POINT('Ctrl Pts',(37.,-22.8211882337928,5.44286489486695));
#13875=CARTESIAN_POINT('Ctrl Pts',(35.,-22.677780591775,5.25602240973204));
#13876=CARTESIAN_POINT('Ctrl Pts',(37.,-22.677780591775,5.25602240973204));
#13877=CARTESIAN_POINT('Ctrl Pts',(35.,-22.3167128920047,4.78559569203528));
#13878=CARTESIAN_POINT('Ctrl Pts',(37.,-22.3167128920047,4.78559569203528));
#13879=CARTESIAN_POINT('Ctrl Pts',(35.,-21.7952212076488,4.49623578000708));
#13880=CARTESIAN_POINT('Ctrl Pts',(37.,-21.7952212076488,4.49623578000708));
#13881=CARTESIAN_POINT('Ctrl Pts',(35.,-21.480853818357,4.32180285453797));
#13882=CARTESIAN_POINT('Ctrl Pts',(37.,-21.480853818357,4.32180285453797));
#13883=CARTESIAN_POINT('',(35.,-22.8211882337928,5.44286489486695));
#13884=CARTESIAN_POINT('Ctrl Pts',(35.,-21.480853818357,4.32180285453797));
#13885=CARTESIAN_POINT('Ctrl Pts',(35.,-21.7952212076488,4.49623578000708));
#13886=CARTESIAN_POINT('Ctrl Pts',(35.,-22.3167128920047,4.78559569203528));
#13887=CARTESIAN_POINT('Ctrl Pts',(35.,-22.677780591775,5.25602240973204));
#13888=CARTESIAN_POINT('Ctrl Pts',(35.,-22.8211882337928,5.44286489486695));
#13889=CARTESIAN_POINT('',(37.,-22.8211882337928,5.44286489486695));
#13890=CARTESIAN_POINT('Ctrl Pts',(37.,-22.8211882337928,5.44286489486695));
#13891=CARTESIAN_POINT('Ctrl Pts',(37.,-22.677780591775,5.25602240973204));
#13892=CARTESIAN_POINT('Ctrl Pts',(37.,-22.3167128920047,4.78559569203528));
#13893=CARTESIAN_POINT('Ctrl Pts',(37.,-21.7952212076488,4.49623578000708));
#13894=CARTESIAN_POINT('Ctrl Pts',(37.,-21.480853818357,4.32180285453797));
#13895=CARTESIAN_POINT('',(35.,-22.8211882337928,5.44286489486695));
#13896=CARTESIAN_POINT('Ctrl Pts',(35.,-23.0620768293738,6.63804769515991));
#13897=CARTESIAN_POINT('Ctrl Pts',(37.,-23.0620768293738,6.63804769515991));
#13898=CARTESIAN_POINT('Ctrl Pts',(35.,-23.0544652320151,6.42055862226336));
#13899=CARTESIAN_POINT('Ctrl Pts',(37.,-23.0544652320151,6.42055862226336));
#13900=CARTESIAN_POINT('Ctrl Pts',(35.,-23.0400427318805,6.00845902801523));
#13901=CARTESIAN_POINT('Ctrl Pts',(37.,-23.0400427318805,6.00845902801523));
#13902=CARTESIAN_POINT('Ctrl Pts',(35.,-22.8913887906615,5.62428690563494));
#13903=CARTESIAN_POINT('Ctrl Pts',(37.,-22.8913887906615,5.62428690563494));
#13904=CARTESIAN_POINT('Ctrl Pts',(35.,-22.8211882337928,5.44286489486695));
#13905=CARTESIAN_POINT('Ctrl Pts',(37.,-22.8211882337928,5.44286489486695));
#13906=CARTESIAN_POINT('',(35.,-23.0620768293738,6.63804769515991));
#13907=CARTESIAN_POINT('Ctrl Pts',(35.,-22.8211882337928,5.44286489486695));
#13908=CARTESIAN_POINT('Ctrl Pts',(35.,-22.8913887906615,5.62428690563494));
#13909=CARTESIAN_POINT('Ctrl Pts',(35.,-23.0400427318805,6.00845902801523));
#13910=CARTESIAN_POINT('Ctrl Pts',(35.,-23.0544652320151,6.42055862226336));
#13911=CARTESIAN_POINT('Ctrl Pts',(35.,-23.0620768293738,6.63804769515991));
#13912=CARTESIAN_POINT('',(37.,-23.0620768293738,6.63804769515991));
#13913=CARTESIAN_POINT('Ctrl Pts',(37.,-23.0620768293738,6.63804769515991));
#13914=CARTESIAN_POINT('Ctrl Pts',(37.,-23.0544652320151,6.42055862226336));
#13915=CARTESIAN_POINT('Ctrl Pts',(37.,-23.0400427318805,6.00845902801523));
#13916=CARTESIAN_POINT('Ctrl Pts',(37.,-22.8913887906615,5.62428690563494));
#13917=CARTESIAN_POINT('Ctrl Pts',(37.,-22.8211882337928,5.44286489486695));
#13918=CARTESIAN_POINT('',(35.,-23.0620768293738,6.63804769515991));
#13919=CARTESIAN_POINT('Ctrl Pts',(35.,-22.802658341825,8.08647274971008));
#13920=CARTESIAN_POINT('Ctrl Pts',(37.,-22.802658341825,8.08647274971008));
#13921=CARTESIAN_POINT('Ctrl Pts',(35.,-22.8778736465785,7.89010357856962));
#13922=CARTESIAN_POINT('Ctrl Pts',(37.,-22.8778736465785,7.89010357856962));
#13923=CARTESIAN_POINT('Ctrl Pts',(35.,-23.0558491100727,7.42545221055031));
#13924=CARTESIAN_POINT('Ctrl Pts',(37.,-23.0558491100727,7.42545221055031));
#13925=CARTESIAN_POINT('Ctrl Pts',(35.,-23.0597972418428,6.92626837891399));
#13926=CARTESIAN_POINT('Ctrl Pts',(37.,-23.0597972418428,6.92626837891399));
#13927=CARTESIAN_POINT('Ctrl Pts',(35.,-23.0620768293738,6.63804769515991));
#13928=CARTESIAN_POINT('Ctrl Pts',(37.,-23.0620768293738,6.63804769515991));
#13929=CARTESIAN_POINT('',(35.,-22.802658341825,8.08647274971008));
#13930=CARTESIAN_POINT('Ctrl Pts',(35.,-23.0620768293738,6.63804769515991));
#13931=CARTESIAN_POINT('Ctrl Pts',(35.,-23.0597972418428,6.92626837891399));
#13932=CARTESIAN_POINT('Ctrl Pts',(35.,-23.0558491100727,7.42545221055031));
#13933=CARTESIAN_POINT('Ctrl Pts',(35.,-22.8778736465785,7.89010357856962));
#13934=CARTESIAN_POINT('Ctrl Pts',(35.,-22.802658341825,8.08647274971008));
#13935=CARTESIAN_POINT('',(37.,-22.802658341825,8.08647274971008));
#13936=CARTESIAN_POINT('Ctrl Pts',(37.,-22.802658341825,8.08647274971008));
#13937=CARTESIAN_POINT('Ctrl Pts',(37.,-22.8778736465785,7.89010357856962));
#13938=CARTESIAN_POINT('Ctrl Pts',(37.,-23.0558491100727,7.42545221055031));
#13939=CARTESIAN_POINT('Ctrl Pts',(37.,-23.0597972418428,6.92626837891399));
#13940=CARTESIAN_POINT('Ctrl Pts',(37.,-23.0620768293738,6.63804769515991));
#13941=CARTESIAN_POINT('',(35.,-22.802658341825,8.08647274971008));
#13942=CARTESIAN_POINT('Ctrl Pts',(35.,-21.9224837049842,8.80605220794678));
#13943=CARTESIAN_POINT('Ctrl Pts',(37.,-21.9224837049842,8.80605220794678));
#13944=CARTESIAN_POINT('Ctrl Pts',(35.,-22.1111959274299,8.71812784664561));
#13945=CARTESIAN_POINT('Ctrl Pts',(37.,-22.1111959274299,8.71812784664561));
#13946=CARTESIAN_POINT('Ctrl Pts',(35.,-22.4666366381635,8.55252173451004));
#13947=CARTESIAN_POINT('Ctrl Pts',(37.,-22.4666366381635,8.55252173451004));
#13948=CARTESIAN_POINT('Ctrl Pts',(35.,-22.6953666999809,8.23528206831684));
#13949=CARTESIAN_POINT('Ctrl Pts',(37.,-22.6953666999809,8.23528206831684));
#13950=CARTESIAN_POINT('Ctrl Pts',(35.,-22.802658341825,8.08647274971008));
#13951=CARTESIAN_POINT('Ctrl Pts',(37.,-22.802658341825,8.08647274971008));
#13952=CARTESIAN_POINT('',(35.,-21.9224837049842,8.80605220794678));
#13953=CARTESIAN_POINT('Ctrl Pts',(35.,-22.802658341825,8.08647274971008));
#13954=CARTESIAN_POINT('Ctrl Pts',(35.,-22.6953666999809,8.23528206831684));
#13955=CARTESIAN_POINT('Ctrl Pts',(35.,-22.4666366381635,8.55252173451004));
#13956=CARTESIAN_POINT('Ctrl Pts',(35.,-22.1111959274299,8.71812784664561));
#13957=CARTESIAN_POINT('Ctrl Pts',(35.,-21.9224837049842,8.80605220794678));
#13958=CARTESIAN_POINT('',(37.,-21.9224837049842,8.80605220794678));
#13959=CARTESIAN_POINT('Ctrl Pts',(37.,-21.9224837049842,8.80605220794678));
#13960=CARTESIAN_POINT('Ctrl Pts',(37.,-22.1111959274299,8.71812784664561));
#13961=CARTESIAN_POINT('Ctrl Pts',(37.,-22.4666366381635,8.55252173451004));
#13962=CARTESIAN_POINT('Ctrl Pts',(37.,-22.6953666999809,8.23528206831684));
#13963=CARTESIAN_POINT('Ctrl Pts',(37.,-22.802658341825,8.08647274971008));
#13964=CARTESIAN_POINT('',(35.,-21.9224837049842,8.80605220794678));
#13965=CARTESIAN_POINT('Ctrl Pts',(35.,-20.4802372679114,9.05929565429688));
#13966=CARTESIAN_POINT('Ctrl Pts',(37.,-20.4802372679114,9.05929565429688));
#13967=CARTESIAN_POINT('Ctrl Pts',(35.,-20.7396779298208,9.05112239827352));
#13968=CARTESIAN_POINT('Ctrl Pts',(37.,-20.7396779298208,9.05112239827352));
#13969=CARTESIAN_POINT('Ctrl Pts',(35.,-21.2328807753702,9.0355848449137));
#13970=CARTESIAN_POINT('Ctrl Pts',(37.,-21.2328807753702,9.0355848449137));
#13971=CARTESIAN_POINT('Ctrl Pts',(35.,-21.7007356425625,8.87986050446672));
#13972=CARTESIAN_POINT('Ctrl Pts',(37.,-21.7007356425625,8.87986050446672));
#13973=CARTESIAN_POINT('Ctrl Pts',(35.,-21.9224837049842,8.80605220794678));
#13974=CARTESIAN_POINT('Ctrl Pts',(37.,-21.9224837049842,8.80605220794678));
#13975=CARTESIAN_POINT('',(35.,-20.4802372679114,9.05929565429688));
#13976=CARTESIAN_POINT('Ctrl Pts',(35.,-21.9224837049842,8.80605220794678));
#13977=CARTESIAN_POINT('Ctrl Pts',(35.,-21.7007356425625,8.87986050446672));
#13978=CARTESIAN_POINT('Ctrl Pts',(35.,-21.2328807753702,9.0355848449137));
#13979=CARTESIAN_POINT('Ctrl Pts',(35.,-20.7396779298208,9.05112239827352));
#13980=CARTESIAN_POINT('Ctrl Pts',(35.,-20.4802372679114,9.05929565429688));
#13981=CARTESIAN_POINT('',(37.,-20.4802372679114,9.05929565429688));
#13982=CARTESIAN_POINT('Ctrl Pts',(37.,-20.4802372679114,9.05929565429688));
#13983=CARTESIAN_POINT('Ctrl Pts',(37.,-20.7396779298208,9.05112239827352));
#13984=CARTESIAN_POINT('Ctrl Pts',(37.,-21.2328807753702,9.0355848449137));
#13985=CARTESIAN_POINT('Ctrl Pts',(37.,-21.7007356425625,8.87986050446672));
#13986=CARTESIAN_POINT('Ctrl Pts',(37.,-21.9224837049842,8.80605220794678));
#13987=CARTESIAN_POINT('',(35.,-20.4802372679114,9.05929565429688));
#13988=CARTESIAN_POINT('Ctrl Pts',(35.,-19.0935781225562,8.85237693786621));
#13989=CARTESIAN_POINT('Ctrl Pts',(37.,-19.0935781225562,8.85237693786621));
#13990=CARTESIAN_POINT('Ctrl Pts',(35.,-19.3030266190069,8.91263889533223));
#13991=CARTESIAN_POINT('Ctrl Pts',(37.,-19.3030266190069,8.91263889533223));
#13992=CARTESIAN_POINT('Ctrl Pts',(35.,-19.7556999483668,9.04288084684852));
#13993=CARTESIAN_POINT('Ctrl Pts',(37.,-19.7556999483668,9.04288084684852));
#13994=CARTESIAN_POINT('Ctrl Pts',(35.,-20.2270027028019,9.05355848036061));
#13995=CARTESIAN_POINT('Ctrl Pts',(37.,-20.2270027028019,9.05355848036061));
#13996=CARTESIAN_POINT('Ctrl Pts',(35.,-20.4802372679114,9.05929565429688));
#13997=CARTESIAN_POINT('Ctrl Pts',(37.,-20.4802372679114,9.05929565429688));
#13998=CARTESIAN_POINT('',(35.,-19.0935781225562,8.85237693786621));
#13999=CARTESIAN_POINT('Ctrl Pts',(35.,-20.4802372679114,9.05929565429688));
#14000=CARTESIAN_POINT('Ctrl Pts',(35.,-20.2270027028019,9.05355848036061));
#14001=CARTESIAN_POINT('Ctrl Pts',(35.,-19.7556999483668,9.04288084684852));
#14002=CARTESIAN_POINT('Ctrl Pts',(35.,-19.3030266190069,8.91263889533223));
#14003=CARTESIAN_POINT('Ctrl Pts',(35.,-19.0935781225562,8.85237693786621));
#14004=CARTESIAN_POINT('',(37.,-19.0935781225562,8.85237693786621));
#14005=CARTESIAN_POINT('Ctrl Pts',(37.,-19.0935781225562,8.85237693786621));
#14006=CARTESIAN_POINT('Ctrl Pts',(37.,-19.3030266190069,8.91263889533223));
#14007=CARTESIAN_POINT('Ctrl Pts',(37.,-19.7556999483668,9.04288084684852));
#14008=CARTESIAN_POINT('Ctrl Pts',(37.,-20.2270027028019,9.05355848036061));
#14009=CARTESIAN_POINT('Ctrl Pts',(37.,-20.4802372679114,9.05929565429688));
#14010=CARTESIAN_POINT('',(35.,-19.0935781225562,8.85237693786621));
#14011=CARTESIAN_POINT('Ctrl Pts',(35.,-18.2164933905005,8.305743932724));
#14012=CARTESIAN_POINT('Ctrl Pts',(37.,-18.2164933905005,8.305743932724));
#14013=CARTESIAN_POINT('Ctrl Pts',(35.,-18.3356592903221,8.41559235867528));
#14014=CARTESIAN_POINT('Ctrl Pts',(37.,-18.3356592903221,8.41559235867528));
#14015=CARTESIAN_POINT('Ctrl Pts',(35.,-18.5930238209699,8.65283378956849));
#14016=CARTESIAN_POINT('Ctrl Pts',(37.,-18.5930238209699,8.65283378956849));
#14017=CARTESIAN_POINT('Ctrl Pts',(35.,-18.9186985435893,8.7826621803475));
#14018=CARTESIAN_POINT('Ctrl Pts',(37.,-18.9186985435893,8.7826621803475));
#14019=CARTESIAN_POINT('Ctrl Pts',(35.,-19.0935781225562,8.85237693786621));
#14020=CARTESIAN_POINT('Ctrl Pts',(37.,-19.0935781225562,8.85237693786621));
#14021=CARTESIAN_POINT('',(35.,-18.2164933905005,8.305743932724));
#14022=CARTESIAN_POINT('Ctrl Pts',(35.,-19.0935781225562,8.85237693786621));
#14023=CARTESIAN_POINT('Ctrl Pts',(35.,-18.9186985435893,8.7826621803475));
#14024=CARTESIAN_POINT('Ctrl Pts',(35.,-18.5930238209699,8.65283378956849));
#14025=CARTESIAN_POINT('Ctrl Pts',(35.,-18.3356592903221,8.41559235867528));
#14026=CARTESIAN_POINT('Ctrl Pts',(35.,-18.2164933905005,8.305743932724));
#14027=CARTESIAN_POINT('',(37.,-18.2164933905005,8.305743932724));
#14028=CARTESIAN_POINT('Ctrl Pts',(37.,-18.2164933905005,8.305743932724));
#14029=CARTESIAN_POINT('Ctrl Pts',(37.,-18.3356592903221,8.41559235867528));
#14030=CARTESIAN_POINT('Ctrl Pts',(37.,-18.5930238209699,8.65283378956849));
#14031=CARTESIAN_POINT('Ctrl Pts',(37.,-18.9186985435893,8.7826621803475));
#14032=CARTESIAN_POINT('Ctrl Pts',(37.,-19.0935781225562,8.85237693786621));
#14033=CARTESIAN_POINT('',(35.,-18.2164933905005,8.305743932724));
#14034=CARTESIAN_POINT('Ctrl Pts',(35.,-17.8458955511451,7.67572522163391));
#14035=CARTESIAN_POINT('Ctrl Pts',(37.,-17.8458955511451,7.67572522163391));
#14036=CARTESIAN_POINT('Ctrl Pts',(35.,-17.8822959506447,7.77962372494457));
#14037=CARTESIAN_POINT('Ctrl Pts',(37.,-17.8822959506447,7.77962372494457));
#14038=CARTESIAN_POINT('Ctrl Pts',(35.,-17.9641804792117,8.01334863124648));
#14039=CARTESIAN_POINT('Ctrl Pts',(37.,-17.9641804792117,8.01334863124648));
#14040=CARTESIAN_POINT('Ctrl Pts',(35.,-18.1263909019011,8.20132777667666));
#14041=CARTESIAN_POINT('Ctrl Pts',(37.,-18.1263909019011,8.20132777667666));
#14042=CARTESIAN_POINT('Ctrl Pts',(35.,-18.2164933905005,8.305743932724));
#14043=CARTESIAN_POINT('Ctrl Pts',(37.,-18.2164933905005,8.305743932724));
#14044=CARTESIAN_POINT('',(35.,-17.8458955511451,7.67572522163391));
#14045=CARTESIAN_POINT('Ctrl Pts',(35.,-18.2164933905005,8.305743932724));
#14046=CARTESIAN_POINT('Ctrl Pts',(35.,-18.1263909019011,8.20132777667666));
#14047=CARTESIAN_POINT('Ctrl Pts',(35.,-17.9641804792117,8.01334863124648));
#14048=CARTESIAN_POINT('Ctrl Pts',(35.,-17.8822959506447,7.77962372494457));
#14049=CARTESIAN_POINT('Ctrl Pts',(35.,-17.8458955511451,7.67572522163391));
#14050=CARTESIAN_POINT('',(37.,-17.8458955511451,7.67572522163391));
#14051=CARTESIAN_POINT('Ctrl Pts',(37.,-17.8458955511451,7.67572522163391));
#14052=CARTESIAN_POINT('Ctrl Pts',(37.,-17.8822959506447,7.77962372494457));
#14053=CARTESIAN_POINT('Ctrl Pts',(37.,-17.9641804792117,8.01334863124648));
#14054=CARTESIAN_POINT('Ctrl Pts',(37.,-18.1263909019011,8.20132777667666));
#14055=CARTESIAN_POINT('Ctrl Pts',(37.,-18.2164933905005,8.305743932724));
#14056=CARTESIAN_POINT('',(35.,-17.8458955511451,7.67572522163391));
#14057=CARTESIAN_POINT('Ctrl Pts',(35.,-17.7810361608863,6.76775693893433));
#14058=CARTESIAN_POINT('Ctrl Pts',(37.,-17.7810361608863,6.76775693893433));
#14059=CARTESIAN_POINT('Ctrl Pts',(35.,-17.7812179448331,6.94678433013985));
#14060=CARTESIAN_POINT('Ctrl Pts',(37.,-17.7812179448331,6.94678433013985));
#14061=CARTESIAN_POINT('Ctrl Pts',(35.,-17.7815269983762,7.25115141276365));
#14062=CARTESIAN_POINT('Ctrl Pts',(37.,-17.7815269983762,7.25115141276365));
#14063=CARTESIAN_POINT('Ctrl Pts',(35.,-17.8271201093125,7.55188274717743));
#14064=CARTESIAN_POINT('Ctrl Pts',(37.,-17.8271201093125,7.55188274717743));
#14065=CARTESIAN_POINT('Ctrl Pts',(35.,-17.8458955511451,7.67572522163391));
#14066=CARTESIAN_POINT('Ctrl Pts',(37.,-17.8458955511451,7.67572522163391));
#14067=CARTESIAN_POINT('',(35.,-17.7810361608863,6.76775693893433));
#14068=CARTESIAN_POINT('Ctrl Pts',(35.,-17.8458955511451,7.67572522163391));
#14069=CARTESIAN_POINT('Ctrl Pts',(35.,-17.8271201093125,7.55188274717743));
#14070=CARTESIAN_POINT('Ctrl Pts',(35.,-17.7815269983762,7.25115141276365));
#14071=CARTESIAN_POINT('Ctrl Pts',(35.,-17.7812179448331,6.94678433013985));
#14072=CARTESIAN_POINT('Ctrl Pts',(35.,-17.7810361608863,6.76775693893433));
#14073=CARTESIAN_POINT('',(37.,-17.7810361608863,6.76775693893433));
#14074=CARTESIAN_POINT('Ctrl Pts',(37.,-17.7810361608863,6.76775693893433));
#14075=CARTESIAN_POINT('Ctrl Pts',(37.,-17.7812179448331,6.94678433013985));
#14076=CARTESIAN_POINT('Ctrl Pts',(37.,-17.7815269983762,7.25115141276365));
#14077=CARTESIAN_POINT('Ctrl Pts',(37.,-17.8271201093125,7.55188274717743));
#14078=CARTESIAN_POINT('Ctrl Pts',(37.,-17.8458955511451,7.67572522163391));
#14079=CARTESIAN_POINT('',(35.,-17.7810361608863,6.76775693893433));
#14080=CARTESIAN_POINT('Origin',(35.,-17.7810361608863,6.29215478897095));
#14081=CARTESIAN_POINT('',(35.,-17.7810361608863,-9.35392260551453));
#14082=CARTESIAN_POINT('',(37.,-17.7810361608863,6.76775693893433));
#14083=CARTESIAN_POINT('Origin',(37.,-32.5000014528632,-2.10500359535217));
#14084=CARTESIAN_POINT('Origin',(35.,-31.4746763929725,7.83323049545288));
#14085=CARTESIAN_POINT('',(35.,-31.3758495077491,8.91105651855469));
#14086=CARTESIAN_POINT('',(35.,-31.4746763929725,7.83323049545288));
#14087=CARTESIAN_POINT('',(35.,-32.8361774775049,-7.0155760420929));
#14088=CARTESIAN_POINT('',(37.,-31.3758495077491,8.91105651855469));
#14089=CARTESIAN_POINT('',(35.,-31.3758495077491,8.91105651855469));
#14090=CARTESIAN_POINT('',(37.,-31.4746763929725,7.83323049545288));
#14091=CARTESIAN_POINT('',(37.,-31.3758495077491,8.91105651855469));
#14092=CARTESIAN_POINT('',(35.,-31.4746763929725,7.83323049545288));
#14093=CARTESIAN_POINT('Ctrl Pts',(35.,-29.8996308073401,9.05929565429688));
#14094=CARTESIAN_POINT('Ctrl Pts',(37.,-29.8996308073401,9.05929565429688));
#14095=CARTESIAN_POINT('Ctrl Pts',(35.,-30.2281841840757,8.97969685605197));
#14096=CARTESIAN_POINT('Ctrl Pts',(37.,-30.2281841840757,8.97969685605197));
#14097=CARTESIAN_POINT('Ctrl Pts',(35.,-30.931474019136,8.80931046025574));
#14098=CARTESIAN_POINT('Ctrl Pts',(37.,-30.931474019136,8.80931046025574));
#14099=CARTESIAN_POINT('Ctrl Pts',(35.,-31.2858519320348,8.17252903696007));
#14100=CARTESIAN_POINT('Ctrl Pts',(37.,-31.2858519320348,8.17252903696007));
#14101=CARTESIAN_POINT('Ctrl Pts',(35.,-31.4746763929725,7.83323049545288));
#14102=CARTESIAN_POINT('Ctrl Pts',(37.,-31.4746763929725,7.83323049545288));
#14103=CARTESIAN_POINT('',(35.,-29.8996308073401,9.05929565429688));
#14104=CARTESIAN_POINT('Ctrl Pts',(35.,-31.4746763929725,7.83323049545288));
#14105=CARTESIAN_POINT('Ctrl Pts',(35.,-31.2858519320348,8.17252903696007));
#14106=CARTESIAN_POINT('Ctrl Pts',(35.,-30.931474019136,8.80931046025574));
#14107=CARTESIAN_POINT('Ctrl Pts',(35.,-30.2281841840757,8.97969685605197));
#14108=CARTESIAN_POINT('Ctrl Pts',(35.,-29.8996308073401,9.05929565429688));
#14109=CARTESIAN_POINT('',(37.,-29.8996308073401,9.05929565429688));
#14110=CARTESIAN_POINT('Ctrl Pts',(37.,-29.8996308073401,9.05929565429688));
#14111=CARTESIAN_POINT('Ctrl Pts',(37.,-30.2281841840757,8.97969685605197));
#14112=CARTESIAN_POINT('Ctrl Pts',(37.,-30.931474019136,8.80931046025574));
#14113=CARTESIAN_POINT('Ctrl Pts',(37.,-31.2858519320348,8.17252903696007));
#14114=CARTESIAN_POINT('Ctrl Pts',(37.,-31.4746763929725,7.83323049545288));
#14115=CARTESIAN_POINT('',(35.,-29.8996308073401,9.05929565429688));
#14116=CARTESIAN_POINT('Origin',(35.,-29.8996308073401,6.17479920387268));
#14117=CARTESIAN_POINT('',(35.,-29.8996308073401,6.17479920387268));
#14118=CARTESIAN_POINT('',(35.,-29.8996308073401,-9.41260039806366));
#14119=CARTESIAN_POINT('',(37.,-29.8996308073401,6.17479920387268));
#14120=CARTESIAN_POINT('',(37.,-29.8996308073401,9.05929565429688));
#14121=CARTESIAN_POINT('',(35.,-29.8996308073401,6.17479920387268));
#14122=CARTESIAN_POINT('Ctrl Pts',(35.,-30.9064247831702,5.98949909210205));
#14123=CARTESIAN_POINT('Ctrl Pts',(37.,-30.9064247831702,5.98949909210205));
#14124=CARTESIAN_POINT('Ctrl Pts',(35.,-30.7705040143004,6.04321880409175));
#14125=CARTESIAN_POINT('Ctrl Pts',(37.,-30.7705040143004,6.04321880409175));
#14126=CARTESIAN_POINT('Ctrl Pts',(35.,-30.4482978418896,6.17056374870274));
#14127=CARTESIAN_POINT('Ctrl Pts',(37.,-30.4482978418896,6.17056374870274));
#14128=CARTESIAN_POINT('Ctrl Pts',(35.,-30.1006344517946,6.17324754891353));
#14129=CARTESIAN_POINT('Ctrl Pts',(37.,-30.1006344517946,6.17324754891353));
#14130=CARTESIAN_POINT('Ctrl Pts',(35.,-29.8996308073401,6.17479920387268));
#14131=CARTESIAN_POINT('Ctrl Pts',(37.,-29.8996308073401,6.17479920387268));
#14132=CARTESIAN_POINT('',(35.,-30.9064247831702,5.98949909210205));
#14133=CARTESIAN_POINT('Ctrl Pts',(35.,-29.8996308073401,6.17479920387268));
#14134=CARTESIAN_POINT('Ctrl Pts',(35.,-30.1006344517946,6.17324754891353));
#14135=CARTESIAN_POINT('Ctrl Pts',(35.,-30.4482978418896,6.17056374870274));
#14136=CARTESIAN_POINT('Ctrl Pts',(35.,-30.7705040143004,6.04321880409175));
#14137=CARTESIAN_POINT('Ctrl Pts',(35.,-30.9064247831702,5.98949909210205));
#14138=CARTESIAN_POINT('',(37.,-30.9064247831702,5.98949909210205));
#14139=CARTESIAN_POINT('Ctrl Pts',(37.,-30.9064247831702,5.98949909210205));
#14140=CARTESIAN_POINT('Ctrl Pts',(37.,-30.7705040143004,6.04321880409175));
#14141=CARTESIAN_POINT('Ctrl Pts',(37.,-30.4482978418896,6.17056374870274));
#14142=CARTESIAN_POINT('Ctrl Pts',(37.,-30.1006344517946,6.17324754891353));
#14143=CARTESIAN_POINT('Ctrl Pts',(37.,-29.8996308073401,6.17479920387268));
#14144=CARTESIAN_POINT('',(35.,-30.9064247831702,5.98949909210205));
#14145=CARTESIAN_POINT('Ctrl Pts',(35.,-31.301729939878,5.47374963760376));
#14146=CARTESIAN_POINT('Ctrl Pts',(37.,-31.301729939878,5.47374963760376));
#14147=CARTESIAN_POINT('Ctrl Pts',(35.,-31.2654063796019,5.57860015945914));
#14148=CARTESIAN_POINT('Ctrl Pts',(37.,-31.2654063796019,5.57860015945914));
#14149=CARTESIAN_POINT('Ctrl Pts',(35.,-31.1908376368841,5.79384810125299));
#14150=CARTESIAN_POINT('Ctrl Pts',(37.,-31.1908376368841,5.79384810125299));
#14151=CARTESIAN_POINT('Ctrl Pts',(35.,-31.0028439217089,5.92317121786721));
#14152=CARTESIAN_POINT('Ctrl Pts',(37.,-31.0028439217089,5.92317121786721));
#14153=CARTESIAN_POINT('Ctrl Pts',(35.,-30.9064247831702,5.98949909210205));
#14154=CARTESIAN_POINT('Ctrl Pts',(37.,-30.9064247831702,5.98949909210205));
#14155=CARTESIAN_POINT('',(35.,-31.301729939878,5.47374963760376));
#14156=CARTESIAN_POINT('Ctrl Pts',(35.,-30.9064247831702,5.98949909210205));
#14157=CARTESIAN_POINT('Ctrl Pts',(35.,-31.0028439217089,5.92317121786721));
#14158=CARTESIAN_POINT('Ctrl Pts',(35.,-31.1908376368841,5.79384810125299));
#14159=CARTESIAN_POINT('Ctrl Pts',(35.,-31.2654063796019,5.57860015945914));
#14160=CARTESIAN_POINT('Ctrl Pts',(35.,-31.301729939878,5.47374963760376));
#14161=CARTESIAN_POINT('',(37.,-31.301729939878,5.47374963760376));
#14162=CARTESIAN_POINT('Ctrl Pts',(37.,-31.301729939878,5.47374963760376));
#14163=CARTESIAN_POINT('Ctrl Pts',(37.,-31.2654063796019,5.57860015945914));
#14164=CARTESIAN_POINT('Ctrl Pts',(37.,-31.1908376368841,5.79384810125299));
#14165=CARTESIAN_POINT('Ctrl Pts',(37.,-31.0028439217089,5.92317121786721));
#14166=CARTESIAN_POINT('Ctrl Pts',(37.,-30.9064247831702,5.98949909210205));
#14167=CARTESIAN_POINT('',(35.,-31.301729939878,5.47374963760376));
#14168=CARTESIAN_POINT('Ctrl Pts',(35.,-31.3758495077491,3.9512038230896));
#14169=CARTESIAN_POINT('Ctrl Pts',(37.,-31.3758495077491,3.9512038230896));
#14170=CARTESIAN_POINT('Ctrl Pts',(35.,-31.3782576411114,4.27728286748831));
#14171=CARTESIAN_POINT('Ctrl Pts',(37.,-31.3782576411114,4.27728286748831));
#14172=CARTESIAN_POINT('Ctrl Pts',(35.,-31.3820183806339,4.7865147766999));
#14173=CARTESIAN_POINT('Ctrl Pts',(37.,-31.3820183806339,4.7865147766999));
#14174=CARTESIAN_POINT('Ctrl Pts',(35.,-31.3229682144436,5.29195905194109));
#14175=CARTESIAN_POINT('Ctrl Pts',(37.,-31.3229682144436,5.29195905194109));
#14176=CARTESIAN_POINT('Ctrl Pts',(35.,-31.301729939878,5.47374963760376));
#14177=CARTESIAN_POINT('Ctrl Pts',(37.,-31.301729939878,5.47374963760376));
#14178=CARTESIAN_POINT('',(35.,-31.3758495077491,3.9512038230896));
#14179=CARTESIAN_POINT('Ctrl Pts',(35.,-31.301729939878,5.47374963760376));
#14180=CARTESIAN_POINT('Ctrl Pts',(35.,-31.3229682144436,5.29195905194109));
#14181=CARTESIAN_POINT('Ctrl Pts',(35.,-31.3820183806339,4.7865147766999));
#14182=CARTESIAN_POINT('Ctrl Pts',(35.,-31.3782576411114,4.27728286748831));
#14183=CARTESIAN_POINT('Ctrl Pts',(35.,-31.3758495077491,3.9512038230896));
#14184=CARTESIAN_POINT('',(37.,-31.3758495077491,3.9512038230896));
#14185=CARTESIAN_POINT('Ctrl Pts',(37.,-31.3758495077491,3.9512038230896));
#14186=CARTESIAN_POINT('Ctrl Pts',(37.,-31.3782576411114,4.27728286748831));
#14187=CARTESIAN_POINT('Ctrl Pts',(37.,-31.3820183806339,4.7865147766999));
#14188=CARTESIAN_POINT('Ctrl Pts',(37.,-31.3229682144436,5.29195905194109));
#14189=CARTESIAN_POINT('Ctrl Pts',(37.,-31.301729939878,5.47374963760376));
#14190=CARTESIAN_POINT('',(35.,-31.3758495077491,3.9512038230896));
#14191=CARTESIAN_POINT('Origin',(35.,-31.3758495077491,0.714638233184817));
#14192=CARTESIAN_POINT('',(35.,-31.3758495077491,0.714638233184817));
#14193=CARTESIAN_POINT('',(35.,-31.3758495077491,-12.1426808834076));
#14194=CARTESIAN_POINT('',(37.,-31.3758495077491,0.714638233184817));
#14195=CARTESIAN_POINT('',(37.,-31.3758495077491,3.9512038230896));
#14196=CARTESIAN_POINT('',(35.,-31.3758495077491,0.714638233184817));
#14197=CARTESIAN_POINT('Origin',(35.,-33.8712170347571,0.714638233184815));
#14198=CARTESIAN_POINT('',(35.,-33.8712170347571,0.714638233184815));
#14199=CARTESIAN_POINT('',(35.,-16.9356085173786,0.714638233184814));
#14200=CARTESIAN_POINT('',(37.,-33.8712170347571,0.714638233184814));
#14201=CARTESIAN_POINT('',(37.,-31.3758495077491,0.714638233184814));
#14202=CARTESIAN_POINT('',(35.,-33.8712170347571,0.714638233184815));
#14203=CARTESIAN_POINT('Origin',(35.,-33.8712170347571,8.91105651855469));
#14204=CARTESIAN_POINT('',(35.,-33.8712170347571,8.91105651855469));
#14205=CARTESIAN_POINT('',(35.,-33.8712170347571,-8.04447174072265));
#14206=CARTESIAN_POINT('',(37.,-33.8712170347571,8.91105651855469));
#14207=CARTESIAN_POINT('',(37.,-33.8712170347571,0.714638233184819));
#14208=CARTESIAN_POINT('',(35.,-33.8712170347571,8.91105651855469));
#14209=CARTESIAN_POINT('Origin',(35.,-31.3758495077491,8.91105651855469));
#14210=CARTESIAN_POINT('',(35.,-15.6879247538745,8.91105651855469));
#14211=CARTESIAN_POINT('',(37.,-33.8712170347571,8.91105651855469));
#14212=CARTESIAN_POINT('Origin',(37.,-32.5000014528632,-2.10500359535217));
#14213=CARTESIAN_POINT('Origin',(35.,-41.8699815496802,0.714638233184817));
#14214=CARTESIAN_POINT('',(35.,-40.7025935873389,8.91105651855469));
#14215=CARTESIAN_POINT('',(35.,-41.8699815496802,0.714638233184817));
#14216=CARTESIAN_POINT('',(35.,-43.2485673685598,-8.96463410670949));
#14217=CARTESIAN_POINT('',(37.,-40.7025935873389,8.91105651855469));
#14218=CARTESIAN_POINT('',(35.,-40.7025935873389,8.91105651855469));
#14219=CARTESIAN_POINT('',(37.,-41.8699815496802,0.714638233184817));
#14220=CARTESIAN_POINT('',(37.,-40.7025935873389,8.91105651855469));
#14221=CARTESIAN_POINT('',(35.,-41.8699815496802,0.714638233184817));
#14222=CARTESIAN_POINT('Origin',(35.,-45.1312544569373,0.714638233184819));
#14223=CARTESIAN_POINT('',(35.,-45.1312544569373,0.714638233184819));
#14224=CARTESIAN_POINT('',(35.,-22.5656272284687,0.714638233184817));
#14225=CARTESIAN_POINT('',(37.,-45.1312544569373,0.714638233184819));
#14226=CARTESIAN_POINT('',(37.,-41.8699815496802,0.714638233184819));
#14227=CARTESIAN_POINT('',(35.,-45.1312544569373,0.714638233184819));
#14228=CARTESIAN_POINT('Origin',(35.,-46.385114453733,8.91105651855469));
#14229=CARTESIAN_POINT('',(35.,-46.385114453733,8.91105651855469));
#14230=CARTESIAN_POINT('',(35.,-43.3202899821395,-11.1235433607103));
#14231=CARTESIAN_POINT('',(37.,-46.385114453733,8.91105651855469));
#14232=CARTESIAN_POINT('',(37.,-45.1312544569373,0.714638233184819));
#14233=CARTESIAN_POINT('',(35.,-46.385114453733,8.91105651855469));
#14234=CARTESIAN_POINT('Origin',(35.,-44.1566946730018,8.91105651855469));
#14235=CARTESIAN_POINT('',(35.,-44.1566946730018,8.91105651855469));
#14236=CARTESIAN_POINT('',(35.,-22.0783473365009,8.91105651855469));
#14237=CARTESIAN_POINT('',(37.,-44.1566946730018,8.91105651855469));
#14238=CARTESIAN_POINT('',(37.,-46.385114453733,8.91105651855469));
#14239=CARTESIAN_POINT('',(35.,-44.1566946730018,8.91105651855469));
#14240=CARTESIAN_POINT('Origin',(35.,-43.4542932733893,2.92587995529175));
#14241=CARTESIAN_POINT('',(35.,-43.4542932733893,2.92587995529175));
#14242=CARTESIAN_POINT('',(35.,-41.5427340752345,-13.3625547181004));
#14243=CARTESIAN_POINT('',(37.,-43.4542932733893,2.92587995529175));
#14244=CARTESIAN_POINT('',(37.,-44.1566946730018,8.91105651855469));
#14245=CARTESIAN_POINT('',(35.,-43.4542932733893,2.92587995529175));
#14246=CARTESIAN_POINT('Ctrl Pts',(35.,-43.172965310514,6.14285469055176));
#14247=CARTESIAN_POINT('Ctrl Pts',(37.,-43.172965310514,6.14285469055176));
#14248=CARTESIAN_POINT('Ctrl Pts',(35.,-43.2257915038844,5.44834322216501));
#14249=CARTESIAN_POINT('Ctrl Pts',(37.,-43.2257915038844,5.44834322216501));
#14250=CARTESIAN_POINT('Ctrl Pts',(35.,-43.3074380539536,4.37492752136569));
#14251=CARTESIAN_POINT('Ctrl Pts',(37.,-43.3074380539536,4.37492752136569));
#14252=CARTESIAN_POINT('Ctrl Pts',(35.,-43.4159793572035,3.30393044072322));
#14253=CARTESIAN_POINT('Ctrl Pts',(37.,-43.4159793572035,3.30393044072322));
#14254=CARTESIAN_POINT('Ctrl Pts',(35.,-43.4542932733893,2.92587995529175));
#14255=CARTESIAN_POINT('Ctrl Pts',(37.,-43.4542932733893,2.92587995529175));
#14256=CARTESIAN_POINT('',(35.,-43.172965310514,6.14285469055176));
#14257=CARTESIAN_POINT('Ctrl Pts',(35.,-43.4542932733893,2.92587995529175));
#14258=CARTESIAN_POINT('Ctrl Pts',(35.,-43.4159793572035,3.30393044072322));
#14259=CARTESIAN_POINT('Ctrl Pts',(35.,-43.3074380539536,4.37492752136569));
#14260=CARTESIAN_POINT('Ctrl Pts',(35.,-43.2257915038844,5.44834322216501));
#14261=CARTESIAN_POINT('Ctrl Pts',(35.,-43.172965310514,6.14285469055176));
#14262=CARTESIAN_POINT('',(37.,-43.172965310514,6.14285469055176));
#14263=CARTESIAN_POINT('Ctrl Pts',(37.,-43.172965310514,6.14285469055176));
#14264=CARTESIAN_POINT('Ctrl Pts',(37.,-43.2257915038844,5.44834322216501));
#14265=CARTESIAN_POINT('Ctrl Pts',(37.,-43.3074380539536,4.37492752136569));
#14266=CARTESIAN_POINT('Ctrl Pts',(37.,-43.4159793572035,3.30393044072322));
#14267=CARTESIAN_POINT('Ctrl Pts',(37.,-43.4542932733893,2.92587995529175));
#14268=CARTESIAN_POINT('',(35.,-43.172965310514,6.14285469055176));
#14269=CARTESIAN_POINT('Ctrl Pts',(35.,-42.931014560163,8.91105651855469));
#14270=CARTESIAN_POINT('Ctrl Pts',(37.,-42.931014560163,8.91105651855469));
#14271=CARTESIAN_POINT('Ctrl Pts',(35.,-42.975300551812,8.45700201733888));
#14272=CARTESIAN_POINT('Ctrl Pts',(37.,-42.975300551812,8.45700201733888));
#14273=CARTESIAN_POINT('Ctrl Pts',(35.,-43.0652198632878,7.5350791563709));
#14274=CARTESIAN_POINT('Ctrl Pts',(37.,-43.0652198632878,7.5350791563709));
#14275=CARTESIAN_POINT('Ctrl Pts',(35.,-43.1366931820727,6.61154219376689));
#14276=CARTESIAN_POINT('Ctrl Pts',(37.,-43.1366931820727,6.61154219376689));
#14277=CARTESIAN_POINT('Ctrl Pts',(35.,-43.172965310514,6.14285469055176));
#14278=CARTESIAN_POINT('Ctrl Pts',(37.,-43.172965310514,6.14285469055176));
#14279=CARTESIAN_POINT('',(35.,-42.931014560163,8.91105651855469));
#14280=CARTESIAN_POINT('Ctrl Pts',(35.,-43.172965310514,6.14285469055176));
#14281=CARTESIAN_POINT('Ctrl Pts',(35.,-43.1366931820727,6.61154219376689));
#14282=CARTESIAN_POINT('Ctrl Pts',(35.,-43.0652198632878,7.5350791563709));
#14283=CARTESIAN_POINT('Ctrl Pts',(35.,-42.975300551812,8.45700201733888));
#14284=CARTESIAN_POINT('Ctrl Pts',(35.,-42.931014560163,8.91105651855469));
#14285=CARTESIAN_POINT('',(37.,-42.931014560163,8.91105651855469));
#14286=CARTESIAN_POINT('Ctrl Pts',(37.,-42.931014560163,8.91105651855469));
#14287=CARTESIAN_POINT('Ctrl Pts',(37.,-42.975300551812,8.45700201733888));
#14288=CARTESIAN_POINT('Ctrl Pts',(37.,-43.0652198632878,7.5350791563709));
#14289=CARTESIAN_POINT('Ctrl Pts',(37.,-43.1366931820727,6.61154219376689));
#14290=CARTESIAN_POINT('Ctrl Pts',(37.,-43.172965310514,6.14285469055176));
#14291=CARTESIAN_POINT('',(35.,-42.931014560163,8.91105651855469));
#14292=CARTESIAN_POINT('Origin',(35.,-40.7025935873389,8.91105651855469));
#14293=CARTESIAN_POINT('',(35.,-20.3512967936695,8.91105651855469));
#14294=CARTESIAN_POINT('',(37.,-42.931014560163,8.91105651855469));
#14295=CARTESIAN_POINT('Origin',(37.,-32.5000014528632,-2.10500359535217));
#14296=CARTESIAN_POINT('Origin',(7.,-25.0000002682209,20.));
#14297=CARTESIAN_POINT('',(7.,-25.0000002682209,20.));
#14298=CARTESIAN_POINT('',(7.,-11.0000002682209,20.));
#14299=CARTESIAN_POINT('',(7.,-42.5000001341105,20.));
#14300=CARTESIAN_POINT('',(7.,-25.0000002682209,23.));
#14301=CARTESIAN_POINT('',(7.,-25.0000002682209,20.));
#14302=CARTESIAN_POINT('',(7.,-11.0000002682209,23.));
#14303=CARTESIAN_POINT('',(7.,-25.0000002682209,23.));
#14304=CARTESIAN_POINT('',(7.,-11.0000002682209,20.));
#14305=CARTESIAN_POINT('Origin',(-7.00000000000001,-25.0000002682209,20.));
#14306=CARTESIAN_POINT('',(-7.00000000000001,-25.0000002682209,20.));
#14307=CARTESIAN_POINT('',(-18.5,-25.0000002682209,20.));
#14308=CARTESIAN_POINT('',(-7.00000000000001,-25.0000002682209,23.));
#14309=CARTESIAN_POINT('',(-7.00000000000001,-25.0000002682209,20.));
#14310=CARTESIAN_POINT('',(-7.00000000000001,-25.0000002682209,23.));
#14311=CARTESIAN_POINT('Origin',(-7.00000000000001,-11.0000002682209,20.));
#14312=CARTESIAN_POINT('',(-7.00000000000001,-11.0000002682209,20.));
#14313=CARTESIAN_POINT('',(-7.00000000000001,-35.5000001341105,20.));
#14314=CARTESIAN_POINT('',(-7.00000000000001,-11.0000002682209,23.));
#14315=CARTESIAN_POINT('',(-7.00000000000001,-11.0000002682209,20.));
#14316=CARTESIAN_POINT('',(-7.00000000000001,-11.0000002682209,23.));
#14317=CARTESIAN_POINT('Origin',(7.,-11.0000002682209,20.));
#14318=CARTESIAN_POINT('',(-11.5,-11.0000002682209,20.));
#14319=CARTESIAN_POINT('',(7.,-11.0000002682209,23.));
#14320=CARTESIAN_POINT('Origin',(-4.44089209850063E-15,-18.0000002682209,
23.));
#14321=CARTESIAN_POINT('',(3.65,-18.0000002682209,23.));
#14322=CARTESIAN_POINT('Origin',(0.,-18.0000002682209,23.));
#14323=CARTESIAN_POINT('Origin',(0.,-18.0000002682209,25.));
#14324=CARTESIAN_POINT('',(3.65,-18.0000002682209,25.));
#14325=CARTESIAN_POINT('Origin',(0.,-18.0000002682209,25.));
#14326=CARTESIAN_POINT('',(3.65,-18.0000002682209,25.));
#14327=CARTESIAN_POINT('Origin',(-25.55,-32.5,25.));
#14328=CARTESIAN_POINT('',(-12.55,-32.5,20.));
#14329=CARTESIAN_POINT('',(-25.55,-32.5,20.));
#14330=CARTESIAN_POINT('',(-27.775,-32.5,20.));
#14331=CARTESIAN_POINT('',(-12.55,-32.5,25.));
#14332=CARTESIAN_POINT('',(-12.55,-32.5,25.));
#14333=CARTESIAN_POINT('',(-25.55,-32.5,25.));
#14334=CARTESIAN_POINT('',(4.72500000000001,-32.5,25.));
#14335=CARTESIAN_POINT('',(-25.55,-32.5,25.));
#14336=CARTESIAN_POINT('Origin',(-25.55,-33.,25.));
#14337=CARTESIAN_POINT('',(-26.05,-33.,20.));
#14338=CARTESIAN_POINT('Origin',(-25.55,-33.,20.));
#14339=CARTESIAN_POINT('',(-26.05,-33.,25.));
#14340=CARTESIAN_POINT('Origin',(-25.55,-33.,25.));
#14341=CARTESIAN_POINT('',(-26.05,-33.,25.));
#14342=CARTESIAN_POINT('Origin',(-26.05,-46.,25.));
#14343=CARTESIAN_POINT('',(-26.05,-46.,20.));
#14344=CARTESIAN_POINT('',(-26.05,-53.,20.));
#14345=CARTESIAN_POINT('',(-26.05,-46.,25.));
#14346=CARTESIAN_POINT('',(-26.05,-23.,25.));
#14347=CARTESIAN_POINT('',(-26.05,-46.,25.));
#14348=CARTESIAN_POINT('Origin',(-25.55,-46.,25.));
#14349=CARTESIAN_POINT('',(-25.55,-46.5,20.));
#14350=CARTESIAN_POINT('Origin',(-25.55,-46.,20.));
#14351=CARTESIAN_POINT('',(-25.55,-46.5,25.));
#14352=CARTESIAN_POINT('Origin',(-25.55,-46.,25.));
#14353=CARTESIAN_POINT('',(-25.55,-46.5,25.));
#14354=CARTESIAN_POINT('Origin',(-12.55,-46.5,25.));
#14355=CARTESIAN_POINT('',(-12.55,-46.5,20.));
#14356=CARTESIAN_POINT('',(-21.275,-46.5,20.));
#14357=CARTESIAN_POINT('',(-12.55,-46.5,25.));
#14358=CARTESIAN_POINT('',(11.225,-46.5,25.));
#14359=CARTESIAN_POINT('',(-12.55,-46.5,25.));
#14360=CARTESIAN_POINT('Origin',(-12.55,-46.,25.));
#14361=CARTESIAN_POINT('',(-12.05,-46.,20.));
#14362=CARTESIAN_POINT('Origin',(-12.55,-46.,20.));
#14363=CARTESIAN_POINT('',(-12.05,-46.,25.));
#14364=CARTESIAN_POINT('Origin',(-12.55,-46.,25.));
#14365=CARTESIAN_POINT('',(-12.05,-46.,25.));
#14366=CARTESIAN_POINT('Origin',(-12.05,-33.,25.));
#14367=CARTESIAN_POINT('',(-12.05,-33.,20.));
#14368=CARTESIAN_POINT('',(-12.05,-46.5,20.));
#14369=CARTESIAN_POINT('',(-12.05,-33.,25.));
#14370=CARTESIAN_POINT('',(-12.05,-16.5,25.));
#14371=CARTESIAN_POINT('',(-12.05,-33.,25.));
#14372=CARTESIAN_POINT('Origin',(-12.55,-33.,25.));
#14373=CARTESIAN_POINT('Origin',(-12.55,-33.,20.));
#14374=CARTESIAN_POINT('Origin',(-12.55,-33.,25.));
#14375=CARTESIAN_POINT('Origin',(-6.50000000000001,-32.5,25.));
#14376=CARTESIAN_POINT('',(6.49999999999999,-32.5,20.));
#14377=CARTESIAN_POINT('',(-6.50000000000001,-32.5,20.));
#14378=CARTESIAN_POINT('',(-18.25,-32.5,20.));
#14379=CARTESIAN_POINT('',(6.49999999999999,-32.5,25.));
#14380=CARTESIAN_POINT('',(6.49999999999999,-32.5,25.));
#14381=CARTESIAN_POINT('',(-6.50000000000001,-32.5,25.));
#14382=CARTESIAN_POINT('',(14.25,-32.5,25.));
#14383=CARTESIAN_POINT('',(-6.50000000000001,-32.5,25.));
#14384=CARTESIAN_POINT('Origin',(-6.50000000000001,-33.,25.));
#14385=CARTESIAN_POINT('',(-7.00000000000002,-33.,20.));
#14386=CARTESIAN_POINT('Origin',(-6.50000000000001,-33.,20.));
#14387=CARTESIAN_POINT('',(-7.00000000000002,-33.,25.));
#14388=CARTESIAN_POINT('Origin',(-6.50000000000001,-33.,25.));
#14389=CARTESIAN_POINT('',(-7.00000000000002,-33.,25.));
#14390=CARTESIAN_POINT('Origin',(-7.,-46.,25.));
#14391=CARTESIAN_POINT('',(-7.,-46.,20.));
#14392=CARTESIAN_POINT('',(-7.,-53.,20.));
#14393=CARTESIAN_POINT('',(-7.,-46.,25.));
#14394=CARTESIAN_POINT('',(-7.00000000000001,-23.,25.));
#14395=CARTESIAN_POINT('',(-7.,-46.,25.));
#14396=CARTESIAN_POINT('Origin',(-6.5,-46.,25.));
#14397=CARTESIAN_POINT('',(-6.5,-46.5,20.));
#14398=CARTESIAN_POINT('Origin',(-6.5,-46.,20.));
#14399=CARTESIAN_POINT('',(-6.5,-46.5,25.));
#14400=CARTESIAN_POINT('Origin',(-6.5,-46.,25.));
#14401=CARTESIAN_POINT('',(-6.5,-46.5,25.));
#14402=CARTESIAN_POINT('Origin',(6.5,-46.5,25.));
#14403=CARTESIAN_POINT('',(6.5,-46.5,20.));
#14404=CARTESIAN_POINT('',(-11.75,-46.5,20.));
#14405=CARTESIAN_POINT('',(6.5,-46.5,25.));
#14406=CARTESIAN_POINT('',(20.75,-46.5,25.));
#14407=CARTESIAN_POINT('',(6.5,-46.5,25.));
#14408=CARTESIAN_POINT('Origin',(6.5,-46.,25.));
#14409=CARTESIAN_POINT('',(7.,-46.,20.));
#14410=CARTESIAN_POINT('Origin',(6.5,-46.,20.));
#14411=CARTESIAN_POINT('',(7.,-46.,25.));
#14412=CARTESIAN_POINT('Origin',(6.5,-46.,25.));
#14413=CARTESIAN_POINT('',(7.,-46.,25.));
#14414=CARTESIAN_POINT('Origin',(6.99999999999999,-33.,25.));
#14415=CARTESIAN_POINT('',(6.99999999999999,-33.,20.));
#14416=CARTESIAN_POINT('',(7.,-46.5,20.));
#14417=CARTESIAN_POINT('',(6.99999999999999,-33.,25.));
#14418=CARTESIAN_POINT('',(6.99999999999998,-16.5,25.));
#14419=CARTESIAN_POINT('',(6.99999999999999,-33.,25.));
#14420=CARTESIAN_POINT('Origin',(6.49999999999999,-33.,25.));
#14421=CARTESIAN_POINT('Origin',(6.49999999999999,-33.,20.));
#14422=CARTESIAN_POINT('Origin',(6.49999999999999,-33.,25.));
#14423=CARTESIAN_POINT('Origin',(12.55,-32.5,25.));
#14424=CARTESIAN_POINT('',(25.55,-32.5,20.));
#14425=CARTESIAN_POINT('',(12.55,-32.5,20.));
#14426=CARTESIAN_POINT('',(-8.72500000000002,-32.5,20.));
#14427=CARTESIAN_POINT('',(25.55,-32.5,25.));
#14428=CARTESIAN_POINT('',(25.55,-32.5,25.));
#14429=CARTESIAN_POINT('',(12.55,-32.5,25.));
#14430=CARTESIAN_POINT('',(23.775,-32.5,25.));
#14431=CARTESIAN_POINT('',(12.55,-32.5,25.));
#14432=CARTESIAN_POINT('Origin',(12.55,-33.,25.));
#14433=CARTESIAN_POINT('',(12.05,-33.,20.));
#14434=CARTESIAN_POINT('Origin',(12.55,-33.,20.));
#14435=CARTESIAN_POINT('',(12.05,-33.,25.));
#14436=CARTESIAN_POINT('Origin',(12.55,-33.,25.));
#14437=CARTESIAN_POINT('',(12.05,-33.,25.));
#14438=CARTESIAN_POINT('Origin',(12.05,-46.,25.));
#14439=CARTESIAN_POINT('',(12.05,-46.,20.));
#14440=CARTESIAN_POINT('',(12.05,-53.,20.));
#14441=CARTESIAN_POINT('',(12.05,-46.,25.));
#14442=CARTESIAN_POINT('',(12.05,-23.,25.));
#14443=CARTESIAN_POINT('',(12.05,-46.,25.));
#14444=CARTESIAN_POINT('Origin',(12.55,-46.,25.));
#14445=CARTESIAN_POINT('',(12.55,-46.5,20.));
#14446=CARTESIAN_POINT('Origin',(12.55,-46.,20.));
#14447=CARTESIAN_POINT('',(12.55,-46.5,25.));
#14448=CARTESIAN_POINT('Origin',(12.55,-46.,25.));
#14449=CARTESIAN_POINT('',(12.55,-46.5,25.));
#14450=CARTESIAN_POINT('Origin',(25.55,-46.5,25.));
#14451=CARTESIAN_POINT('',(25.55,-46.5,20.));
#14452=CARTESIAN_POINT('',(-2.225,-46.5,20.));
#14453=CARTESIAN_POINT('',(25.55,-46.5,25.));
#14454=CARTESIAN_POINT('',(30.275,-46.5,25.));
#14455=CARTESIAN_POINT('',(25.55,-46.5,25.));
#14456=CARTESIAN_POINT('Origin',(25.55,-46.,25.));
#14457=CARTESIAN_POINT('',(26.05,-46.,20.));
#14458=CARTESIAN_POINT('Origin',(25.55,-46.,20.));
#14459=CARTESIAN_POINT('',(26.05,-46.,25.));
#14460=CARTESIAN_POINT('Origin',(25.55,-46.,25.));
#14461=CARTESIAN_POINT('',(26.05,-46.,25.));
#14462=CARTESIAN_POINT('Origin',(26.05,-33.,25.));
#14463=CARTESIAN_POINT('',(26.05,-33.,20.));
#14464=CARTESIAN_POINT('',(26.05,-46.5,20.));
#14465=CARTESIAN_POINT('',(26.05,-33.,25.));
#14466=CARTESIAN_POINT('',(26.05,-16.5,25.));
#14467=CARTESIAN_POINT('',(26.05,-33.,25.));
#14468=CARTESIAN_POINT('Origin',(25.55,-33.,25.));
#14469=CARTESIAN_POINT('Origin',(25.55,-33.,20.));
#14470=CARTESIAN_POINT('Origin',(25.55,-33.,25.));
#14471=CARTESIAN_POINT('Origin',(30.,0.,20.));
#14472=CARTESIAN_POINT('',(30.,-60.,25.));
#14473=CARTESIAN_POINT('',(35.,-60.,20.));
#14474=CARTESIAN_POINT('Origin',(30.,-60.,20.));
#14475=CARTESIAN_POINT('',(35.,-5.,20.));
#14476=CARTESIAN_POINT('',(35.,0.,20.));
#14477=CARTESIAN_POINT('',(30.,-5.,25.));
#14478=CARTESIAN_POINT('Origin',(30.,-5.,20.));
#14479=CARTESIAN_POINT('',(30.,0.,25.));
#14480=CARTESIAN_POINT('Origin',(30.,-5.,-12.5));
#14481=CARTESIAN_POINT('',(35.,-5.,-25.));
#14482=CARTESIAN_POINT('',(30.,0.,-25.));
#14483=CARTESIAN_POINT('Origin',(30.,-5.,-25.));
#14484=CARTESIAN_POINT('',(30.,0.,20.));
#14485=CARTESIAN_POINT('',(30.,0.,-12.5));
#14486=CARTESIAN_POINT('Origin',(30.,-5.,20.));
#14487=CARTESIAN_POINT('',(35.,-5.,-12.5));
#14488=CARTESIAN_POINT('Origin',(30.,-5.,20.));
#14489=CARTESIAN_POINT('Origin',(30.,-5.,20.));
#14490=CARTESIAN_POINT('Origin',(35.,0.,25.));
#14491=CARTESIAN_POINT('',(-30.,-5.,25.));
#14492=CARTESIAN_POINT('',(17.5,-5.,25.));
#14493=CARTESIAN_POINT('',(-30.,-60.,25.));
#14494=CARTESIAN_POINT('',(-30.,0.,25.));
#14495=CARTESIAN_POINT('',(-35.,-60.,25.));
#14496=CARTESIAN_POINT('Origin',(17.5,-5.,20.));
#14497=CARTESIAN_POINT('',(-30.,0.,20.));
#14498=CARTESIAN_POINT('',(17.5,0.,20.));
#14499=CARTESIAN_POINT('Origin',(-30.,-5.,20.));
#14500=CARTESIAN_POINT('Origin',(4.44089209850063E-15,0.,4.44089209850063E-15));
#14501=CARTESIAN_POINT('',(-30.,0.,-25.));
#14502=CARTESIAN_POINT('',(-17.5,0.,-25.));
#14503=CARTESIAN_POINT('',(-30.,0.,12.5));
#14504=CARTESIAN_POINT('',(-21.7500000000021,0.,18.9999999999971));
#14505=CARTESIAN_POINT('',(-21.7500000000021,0.,-19.0000000000029));
#14506=CARTESIAN_POINT('',(-21.7500000000021,0.,9.49999999999857));
#14507=CARTESIAN_POINT('',(21.7499999999979,0.,-19.0000000000029));
#14508=CARTESIAN_POINT('',(-10.8750000000011,0.,-19.0000000000029));
#14509=CARTESIAN_POINT('',(21.7499999999979,0.,18.9999999999971));
#14510=CARTESIAN_POINT('',(21.7499999999979,0.,-9.50000000000143));
#14511=CARTESIAN_POINT('',(10.8749999999989,0.,18.9999999999971));
#14512=CARTESIAN_POINT('Origin',(-35.,0.,-25.));
#14513=CARTESIAN_POINT('',(35.,-60.,-25.));
#14514=CARTESIAN_POINT('',(35.,0.,-25.));
#14515=CARTESIAN_POINT('',(-35.,-60.,-25.));
#14516=CARTESIAN_POINT('',(35.,-60.,-25.));
#14517=CARTESIAN_POINT('',(-35.,-5.,-25.));
#14518=CARTESIAN_POINT('',(-35.,0.,-25.));
#14519=CARTESIAN_POINT('Origin',(-30.,-5.,-25.));
#14520=CARTESIAN_POINT('Origin',(-30.,-5.,12.5));
#14521=CARTESIAN_POINT('',(-35.,-5.,20.));
#14522=CARTESIAN_POINT('',(-35.,-5.,12.5));
#14523=CARTESIAN_POINT('Origin',(-30.,-5.,20.));
#14524=CARTESIAN_POINT('Origin',(23.9846286604685,-23.3989794855664,-21.));
#14525=CARTESIAN_POINT('',(-19.030742679063,-18.5,-20.));
#14526=CARTESIAN_POINT('',(-19.030742679063,-23.3989794855664,-16.));
#14527=CARTESIAN_POINT('Origin',(-19.030742679063,-23.3989794855664,-21.));
#14528=CARTESIAN_POINT('',(17.969257320937,-23.3989794855664,-16.));
#14529=CARTESIAN_POINT('',(23.9846286604685,-23.3989794855664,-16.));
#14530=CARTESIAN_POINT('',(17.969257320937,-18.5,-20.));
#14531=CARTESIAN_POINT('Origin',(17.969257320937,-23.3989794855664,-21.));
#14532=CARTESIAN_POINT('',(23.9846286604685,-18.5,-20.));
#14533=CARTESIAN_POINT('Origin',(-0.530742679062961,-39.2500004445468,-16.));
#14534=CARTESIAN_POINT('',(-19.030742679063,-60.,-16.));
#14535=CARTESIAN_POINT('',(-19.030742679063,-18.5,-16.));
#14536=CARTESIAN_POINT('',(-14.030742679063,-60.,-16.));
#14537=CARTESIAN_POINT('',(-30.,-60.,-16.));
#14538=CARTESIAN_POINT('',(-14.030742679063,-25.5,-16.));
#14539=CARTESIAN_POINT('',(-14.030742679063,-25.5,-16.));
#14540=CARTESIAN_POINT('',(12.969257320937,-25.5,-16.));
#14541=CARTESIAN_POINT('',(12.969257320937,-25.5,-16.));
#14542=CARTESIAN_POINT('',(12.969257320937,-60.,-16.));
#14543=CARTESIAN_POINT('',(12.969257320937,-60.0000008890936,-16.));
#14544=CARTESIAN_POINT('',(17.969257320937,-60.,-16.));
#14545=CARTESIAN_POINT('',(-30.,-60.,-16.));
#14546=CARTESIAN_POINT('',(17.969257320937,-60.,-16.));
#14547=CARTESIAN_POINT('Origin',(-19.030742679063,-18.5,-20.));
#14548=CARTESIAN_POINT('',(-19.030742679063,-60.,-20.));
#14549=CARTESIAN_POINT('',(-19.030742679063,-39.25,-20.));
#14550=CARTESIAN_POINT('',(-19.030742679063,-60.,-20.));
#14551=CARTESIAN_POINT('Origin',(12.969257320937,-25.5,-20.));
#14552=CARTESIAN_POINT('',(12.969257320937,-60.,-20.));
#14553=CARTESIAN_POINT('',(12.969257320937,-25.5,-20.));
#14554=CARTESIAN_POINT('',(12.969257320937,-42.75,-20.));
#14555=CARTESIAN_POINT('',(12.969257320937,-60.,-20.));
#14556=CARTESIAN_POINT('',(12.969257320937,-25.5,-20.));
#14557=CARTESIAN_POINT('Origin',(-14.030742679063,-25.5,-20.));
#14558=CARTESIAN_POINT('',(-14.030742679063,-25.5,-20.));
#14559=CARTESIAN_POINT('',(7.98462866046852,-25.5,-20.));
#14560=CARTESIAN_POINT('',(-14.030742679063,-25.5,-20.));
#14561=CARTESIAN_POINT('Origin',(-14.030742679063,-60.,-20.));
#14562=CARTESIAN_POINT('',(-14.030742679063,-60.,-20.));
#14563=CARTESIAN_POINT('',(-14.030742679063,-60.,-20.));
#14564=CARTESIAN_POINT('',(-14.030742679063,-60.,-20.));
#14565=CARTESIAN_POINT('Origin',(17.969257320937,-60.,-20.));
#14566=CARTESIAN_POINT('',(17.969257320937,-60.,-20.));
#14567=CARTESIAN_POINT('',(17.969257320937,-60.,-20.));
#14568=CARTESIAN_POINT('',(17.969257320937,-60.,-20.));
#14569=CARTESIAN_POINT('Origin',(30.,-60.,-20.));
#14570=CARTESIAN_POINT('',(15.,-60.,-20.));
#14571=CARTESIAN_POINT('Origin',(30.,-60.,-20.));
#14572=CARTESIAN_POINT('',(30.,-60.,-20.));
#14573=CARTESIAN_POINT('',(15.,-60.,-20.));
#14574=CARTESIAN_POINT('',(30.,-1.99999999999999,-20.));
#14575=CARTESIAN_POINT('',(30.,-60.,-20.));
#14576=CARTESIAN_POINT('',(-30.,-1.99999999999999,-20.));
#14577=CARTESIAN_POINT('',(30.,-1.99999999999999,-20.));
#14578=CARTESIAN_POINT('',(-30.,-60.,-20.));
#14579=CARTESIAN_POINT('',(-30.,-60.,-20.));
#14580=CARTESIAN_POINT('',(15.,-60.,-20.));
#14581=CARTESIAN_POINT('Origin',(-30.,-5.,20.));
#14582=CARTESIAN_POINT('Origin',(-30.,-5.,20.));
#14583=CARTESIAN_POINT('Origin',(-30.,0.,20.));
#14584=CARTESIAN_POINT('',(-35.,-60.,20.));
#14585=CARTESIAN_POINT('Origin',(-30.,-60.,20.));
#14586=CARTESIAN_POINT('',(-35.,0.,20.));
#14587=CARTESIAN_POINT('Origin',(35.,0.,-25.));
#14588=CARTESIAN_POINT('',(35.,-60.,25.));
#14589=CARTESIAN_POINT('Origin',(30.,-60.,20.));
#14590=CARTESIAN_POINT('',(30.,-60.,20.));
#14591=CARTESIAN_POINT('',(30.,-60.,10.));
#14592=CARTESIAN_POINT('',(30.,-1.99999999999999,20.));
#14593=CARTESIAN_POINT('',(30.,-60.,20.));
#14594=CARTESIAN_POINT('',(30.,-1.99999999999999,20.));
#14595=CARTESIAN_POINT('Origin',(-30.,-60.,20.));
#14596=CARTESIAN_POINT('',(-30.,-60.,20.));
#14597=CARTESIAN_POINT('',(-15.,-60.,20.));
#14598=CARTESIAN_POINT('',(-30.,-1.99999999999999,20.));
#14599=CARTESIAN_POINT('',(-30.,-60.,20.));
#14600=CARTESIAN_POINT('',(-30.,-1.99999999999999,20.));
#14601=CARTESIAN_POINT('Origin',(-30.,-60.,-20.));
#14602=CARTESIAN_POINT('',(-30.,-60.,-10.));
#14603=CARTESIAN_POINT('',(-30.,-1.99999999999999,-20.));
#14604=CARTESIAN_POINT('Origin',(0.,-1.99999999999999,-8.88178419700125E-15));
#14605=CARTESIAN_POINT('',(-21.7500000000021,-1.99999999999999,18.9999999999971));
#14606=CARTESIAN_POINT('',(-21.7500000000021,-1.99999999999999,-19.0000000000029));
#14607=CARTESIAN_POINT('',(-21.7500000000021,-1.99999999999999,9.49999999999856));
#14608=CARTESIAN_POINT('',(21.7499999999979,-1.99999999999999,18.9999999999971));
#14609=CARTESIAN_POINT('',(10.8749999999989,-1.99999999999999,18.9999999999971));
#14610=CARTESIAN_POINT('',(21.7499999999979,-1.99999999999999,-19.0000000000029));
#14611=CARTESIAN_POINT('',(21.7499999999979,-1.99999999999999,-9.50000000000144));
#14612=CARTESIAN_POINT('',(-10.8750000000011,-1.99999999999999,-19.0000000000029));
#14613=CARTESIAN_POINT('Origin',(21.7499999999979,0.,-19.0000000000029));
#14614=CARTESIAN_POINT('',(21.7499999999979,0.,18.9999999999971));
#14615=CARTESIAN_POINT('',(21.7499999999979,0.,-19.0000000000029));
#14616=CARTESIAN_POINT('Origin',(21.7499999999979,0.,18.9999999999971));
#14617=CARTESIAN_POINT('',(-21.7500000000021,0.,18.9999999999971));
#14618=CARTESIAN_POINT('Origin',(-21.7500000000021,0.,18.9999999999971));
#14619=CARTESIAN_POINT('',(-21.7500000000021,0.,-19.0000000000029));
#14620=CARTESIAN_POINT('Origin',(-21.7500000000021,0.,-19.0000000000029));
#14621=CARTESIAN_POINT('Origin',(-35.,0.,25.));
#14622=CARTESIAN_POINT('',(-35.,-60.,-25.));
#14623=CARTESIAN_POINT('Origin',(4.44089209850063E-15,-60.,4.44089209850063E-15));
#14624=UNCERTAINTY_MEASURE_WITH_UNIT(LENGTH_MEASURE(0.01),#14628,
'DISTANCE_ACCURACY_VALUE',
'Maximum model space distance between geometric entities at asserted c
onnectivities');
#14625=UNCERTAINTY_MEASURE_WITH_UNIT(LENGTH_MEASURE(0.01),#14628,
'DISTANCE_ACCURACY_VALUE',
'Maximum model space distance between geometric entities at asserted c
onnectivities');
#14626=(
GEOMETRIC_REPRESENTATION_CONTEXT(3)
GLOBAL_UNCERTAINTY_ASSIGNED_CONTEXT((#14624))
GLOBAL_UNIT_ASSIGNED_CONTEXT((#14628,#14630,#14631))
REPRESENTATION_CONTEXT('','3D')
);
#14627=(
GEOMETRIC_REPRESENTATION_CONTEXT(3)
GLOBAL_UNCERTAINTY_ASSIGNED_CONTEXT((#14625))
GLOBAL_UNIT_ASSIGNED_CONTEXT((#14628,#14630,#14631))
REPRESENTATION_CONTEXT('','3D')
);
#14628=(
LENGTH_UNIT()
NAMED_UNIT(*)
SI_UNIT(.MILLI.,.METRE.)
);
#14629=(
LENGTH_UNIT()
NAMED_UNIT(*)
SI_UNIT($,.METRE.)
);
#14630=(
NAMED_UNIT(*)
PLANE_ANGLE_UNIT()
SI_UNIT($,.RADIAN.)
);
#14631=(
NAMED_UNIT(*)
SI_UNIT($,.STERADIAN.)
SOLID_ANGLE_UNIT()
);
#14632=SHAPE_DEFINITION_REPRESENTATION(#14633,#14634);
#14633=PRODUCT_DEFINITION_SHAPE('',$,#14636);
#14634=SHAPE_REPRESENTATION('',(#7558),#14626);
#14635=PRODUCT_DEFINITION_CONTEXT('part definition',#14640,'design');
#14636=PRODUCT_DEFINITION('2026-05-29-20-53-25-292','FusionComponent',#14637,
#14635);
#14637=PRODUCT_DEFINITION_FORMATION('',$,#14642);
#14638=PRODUCT_RELATED_PRODUCT_CATEGORY('FusionComponent',
'FusionComponent',(#14642));
#14639=APPLICATION_PROTOCOL_DEFINITION('international standard',
'automotive_design',2009,#14640);
#14640=APPLICATION_CONTEXT(
'Core Data for Automotive Mechanical Design Process');
#14641=PRODUCT_CONTEXT('part definition',#14640,'mechanical');
#14642=PRODUCT('2026-05-29-20-53-25-292','FusionComponent',$,(#14641));
#14643=PRESENTATION_STYLE_ASSIGNMENT((#14644));
#14644=SURFACE_STYLE_USAGE(.BOTH.,#14645);
#14645=SURFACE_SIDE_STYLE('',(#14646));
#14646=SURFACE_STYLE_FILL_AREA(#14647);
#14647=FILL_AREA_STYLE('Steel - Satin',(#14648));
#14648=FILL_AREA_STYLE_COLOUR('Steel - Satin',#14649);
#14649=COLOUR_RGB('Steel - Satin',0.627450980392157,0.627450980392157,0.627450980392157);
ENDSEC;
END-ISO-10303-21;
